stripe_id	chr	anchor_x1	anchor_x2	span_y1	span_y2	direction_type	source	pval_ctrl	pval_mut	n_ctrl_reps	n_mut_reps	in_10kb	confidence	anchor_center	logFC	logCPM	F	PValue	FDR	significant_FDR05	significant_FDR10	direction_edgeR	direction	direction_confidence	direction_consistent	stripe_length	anchor_width	effect_category	timepoint	distance_to_tss	nearest_gene_id	nearest_gene_symbol	h3k27ac_overlap	h3k27me3_overlap	h3k4me1_overlap	anchor_type
stripe_0009	chr1	119535000	119790000	119905000	119950000	3prime	mutant_only	NA	1.14410229480178e-09	0	0	TRUE	medium	119662500	0.25065936081345	11.2593557315934	4.16988796621107	0.058189803439559	0.622255005575326	FALSE	FALSE	unchanged	gained	medium	TRUE	45000	255000	minimal	early	0	320069	3830432H09Rik	FALSE	FALSE	FALSE	Other
stripe_0017	chr10	54495000	55010000	55010000	55045000	3prime	control_only	0.56940797573343	NA	0	0	FALSE	medium	54752500	-0.317377571626588	11.0183915655841	3.47408667591914	0.0810071084882239	0.622255005575326	FALSE	FALSE	unchanged	lost	medium	TRUE	35000	515000	weak	early	418390	17155	Man1a	FALSE	FALSE	FALSE	Other
stripe_0056	chr11	116075000	116385000	116435000	116470000	3prime	control_only	6.55443669005326e-32	NA	0	0	TRUE	medium	116230000	-0.268184011416749	11.6638177580679	5.88998849044208	0.027560497936123	0.606330954594706	FALSE	FALSE	unchanged	lost	medium	TRUE	35000	310000	minimal	early	0	70450	Unc13d	TRUE	TRUE	FALSE	Promoter
stripe_0074	chr13	65990000	66305000	66305000	66360000	3prime	mutant_only	NA	2.68467465972114e-10	0	0	TRUE	medium	66147500	0.35258006130176	10.8880788577642	0.519334793802771	0.494992734996766	0.846595991067987	FALSE	FALSE	unchanged	gained	medium	TRUE	55000	315000	weak	early	0	628709	Zfp997	FALSE	FALSE	FALSE	Other
stripe_0075	chr13	84195000	85295000	85295000	85355000	3prime	mutant_only	NA	0.475465043506175	0	0	FALSE	medium	84745000	0.313349749296485	9.38792940011653	0.686936250652087	0.419542253140392	0.823101283500158	FALSE	FALSE	unchanged	gained	medium	TRUE	60000	1100000	weak	early	0	72745	Tmem161b	TRUE	FALSE	FALSE	Promoter
stripe_0091	chr14	122135000	122420000	122435000	122495000	3prime	control_only	7.31053179835875e-09	NA	1	1	TRUE	medium	122277500	-0.253459878738398	11.9093139968302	7.67579549215422	0.0137551654502389	0.437108590974257	FALSE	FALSE	unchanged	lost	medium	TRUE	60000	285000	minimal	early	0	69634	Clybl	TRUE	FALSE	FALSE	Promoter
stripe_0118	chr17	19915000	20190000	20190000	20250000	3prime	mutant_only	NA	0.852603625374088	0	0	FALSE	medium	20052500	0.260904396699684	11.0076520249583	2.78187364240013	0.115008426264304	0.622255005575326	FALSE	FALSE	unchanged	gained	medium	TRUE	60000	275000	minimal	early	0	321020	Fpr-rs6	FALSE	FALSE	FALSE	Other
stripe_0128	chr17	89590000	90435000	90435000	90495000	3prime	control_only	0.945453930555776	NA	0	1	FALSE	medium	90012500	-0.23479836269971	11.3787087892389	3.2946344549416	0.0885135563630501	0.622255005575326	FALSE	FALSE	unchanged	lost	medium	TRUE	60000	845000	minimal	early	210758	100043904	Gm4719	TRUE	FALSE	FALSE	Active_Enhancer
stripe_0136	chr18	71015000	71080000	71080000	72880000	3prime	mutant_only	NA	0.961366066496314	0	0	FALSE	medium	71047500	0.428240259131013	11.414273868172	10.3137481980125	0.00550937416381945	0.437108590974257	FALSE	FALSE	unchanged	gained	medium	TRUE	1800000	65000	weak	early	446810	17191	Mbd2	FALSE	FALSE	FALSE	Other
stripe_0179	chr3	144675000	145375000	145375000	145480000	3prime	mutant_only	NA	0.544660661984279	0	0	FALSE	medium	145025000	0.31188617327876	10.7914454026627	4.12864822661861	0.0593112095369383	0.622255005575326	FALSE	FALSE	unchanged	gained	medium	TRUE	105000	700000	weak	early	0	99709	Clca4b	TRUE	TRUE	FALSE	Promoter
stripe_0183	chr4	35530000	38680000	38680000	38745000	3prime	control_only	0.552648862698565	NA	1	1	FALSE	medium	37105000	-0.247935713249914	11.0737403962499	2.56671429466955	0.128913323056549	0.624901871087679	FALSE	FALSE	unchanged	lost	medium	TRUE	65000	3150000	minimal	early	0	242384	Lingo2	TRUE	TRUE	FALSE	Promoter
stripe_0218	chr6	59605000	60080000	60080000	60120000	3prime	control_only	0.870126574013154	NA	0	0	FALSE	medium	59842500	-0.212035496087398	11.0212639360862	2.67630433419473	0.121591218163405	0.622255005575326	FALSE	FALSE	unchanged	lost	medium	TRUE	40000	475000	minimal	early	0	434019	Gm5570	FALSE	FALSE	FALSE	Other
stripe_0230	chr7	44470000	44730000	44810000	44865000	3prime	mutant_only	NA	4.58314279687389e-05	0	0	TRUE	medium	44600000	0.201691191650461	11.3017161170579	2.99473886696058	0.102992918003987	0.622255005575326	FALSE	FALSE	unchanged	gained	medium	TRUE	55000	260000	minimal	early	0	75538	Garin5a	TRUE	TRUE	FALSE	Promoter
stripe_0247	chr7	104500000	104560000	104560000	105300000	3prime	mutant_only	NA	9.67924921432586e-12	0	0	FALSE	low	104530000	1.00048723320918	10.1566184072486	8.18139229762033	0.0114362869043986	0.437108590974257	FALSE	FALSE	unchanged	gained	medium	TRUE	740000	60000	strong	early	0	625321	Trim30e-ps1	FALSE	FALSE	FALSE	Other
stripe_0255	chr7	139025000	139310000	139455000	139500000	3prime	control_only	1.30195656008273e-08	NA	0	0	TRUE	medium	139167500	-0.230183358227965	11.4839903197514	4.91139412971933	0.0417015985643478	0.622255005575326	FALSE	FALSE	unchanged	lost	medium	TRUE	45000	285000	minimal	early	0	76612	Lrrc27	TRUE	TRUE	FALSE	Promoter
stripe_0257	chr8	20290000	20355000	20355000	21120000	3prime	mutant_only	NA	2.27991380886186e-13	0	0	FALSE	low	20322500	0.876741915131255	10.3326191578546	1.76292299011095	0.22682628186247	0.778470631155158	FALSE	FALSE	unchanged	gained	medium	TRUE	765000	65000	moderate	early	0	547150	6820431F20Rik	TRUE	TRUE	FALSE	Promoter
stripe_0258	chr8	21485000	21545000	21545000	21800000	3prime	control_only	0.176519397944066	NA	0	0	FALSE	medium	21515000	-0.310325948587181	10.9499582359793	0.229325547848397	0.648575645216594	0.906521990056679	FALSE	FALSE	unchanged	lost	medium	TRUE	255000	60000	weak	early	0	68009	Defa20	FALSE	FALSE	FALSE	Other
stripe_0263	chr8	51620000	53350000	53350000	53410000	3prime	mutant_only	NA	0.894063562719988	0	0	FALSE	medium	52485000	0.345190619210593	10.9169544981134	4.18816907650576	0.0577008900483989	0.622255005575326	FALSE	FALSE	unchanged	gained	medium	TRUE	60000	1730000	weak	early	0	330767	1190028D05Rik	TRUE	FALSE	FALSE	Promoter
stripe_0265	chr8	64535000	64810000	64920000	64965000	3prime	control_only	1.22452756810094e-10	NA	0	0	TRUE	medium	64672500	-0.303366298251649	10.4781000124753	2.85756772922289	0.110552380062796	0.622255005575326	FALSE	FALSE	unchanged	lost	medium	TRUE	45000	275000	weak	early	0	66234	Msmo1	TRUE	FALSE	FALSE	Promoter
