dmr_gene	dmr_diff	mean_asm_diff	n_asm_sites
4930455H04Rik	-0.0221542749096515	0.419621749408983	1
4931422A03Rik	-0.0156045236027517	0.833333333333333	1
9330182L06Rik	0.00921517389491822	0.556390977443609	1
A430033K04Rik	0.0375962499829573	0.659983026975935	15
A630089N07Rik	0.00892527813909472	0.88	1
AI429214	-0.0887408617893384	0.470326458600452	5
AW554918	0.0105701450315827	0.652173913043478	1
Aadat	-0.0176059441103718	0.497402563323071	16
Aamdc	0.0283653255252326	0.505166106191758	50
Abcb1b	-0.0162722784321361	0.594771241830065	1
Abcb5	-0.00785004516462284	0.459726443768997	1
Abcc12	0.0385265369711087	0.541666666666667	1
Abcc4	-0.0115605759505261	0.58235294117647	1
Abcc5	0.0170779212763248	0.8125	1
Abhd12	0.0206384822894182	0.833333333333333	1
Abhd6	0.0225641762570992	0.39	1
Abhd8	0.0949095532113965	0.370098039215686	1
Abtb2	-0.00859479798262297	0.509259259259259	1
Acbd6	0.014754568665185	0.504761904761905	2
Acer3	0.0311627840874189	0.603436690372504	118
Acot4	0.0389051312960937	0.38235294117647	1
Adam12	-0.005402471072527	0.646853146853147	1
Adam24	-0.0297883996794455	0.727564102564103	2
Adam39	-0.035614925605076	0.56046511627907	1
Adam9	0.0177198478852991	0.807692307692308	1
Adamts18	0.0235731366794045	0.504807692307692	1
Adamts3	-0.00467254508032156	0.632855454088374	11
Adcy2	-0.00431779549511335	0.394736842105263	1
Add1	0.0225591088792334	0.529411764705882	1
Add3	0.0967114447336624	0.65	1
Adgrl2	-0.00619837961795255	0.675675675675676	1
Adgrl3	-0.01506900584641	0.551939924906133	1
Adgrv1	-0.00440380305743493	0.728877444394686	2
Afap1	-0.0403214733951947	0.605664488017429	2
Aff1	0.0109000701485777	0.517582733086609	3
Afp	-0.011923705328938	0.488535537972543	3
Aga	-0.0257846629260683	0.478787503891971	10
Agap1	0.00875588427518559	0.393092105263158	1
Agbl1	-0.00211650659984508	0.530676082531632	4
Agk	0.020709710767472	0.384615384615385	1
Agpat5	0.0435547744570831	0.477453580901857	1
Agtpbp1	0.0245366861714069	0.615384615384615	1
Akap13	-0.00879509872054318	0.785714285714286	1
Akap7	0.0227539242929204	0.644736842105263	1
Akap9	0.0263616419368066	0.745977011494253	2
Alg14	0.0243821167988568	0.409056603773585	1
Alg8	0.0226335201593282	0.47221502417636	31
Alg9	0.0195574328548833	0.769230769230769	1
Alox5ap	-0.0204181899126178	0.491232521145942	25
Alpk2	-0.00834452709037137	0.494884910485933	1
Ambra1	0.0285063982979543	0.487012987012987	1
Angpt1	0.05093380525349	0.833333333333333	1
Ank	0.0496031835623806	0.341153470185728	1
Ank1	0.00623890518053505	0.51023096461693	3
Ankfn1	-0.00666935451767525	0.339031339031339	1
Ankle2	0.030724134005768	0.923076923076923	1
Ankmy2	0.0147390440815138	0.527310400736447	14
Ankrd12	0.0275534056756043	0.533333333333333	1
Ankrd17	0.0263909765925782	0.8	1
Ankrd29	-0.0134478655300868	0.575250836120401	1
Ankrd34c	-0.027231606089185	0.741758241758242	2
Ankrd44	0.00538909014230593	0.639144736842105	2
Anks1b	0.0179392172495002	0.650793650793651	1
Ano10	0.00780989914010033	0.6	1
Ano6	-0.00692486723477981	0.387065637065637	1
Antxr2	-0.00838580081293216	0.716753246753247	5
Aoah	0.00798200205386046	0.6	1
Aox1	0.014608497394193	0.419191919191919	1
Ap2a1	0.0356268047018977	0.544444444444444	1
Apc	0.0079173461733909	0.472222222222222	1
Apela	-0.0249252020150039	0.505175188480162	5
Aplp2	0.0395738779541229	0.433333333333333	1
Appbp2	0.0279155327182833	0.607655502392344	1
Aqr	0.0112295738759882	0.49718574108818	1
Arap1	-0.00839765645713797	0.51158936145304	48
Arhgap15	-0.00867452462788043	0.47253144654088	2
Arhgap24	-0.00655687958904194	0.607160807184786	57
Arhgap42	-0.00773389535641056	0.857142857142857	1
Arhgap6	-0.00817330875737055	0.789473684210526	1
Arhgef17	-0.0131024650123904	0.43071116954698	25
Arhgef33	-0.00469875904441608	0.450268817204301	1
Arhgef5	-0.0158555845150683	0.474242424242424	1
Arid1a	0.0309052814323623	0.530161106918217	7
Arid4b	0.0264888574165985	0.88562091503268	1
Arih2	0.0329328724254719	0.41304347826087	1
Arl15	0.0165833597070104	0.952380952380952	1
Armc2	0.0270370694536193	0.554292929292929	2
Arnt	0.038138823933502	0.730769230769231	1
Arnt2	-0.00780263880090859	0.588073646628594	81
Arntl	0.0366240004441621	0.513015288248731	84
Arpc1a	0.0276794284612483	0.564411915447569	5
Arpc3	0.0161621083628742	0.420016406890894	1
Arrb1	0.0357307405922518	0.532925730473802	49
Asap1	-0.0167834446712587	0.365196078431372	1
Asap2	0.0368618377951134	0.584558823529412	1
Asb15	0.0238343300418379	0.675	1
Asb3	0.029481330576846	0.52	1
Ash1l	0.0297548700899783	0.5625	1
Asic1	0.0507847768403477	0.328947368421053	1
Astn1	0.0210126383400169	0.665441176470588	1
Asxl3	-0.00842614692009036	0.72	1
Atg16l2	0.0376945390987684	0.587460373885764	20
Atg4c	0.0115937713438359	0.586750830807505	29
Atl3	0.0149779215985054	0.636363636363636	1
Atmin	0.0361372732124791	0.8	1
Atp10a	-0.00545678018772078	0.879186602870813	1
Atp1b3	0.0357503647824079	0.341880341880342	1
Atp2a2	0.0469930472226366	0.518518518518518	1
Atp2c1	0.0143687879383985	0.490022172949002	1
Atp5j2	0.0424163619417787	0.333239295272078	2
Atp6v0a4	-0.00568174998248006	0.331395348837209	1
Atp6v1b2	0.0202792140679718	0.4407185966798	13
Atp6v1e2	-0.0277563772250324	0.416878402903811	1
Atp8a1	0.0216126629133943	0.509251165501166	2
Atr	0.0135790020990595	0.977272727272727	2
Atrn	0.00943884241654058	0.440764260249554	2
Atrnl1	-0.00910716424322555	0.309113300492611	1
Atrx	0.0153652422737064	0.559027777777778	2
Atxn1	-0.0109083422720817	0.440825883354619	3
Atxn10	0.0247678992721903	0.477768090671316	1
Aunip	0.0367180062098498	0.486110654766399	14
B230118H07Rik	0.0500125031529053	0.631578947368421	1
B230307C23Rik	0.00989500615111438	0.88	1
B3galt1	-0.0259806598352583	0.726438680259819	3
B3galt5	-0.00635743517579668	0.522262622886342	9
BC067074	-0.00563185632684138	0.381578947368421	1
Bace2	-0.0110118078627656	0.469988069393104	3
Baiap2l1	-0.006122414632312	0.497254281815278	9
Bard1	-0.011811520862876	0.5625	2
Baz1a	-0.00537610033685998	0.398529411764706	2
Baz2b	0.014365960564703	0.7	1
Bbs7	0.0126593835031068	0.714646464646465	1
Bbx	0.0157690243401289	0.595238095238095	1
Bckdhb	0.0120618097688584	0.543004528436032	161
Bcl2	0.011567575927774	0.485057471264368	1
Bdp1	0.0235083039939292	0.5625	1
Bend4	-0.0062443763681872	0.393665158371041	1
Bmp2k	-0.0119724539114611	0.508359326962492	4
Bnc2	-0.00994204958238165	0.485714285714286	1
Brca2	0.0069467167039553	0.374865735767991	1
Bri3	-0.00463559228999422	0.568314739164774	40
Bri3bp	0.0313886466966905	0.465454545454545	1
Brinp1	0.0827878571632678	0.577777777777778	1
Brinp3	0.0360866763384039	0.789473684210526	1
Brip1	-0.00449087484958377	0.648148148148148	1
Bst2	-0.0436348830177061	0.318181818181818	1
Btbd10	0.0572634422392504	0.658123854790521	18
Btbd8	0.0446865277760841	0.786231884057971	1
Btc	-0.0126134782829388	0.541666666666667	1
Btrc	0.0320749797848012	0.715233785822021	2
Bysl	0.0152739338841439	0.527777777777778	1
Bzw2	0.0283698227534414	0.484076470262536	35
C130026I21Rik	-0.00471085766654877	0.47630103544141	15
C2cd2	0.0305734391871433	0.636363636363636	1
C2cd3	0.0235808272604088	0.532196894654875	116
C530008M17Rik	-0.0214807430487723	0.458756143967021	3
C77080	0.0755854669943801	0.626755651755652	2
Caap1	0.0176373947054407	0.672463768115942	1
Cables1	-0.00920728220921041	0.659090909090909	1
Cachd1	-0.016884947104931	0.723529411764706	1
Cacna1b	-0.020218117384863	0.764705882352941	1
Cacna1d	0.00687921525481405	0.543956043956044	1
Cacna1e	-0.0142530392624133	0.544642857142857	2
Cacna2d1	0.0279304168716006	0.717948717948718	1
Cacnb2	0.00872899076828193	0.635984848484848	2
Caln1	0.1067487923351	0.558217020876794	50
Camk1d	0.0133777566128154	0.383332521006665	4
Camk4	-0.0047688677537171	0.418452380952381	2
Camkmt	-0.00581951421956728	0.538461538461538	1
Camta1	-0.00326400394819759	0.44813829787234	1
Canx	0.0320107416634337	0.529411764705882	1
Cap2	0.0135426919264944	0.621212121212121	2
Capsl	-0.0149512297008538	0.6875	1
Casc3	0.0505022547853532	0.404761904761905	1
Casq2	-0.00789082165828181	0.772727272727273	1
Cast	-0.00645606296402135	0.666666666666667	1
Cblb	0.0538419879138967	0.696078431372549	1
Cbr3	-0.0317147906046659	0.739061302681992	3
Cc2d2b	-0.0125001802719198	0.730994152046784	1
Ccdc141	-0.00600960708301546	0.670634920634921	1
Ccdc146	-0.00901437969271102	0.454212454212454	1
Ccdc63	0.0243654847193696	0.675	1
Ccdc81	0.0224460227978565	0.435878719825945	8
Ccdc90b	0.0287854969403805	0.643617724867725	5
Ccnd3	-0.0124597277066945	0.478219696969697	1
Ccnf	0.0130630223193516	0.58	1
Ccnq	0.0679723613423291	0.764705882352941	1
Ccser1	0.0154394765008753	0.833333333333333	1
Cd274	-0.0129370731024013	0.563492063492063	1
Cd47	0.0658957006494046	0.363941769316909	1
Cd52	-0.0152990488267539	0.511942653075376	4
Cdc20b	-0.0256526986846698	0.343406593406593	1
Cdc7	0.0308245825460228	0.336228287841191	1
Cdh13	-0.00231928337767529	0.481911063645079	5
Cdh18	0.0324361745465505	0.533333333333333	1
Cdh2	0.00463860666050742	0.43921568627451	1
Cdh8	0.0851710967214157	0.941176470588235	1
Cdk5rap2	0.00792489234737492	0.384159502829716	3
Cdk8	0.0316052053564752	0.503664037469047	5
Cdv3	0.0267733433831201	0.455445544554455	1
Celf2	0.0189656589635553	0.709615384615385	2
Cep112	-0.00681666735173503	0.585714285714286	1
Cep128	0.0137870797489106	0.510360513593066	12
Cep295	0.00908223346260772	0.516835016835017	1
Cep350	0.0166294548369627	0.518610421836228	1
Cep44	-0.0192425060584764	0.4839782002009	24
Cep85	0.0117437392483937	0.71670885474047	23
Cep95	0.0449982766797731	0.736842105263158	1
Cers1	-0.0355195668613794	0.353125	2
Cfap299	-0.00456997831201378	0.579506393093313	65
Cfap52	-0.0096150996851726	0.866666666666667	1
Cfap54	-0.00389168388067085	0.8	1
Cfc1	-0.0596379212157022	0.538461538461538	1
Chaf1b	-0.00755679923231078	0.469346443030654	2
Chek2	-0.0150900919697239	0.522066752658525	3
Chfr	0.0209262316025213	0.560897435897436	1
Chil3	0.0228222341195451	0.501358695652174	1
Chl1	0.0576023955145132	0.516934046345811	1
Chm	0.0138204369811153	0.635432135432135	2
Chst11	0.0314203733354266	0.607142857142857	1
Chst9	-0.00506050717704742	0.713692799302485	28
Ciapin1	0.02745982667741	0.725563909774436	1
Cilk1	0.0200714441168517	0.579960956290005	3
Cit	-0.00887784592704233	0.375555555555555	1
Clcn3	0.0614866573860672	0.495143643086669	7
Cldn14	-0.00904528376619262	0.433949036674243	9
Clip1	0.0225429772395294	0.320366132723112	1
Clip4	-0.013523271579482	0.580128205128205	1
Clns1a	0.0590731241523259	0.574120406241283	27
Clpb	0.0118629363261745	0.525778749535958	55
Clstn1	0.00962982112504918	0.696141414141414	5
Cmah	-0.005277894169886	0.897435897435897	1
Cmip	-0.0349180403301087	0.35725677830941	1
Cmtm8	-0.00870778576185338	0.703703703703704	1
Cnn3	-0.0110075284969334	0.335497835497836	1
Cntnap2	0.0236244532788065	0.689473684210526	1
Cntnap5a	-0.00481059400944917	0.811982169876907	3
Coa4	0.0415480608775995	0.34261765172775	5
Coa7	0.0373552069684499	0.511904761904762	1
Coil	0.0121168893935653	0.557142857142857	1
Col12a1	0.00489358549603358	0.610942590833441	21
Col16a1	-0.016380607922007	0.588301447434574	2
Col23a1	-0.00793369079975736	0.346551724137931	1
Col26a1	-0.00537208762463426	0.571428571428571	1
Col27a1	-0.0140984034360891	0.414772727272727	1
Col4a3	-0.00751078031033536	0.625131625131625	2
Col6a3	-0.0133251793220338	0.676491101491101	9
Col6a6	-0.0119139349782179	0.546206896551724	1
Copb1	0.0371975906521567	0.609951157193141	35
Cops4	0.0225609067753468	1	1
Cops8	0.0186872685110826	0.382905982905983	1
Coq2	0.0145628031572441	0.478048993090706	8
Coro1c	-0.0181695019353347	0.723809523809524	1
Coro2a	0.0505590346121242	0.370209877212869	4
Cpa6	-0.00380369343310583	0.928571428571429	1
Cpe	0.023455697395078	0.520003551059413	37
Cped1	-0.00423856121875443	0.623794045600151	2
Cplx1	-0.0624124920506551	0.718253968253968	2
Cpne3	0.0279924706937704	0.38235294117647	1
Cpsf4	0.0205143230459476	0.618541322275338	5
Cpt1a	-0.0121827767011924	0.636363636363636	1
Creb5	0.00255829237204874	0.619154655685198	2
Crlf1	-0.0662664106428997	0.490180183915671	4
Crlf2	0.0364769318653524	0.312698412698413	1
Crocc2	-0.0117866676163499	0.5375	1
Crtac1	-0.00677116322118376	0.601973684210526	1
Crtc1	0.0431189586378894	0.452112662953624	8
Crybg3	-0.00590204560476448	0.359605911330049	1
Cryl1	-0.00996992467544411	0.607287449392713	1
Cryz	-0.0167981777233572	0.383196721311475	1
Cse1l	0.0322428349879756	0.595238095238095	1
Csgalnact1	-0.0274672742906076	0.629732948522223	291
Csmd1	-0.0217603486714035	0.680682502288676	41
Csmd2	-0.0545640392960414	0.484848484848485	1
Cspp1	0.0107925342599039	0.516521279407877	1
Ctnna2	0.0112735044384841	0.681818181818182	1
Ctnna3	0.0182608098995174	0.643662972435351	3
Ctsc	-0.00992447771094507	0.483020473334286	8
Ctsh	-0.0158976701715505	0.456962028846087	6
Cutc	0.0152352991284629	0.568627450980392	1
Cwh43	-0.00804162023454014	0.373529411764706	1
Cyb5b	0.0332576197452921	0.498287651055206	4
Cyb5r4	0.029326723752635	0.535624181527394	41
Cyfip2	0.031280087019722	0.551587301587302	1
Cyp3a16	-0.0163219959378524	0.498703255808519	5
D10Wsu102e	0.00707230259712754	0.563492063492063	1
D130043K22Rik	-0.0126404869395402	0.423963133640553	1
D2hgdh	0.0245316637738137	0.53116826089879	3
D430042O09Rik	-0.0289127517060014	0.80952380952381	1
D5Ertd579e	0.0478934604944343	0.452380952380952	1
Dab1	0.0142048911345548	0.641935483870968	1
Dach2	-0.00880635034674448	0.67750496163711	20
Dcaf10	0.0106054058841994	0.400208986415883	1
Dctd	-0.0259815898703533	0.515923396249772	29
Dctn6	0.0236550467127452	0.479736474959072	15
Dcun1d4	0.00746797587970549	0.424413528553514	5
Dcun1d5	0.0151678281665016	0.518518518518518	1
Ddias	0.0235001001595205	0.608778566869583	33
Ddx10	0.0117041845713558	0.75	1
Ddx19a	0.0260996327120042	0.457627118644068	1
Ddx60	-0.010803327552006	0.598711636280255	35
Dennd1b	0.0153282005040617	0.678321678321678	1
Dennd2c	-0.00857948802684028	0.909090909090909	1
Dennd4a	0.00610466458750969	0.518382352941177	1
Depdc1b	-0.0106348492057016	0.555844155844156	1
Dgkb	0.0195784037958071	0.645868613834162	103
Dgkg	0.0442067034503876	0.6	1
Dgki	-0.0138650563596591	0.590909090909091	1
Dhdds	0.0201981188285956	0.502993290268364	6
Diaph2	0.0248032450073667	0.666666666666667	1
Diaph3	0.00221424834374473	0.483660130718954	1
Dio2	0.056943757068593	0.428515102913659	2
Dipk1a	0.0553325107026453	0.477053140096618	2
Dipk2a	0.0820425014555053	0.399038461538462	1
Dlc1	-0.0237830186261044	0.553368134996617	594
Dlg2	0.0248353485735461	0.588221730088626	598
Dlgap2	-0.00990314375371859	0.916666666666667	1
Dmd	0.00384555354422533	0.541071428571429	2
Dnah10	0.0057235186614979	0.404712279273683	3
Dnah14	-0.00398970123932763	0.521994134897361	1
Dnah6	-0.00479782881711999	0.501971261447897	39
Dnajb13	-0.0234548538711508	0.590277777777778	1
Dnajb6	0.0366027092709097	0.55	1
Dnajc13	0.0193393015476629	0.431707317073171	1
Dnajc25	0.0341869314592944	0.492082694717098	13
Dnajc27	0.016231883306685	0.523809523809524	1
Dnm3	0.00652252826233835	0.690951821386604	1
Dock1	-0.0149521041645696	0.45	1
Dock2	-0.00886637608353014	0.429381389034774	7
Dock4	0.0369446543947014	0.512981447921352	72
Dock7	0.0151391236784737	0.567226890756303	1
Dok5	0.0144699437255335	0.583333333333333	1
Dok6	-0.00677308501069229	0.8	1
Dop1a	0.029265217625798	0.572870879120879	2
Dpyd	-0.00327026513031647	1	1
Dpys	0.0473289103157158	0.411382113821138	1
Dqx1	0.0272087912196377	0.364285714285714	1
Drc3	0.00953449733948675	0.569230769230769	1
Dscam	-0.0191079207602829	0.524684343434343	3
Dscaml1	0.0453938487204033	0.473615756224452	2
Dtd1	0.0151065082026099	0.703703703703704	1
Dtymk	0.0258861221374916	0.680555555555556	1
Dusp4	0.0246720984632575	0.353260869565217	1
Dym	0.0212580167526788	0.647058823529412	1
Dync1i2	0.0151766333472257	0.456349206349206	1
Dync2h1	0.00848145529158573	0.541666666666667	1
Dynlrb1	0.0708988063850706	0.578947368421053	1
Dyrk1a	0.0227268436651856	0.406926406926407	1
Echdc1	0.0231546701814446	0.44	1
Ecpas	0.032432681030698	0.546610440299126	46
Edc3	0.0392582610549185	0.4375	1
Eed	0.0396405141579977	0.473178277244994	6
Eif2a	0.02673375859838	0.769230769230769	1
Eif2ak1	0.0139386150971114	0.430573651398379	5
Eif3b	0.0202407007245315	0.588235294117647	1
Eif3i	0.0167991649691663	0.477670214481535	5
Eif4b	0.0286481451311482	0.322303921568627	1
Elavl2	-0.0203946671978468	0.540540540540541	1
Elk3	0.0397989037732412	0.309535951045385	1
Ell	0.0176135468926675	0.612185771744595	5
Elmo1	0.0332020141233038	0.678669043374926	2
Elovl4	0.0469094393075852	0.564233664399774	17
Elovl5	0.0312087294084424	0.524154754378439	5
Emcn	0.0409062188478198	0.555555555555556	1
Emsy	0.0375428244503516	0.512377826851805	38
Enoph1	0.0427558256707458	0.449935724261693	7
Enox1	-0.0171686940218709	0.665639445300462	1
Enpp6	-0.013641975356117	0.507154925621413	14
Ep400	0.0197522333422099	0.796551724137931	1
Epb41l2	-0.0150971485032101	0.708333333333333	2
Epb41l3	0.0405092768047354	0.593984962406015	1
Epha3	0.096312037987927	0.654040404040404	2
Epha4	-0.0249483789782599	0.833333333333333	1
Epha5	-0.0272551557895697	0.478053931700647	8
Epha6	-0.00403703094452057	0.77928607340372	2
Epha7	0.0422928978117008	0.616666666666667	1
Ephb1	-0.0221115367643608	0.473809523809524	1
Ephb4	-0.0180371849647809	0.465787579227069	10
Erbb4	0.0189799195648938	0.911764705882353	2
Erc1	0.0261903868676604	0.615384615384615	1
Erc2	-0.0105285335926012	0.561401098901099	2
Ercc5	0.0172982721719636	0.339160839160839	1
Eri1	-0.0254918345463402	0.512096983829476	30
Erp44	0.0165710973312473	0.888888888888889	1
Esco1	0.0538925965017983	0.484848484848485	1
Esf1	0.0143229896613282	0.9	1
Esr1	-0.00546534655192021	0.387096774193548	1
Esrrg	0.00808387677710765	0.500741936979169	3
Etfdh	0.0126803559863516	0.433048433048433	1
Ets1	-0.0100831563823678	0.433035714285714	1
Ets2	0.0302861390111474	0.454545454545454	1
Evi5	0.016665355325331	0.368634979958303	3
Evl	-0.0160575155982341	0.659420289855073	1
Exoc3	0.0203080891905313	0.5	1
Exoc4	0.0224965902376667	0.826086956521739	1
Ext1	0.0600504566250591	0.436011904761905	2
Ext2	0.0225954839694693	0.541218585336232	2
Extl1	-0.0133351959556167	0.465389633342974	5
Eya3	0.0204539735439992	0.556205831899235	7
F830045P16Rik	0.0125287796650364	0.483516483516484	1
Faf1	0.0134655637963703	1	1
Fam126b	0.0517008903170845	0.492063492063492	1
Fam135a	0.0431363463755113	0.736572890025575	1
Fam13c	0.0257962088724215	0.50997150997151	1
Fam160a2	0.0283692097766691	0.462962962962963	1
Fam168a	0.0198113758640561	0.534040880468143	96
Fam185a	0.0146576104377142	0.705882352941177	1
Fam210a	0.0669919978390477	0.466666666666667	1
Fam49a	-0.0158542065827254	0.390168970814132	1
Fam53a	0.0404571716122161	0.490196078431372	1
Fam76a	0.0207162339823906	0.595429492898673	7
Far1	0.0442714244896829	0.531054718468006	19
Fars2	0.0128025422874154	0.634817813765182	2
Farsb	0.0152128002806975	0.591596638655462	1
Fat3	-0.0438859892094303	0.321946169772257	1
Fbxl17	0.00657172215792179	0.400744416873449	1
Fbxl7	-0.00670813823072247	0.8125	1
Fbxo34	0.010360611653419	0.352165256346441	1
Fbxo8	0.0330365855802539	0.416703802733215	2
Fbxw7	0.0318727442106921	0.500461932594743	6
Fchsd2	0.0243653299985074	0.56724136941128	66
Fer	0.0272557716055867	0.681818181818182	1
Fgd5	-0.0163592060987906	0.365546218487395	1
Fgd6	0.00646050360724959	0.611111111111111	1
Fgf14	0.0374067712965627	0.486842105263158	1
Fgf5	0.0146691349583118	0.542374842732896	5
Fgfr2	0.0109067533701056	0.567236467236467	3
Fgl1	-0.0345544687367975	0.57926793986571	36
Fhit	-0.00195678349934769	0.561904761904762	1
Filip1	-0.00585052344354697	0.495625130265846	7
Filip1l	0.00402750576585498	0.311755952380952	1
Fip1l1	0.0231050887044779	0.337636544190665	1
Flt1	-0.0121708991055576	0.515868168855258	46
Flt3	-0.00906194031990559	0.49625479019889	7
Foxk1	0.0329731681797626	0.71	1
Foxn2	0.122230804570348	0.319148936170213	1
Foxn3	0.0115187482663182	0.550485182271178	3
Foxp2	-0.00594180533470379	0.524705882352941	1
Fras1	-0.00665275185346026	0.469133199202752	48
Frmd4a	-0.0124945672516309	0.501150683598501	2
Frmpd1	-0.0219933689568245	0.722222222222222	1
Frmpd4	-0.00863848880299245	0.798072050404708	6
Fry	0.0302398497206107	0.503384164354795	169
Fryl	0.00484616331628862	0.473860463942543	3
Fstl5	0.0205410805577478	0.588888888888889	1
Fuca1	0.0193736048726392	1	1
Fut10	0.0220495877598353	0.469770991038675	71
Fxr2	0.0312166802958725	0.535714285714286	2
Gab1	-0.0119427783815551	0.625	1
Gabpb1	0.0205791031076765	0.348387096774194	1
Gabra2	-0.00784084135753282	0.401206636500754	1
Gabrb1	0.0109654043070907	0.722222222222222	2
Gadl1	-0.00620503209658863	0.53421052631579	1
Galnt11	0.0214994695769705	0.586206896551724	1
Galnt17	0.0445118121734769	0.574200125831757	138
Galnt18	0.0153573756643389	0.496727465687063	21
Galnt2	0.0475697182086682	0.551724137931034	1
Galnt2l	0.00693346149015639	0.560516233111514	3
Galnt3	-0.0160207438142904	0.589473684210526	1
Galnt5	0.0111909257047752	0.888888888888889	1
Galnt9	0.0438503417442397	0.601136363636364	2
Galntl6	0.0138976893019667	0.599512259337132	190
Gapvd1	0.0200837520992623	0.592105263157895	1
Gatd1	0.053156272477023	0.739130434782609	1
Gba	0.027499855887703	0.716666666666667	1
Gbp3	-0.022112152503281	0.888888888888889	1
Gclc	0.0291474399508614	0.390348228663446	2
Gda	-0.00792818906175152	0.497142857142857	1
Gdf15	-0.0438927558719879	0.462895141078503	2
Gdpd4	0.00822517707867498	0.620026564958768	120
Gdpd5	-0.0152882104838936	0.526266845216057	61
Gfod2	0.0182434558317446	0.4	1
Gfpt1	0.0193618114854859	0.505681818181818	1
Gfra1	-0.0109007935225678	0.485714285714286	1
Gli3	-0.0120548778826226	0.886039886039886	2
Glmn	0.016375306709701	0.599358974358974	2
Glra3	-0.00668467909612491	0.539186598399198	23
Glrb	0.0199642714177404	0.333020637898687	1
Gm10033	0.0438399369648582	0.577744714815653	9
Gm14569	-0.0115098706801255	0.406882591093117	1
Gm19410	-0.0291485597380693	0.578027161698644	105
Gm20498	0.00886976448167109	0.44280303030303	2
Gm20503	0.0408223483242243	0.558756552709304	18
Gm26992	-0.00986560360468969	0.426373626373626	2
Gm37013	0.00599313585346406	0.619047619047619	1
Gm37240	0.0180650159470852	0.551557631312838	9
Gm37388	0.00582221728836441	0.619047619047619	1
Gm42416	0.00638126125951288	0.619047619047619	1
Gm42669	0.0243930612330802	0.668560606060606	2
Gm42791	0.0092932480514003	0.481525661062524	51
Gm42906	-0.00942558089715462	0.66066008833726	4
Gm45062	0.0270815967130513	0.764705882352941	1
Gm45140	0.047384711755085	0.535714285714286	1
Gm45194	-0.0101404734108861	0.6125	1
Gm45692	0.0263687731335558	0.498354651214047	7
Gm45837	-0.0194458277125248	0.479672186604438	54
Gm49337	0.0251953115661145	0.384795321637427	1
Gm49450	0.0268226479334779	0.570175438596491	1
Gm5127	-0.00789217576540691	0.671703016684868	6
Gm5134	0.018779273524291	0.502487096237096	2
Gm9732	-0.0134606225645209	0.436842105263158	1
Gmcl1	0.0291812388237449	0.73469387755102	1
Gmds	0.00535530839940046	0.857142857142857	1
Gmip	-0.0323551110250331	0.515629564279001	6
Gnai1	0.0949129776916535	0.509259259259259	1
Gnaq	0.00565415649721157	0.317738791423002	1
Gnb1	0.0249219752783667	0.727272727272727	1
Gng10	0.0222242587521638	0.735690235690236	3
Golga3	0.020677966701433	0.461181041181041	3
Golgb1	0.0404226993034247	0.736842105263158	1
Gpatch8	0.0340421074203636	0.722222222222222	1
Gpc6	-0.00514334470631816	0.62713768115942	2
Gpkow	0.0305186783164074	0.65	1
Gpm6a	-0.0197668872808078	0.379084967320261	1
Gpx8	-0.0582241204189268	0.343406593406593	1
Gramd1b	0.0785315494832169	0.563157894736842	1
Gria1	-0.0118013302962764	0.769230769230769	1
Gria3	-0.0071809730805058	0.562776304155614	2
Gria4	-0.0273140854782101	0.619047619047619	1
Grid2	0.00602604385466898	0.581914590171544	40
Grk3	0.0714971988682866	0.465034965034965	1
Grk4	-0.0121271997839302	0.529100529100529	1
Grm1	0.0368707545121875	0.65	1
Grm7	-0.0048420613868233	0.571222828312612	3
Grm8	-0.00416228212360936	0.677961239321688	2
Grrp1	-0.0754108591226003	0.356499356499356	1
Gspt1	0.0286326967567646	0.529411764705882	1
Gsr	0.0293190212437034	0.428608048428196	66
Gtf2a1	0.0311735230274537	0.580373673945103	7
Gtf2e2	0.0249891043574314	0.566476517704139	10
Gtf3a	0.0218425990878489	0.390777297602855	5
Gtf3c3	0.0206542936297993	0.524436090225564	3
Gxylt2	-0.00703416273193913	0.635416666666667	2
Hacd3	0.0231727105524759	0.623529411764706	1
Hapln4	-0.0436773041907595	0.37123075249414	4
Hcn1	0.0241005801893061	0.47962962962963	1
Hdac8	-0.00326522293793496	0.531772575250836	1
Hdac9	-0.00447531557218039	0.591695907933712	262
Hdlbp	0.0197399836105023	0.904375	2
Heatr5a	-0.00851466725580519	0.39009009009009	1
Hecw2	0.0106224850666597	0.6875	1
Herc1	0.0360214769992169	0.575757575757576	1
Herc2	0.0123312931504729	0.857142857142857	1
Herc3	0.043233489766802	0.564102564102564	1
Hexb	-0.0120591066061025	0.577870515627894	2
Hikeshi	0.0326348291749312	0.655988061897771	4
Hip1	-0.00658244409486264	0.519230769230769	1
Hlcs	0.014714581553698	0.557362637362637	2
Hmgb2	0.0409541687471211	0.669565217391304	1
Hmgn1	0.0622543782329715	0.549718574108818	1
Hmgn3	0.0187872885709638	0.544116039892668	30
Homer1	0.0534954567597763	0.823529411764706	1
Hook3	0.00760496436286728	0.426073131955485	1
Hps3	0.0068672701841902	0.861111111111111	1
Hpse	0.0107423753754218	0.424136028580473	3
Hrh1	-0.0165425532523297	0.578817733990148	1
Hs6st3	0.0181827706367668	0.331116038433112	1
Hsd11b1	0.00921408855104866	0.467236467236467	1
Hsd17b13	-0.014423567962948	0.554187192118227	1
Hsdl2	0.020754063092865	0.596541394335512	2
Hsp90ab1	0.0257655111896545	0.335661464140293	4
Hspbap1	0.0163953624327273	0.730847953216374	2
Htr1d	-0.0138039545525819	0.583333333333333	1
Ibtk	0.0205910181175003	0.410457516339869	1
Ifrd1	0.0194208668797873	0.577777777777778	1
Ift140	0.0105933313612756	0.417582417582418	1
Ift46	0.0134563058350605	0.455555555555555	1
Ift81	0.0275208200386501	0.462443806193806	3
Igf1r	0.0190096235877675	0.369747899159664	1
Ikzf2	0.00429259874605681	0.518134407964916	2
Il16	0.0690017153425211	0.570142721427796	15
Il1rapl1	0.0312117249676287	0.622682578220485	3
Ilf2	0.0400954558205038	0.619883040935672	1
Immp1l	0.0492247846390952	0.8	1
Immp2l	0.00307721695073992	0.632419502320688	211
Impg1	-0.0124237983006248	0.553737022015008	96
Inpp1	0.0658081361788183	0.523809523809524	1
Inpp4b	-0.00621367948396367	0.625	1
Insyn2b	-0.00858813842262274	0.6875	1
Ints10	0.0129864005113177	0.501598631267469	43
Ints4	0.0282834823433255	0.533637445292334	77
Ipo9	0.00992671171083448	0.512727272727273	1
Iqschfp	0.00794354704728328	0.944444444444444	1
Irak1bp1	0.0242152939541826	0.507442771080497	12
Isy1	0.0267200850041102	0.535714285714286	1
Itfg1	0.0152497561741827	0.894736842105263	1
Itgad	-0.00927851943334856	0.444444444444444	1
Itgbl1	0.0043728772885343	0.702564102564103	1
Jak1	0.0280726752469861	0.517857142857143	1
Jak3	-0.0827174340749553	0.533189890179803	3
Jaml	0.0234160898072622	0.421052631578947	1
Jarid2	0.0551961197013426	0.395667954572064	1
Jhy	-0.0221435341586741	0.30188679245283	1
Jph1	0.10751476880553	0.619047619047619	1
Kalrn	-0.0123233280959159	0.909090909090909	1
Kank1	-0.0096830888061955	0.434294871794872	1
Kank4	-0.00649473747883367	0.592474222152161	16
Kat6a	0.0401744318406395	0.409722222222222	1
Kat6b	0.0251803723081603	0.522405660377358	1
Katnal1	0.0073747586420575	0.480401463484715	9
Kcnab1	0.0659912724020263	0.589285714285714	1
Kcnb1	-0.03400518070673	0.484090909090909	1
Kcnd2	0.052333176103553	0.6	1
Kcnh5	-0.0116183678943605	0.473807572552743	2
Kcnip4	0.0413041054596456	0.632575757575758	2
Kcnj6	0.0116701885787449	0.482020467014844	34
Kcnq1	-0.0189508934441878	0.797979797979798	1
Kcnq5	-0.00263252918324886	0.820158102766798	2
Kcnt2	-0.00425058217655283	0.8	2
Kctd1	-0.00889659302520618	0.523127404456823	78
Kctd14	-0.0169614299050865	0.637005047797731	5
Kctd21	0.0351972250718398	0.438859571665778	13
Kctd3	0.0118574974769754	0.560606060606061	1
Kdf1	0.0165189277166219	0.638501776001776	4
Kdm4c	0.0311189205815238	0.410859293212234	2
Kdr	-0.0149478794273332	0.474358974358974	1
Khdrbs2	-0.00532192454011027	0.724213551119177	2
Kif2a	0.0260917886418501	0.555944055944056	1
Kif4	-0.00732297641465118	0.489473684210526	1
Kif5c	0.0319206865337612	0.563025210084034	1
Kif9	-0.00942686275032623	0.928571428571429	1
Kitl	-0.0110398774503639	0.567692307692308	1
Klhl2	0.0183765595036045	0.370713196033562	2
Klhl26	0.0256751765764854	0.48388670531893	5
Klhl31	0.0141091505429135	0.436149267399267	3
Klhl32	0.00476706752844158	0.714285714285714	1
Klhl33	0.0899943838182167	0.676470588235294	1
Klhl35	-0.0262728821637214	0.352649975739179	4
Klhl8	0.0120265313607582	0.434013048848789	3
Kmt2a	0.0345374524533588	0.357926221335992	1
Kpna1	0.0387412412069462	0.412987012987013	1
Kpna6	0.0321765823113292	0.503333333333333	2
Krit1	0.0176785295029799	0.6125	1
Krt80	-0.025500420053419	0.414646464646465	1
Krt87	-0.0213309531153827	0.777555912921767	4
Ksr2	-0.0209889586911038	0.381332533013205	3
Kxd1	0.0276346908185935	0.57516339869281	2
Kyat3	-0.00833045011428712	0.653209109730849	1
Lama2	-0.00418715286450111	0.430672268907563	1
Lamb3	0.0329149367253684	0.467236467236467	1
Lamtor1	0.018117230657131	0.550893480799424	10
Lancl2	0.0204736655426142	0.593984962406015	1
Lars2	0.0162123692849763	0.68421052631579	1
Lca5	0.0432418254955191	0.503918596114194	18
Lca5l	0.0454973783315715	0.675900793137635	5
Ldlrad4	0.0659254524540464	0.533176302969023	2
Lemd3	0.0640040724083687	0.4375	1
Leprotl1	0.0179164730647373	0.37146045037885	6
Lgr5	-0.0211923292597466	0.79539641943734	1
Lgr6	-0.02585890977322	0.464285714285714	1
Lig4	0.0168092989720348	0.809437386569873	1
Limk2	0.0283348809266174	0.461538461538462	1
Lin28a	-0.0337772697739039	0.525224033922014	4
Lin54	0.00864700094823623	0.335470085470085	1
Lin7a	0.0416636815974202	0.648933531746032	2
Lingo2	-0.00158707031633942	0.358716361038342	2
Lipc	0.023417035608262	0.952380952380952	1
Lmntd1	0.00290291073151716	0.704878048780488	1
Lmo7	-0.00959644313711516	0.405882352941177	1
Lnpep	0.0745177051719574	0.625	1
Lnx2	0.0847680675843265	0.425181242085077	14
Lonrf1	0.0245646494356598	0.437739982993726	39
Lpar1	-0.0119420015868409	0.515334216574661	19
Lpar2	-0.0322886030566727	0.516462783959022	7
Lpcat2	-0.00646166581080232	0.766233766233766	1
Lpl	-0.0325221061031479	0.511988675742505	23
Lpp	0.0851325175537252	0.638137341585617	3
Lrch1	-0.0147096625524813	0.656976744186046	1
Lrch3	0.0105810546861012	0.6	1
Lrfn5	-0.00613835353114278	0.568253968253968	2
Lrguk	-0.00872310359639983	0.476190476190476	1
Lrp1b	-0.0017738489775786	0.439693007999758	15
Lrrc1	-0.00789527714600524	0.474876804165465	5
Lrrc49	0.0984106577060959	0.551712992889463	3
Lrrfip1	-0.018299619409589	0.486233124491906	18
Lrrn3	0.0309548347643218	0.526163310871611	3
Lsamp	0.0376385835396502	0.777777777777778	2
Ltbp1	-0.00913903180069187	0.764241486068111	3
Lurap1l	0.0123115831894836	0.447204968944099	1
Luzp2	-0.0122572526346686	0.818181818181818	1
Macrod2	0.0234007007719238	0.780704898446834	3
Magi1	0.0290424295289147	0.476190476190476	1
Magi2	0.0101040245816237	0.46598841149363	2
Mak16	0.039037280924421	0.43258705095495	10
Mamdc2	0.0137046170281852	0.5	1
Maml3	0.0796891491724255	0.465384615384615	1
Man1a	-0.00532471888136998	0.974358974358974	1
Man1c1	0.0448832770125272	0.547619047619048	1
Map1s	0.039051855879909	0.801136363636364	2
Map2	0.0142481332921303	0.744444444444444	1
Map2k1	0.0163110712901873	0.373809523809524	1
Map2k4	0.0333301150769696	0.764705882352941	1
Map3k2	0.0409879205497159	0.642857142857143	2
Map3k6	-0.0268754070826828	0.6875	1
Map4k3	0.0700060731614279	0.669047619047619	2
Map6	0.0145351602563993	0.455480580887292	58
Mapk10	0.0370645118452722	0.659064705277407	7
Marchf1	-0.0170930229891684	0.628973479386597	238
Marchf3	0.0393382304167558	0.412698412698413	1
Marchf4	-0.00506155684703868	0.473684210526316	1
Mark3	0.0233674959426337	0.538181818181818	1
Mast2	0.0141986098793732	0.732142857142857	1
Mast4	-0.00895175570532114	0.366666666666667	1
Mau2	0.0256748800823557	0.592282931831586	16
Mboat4	-0.0378432938243144	0.459949659570364	19
Mcph1	-0.015653419988887	0.577702702702703	1
Mdn1	0.0111822225415502	0.755555555555556	1
Me3	0.0494015433251859	0.561131930641292	153
Meaf6	0.020206623663183	0.714285714285714	1
Med1	0.0260335974879917	0.694805194805195	1
Med13l	-0.00852340777930027	0.426630434782609	1
Med19	0.0275327129312216	0.410021265284423	2
Med27	0.0162553990746273	0.571428571428572	1
Meox2	0.00718359736490559	0.617011774401881	23
Mesd	0.0420333048433783	0.415541838398212	3
Mettl15	0.0238655927706601	0.453044082354427	2
Mex3c	0.0401214927168439	0.598302122645432	6
Mfap3l	0.0110682228483318	0.397860745747574	3
Mfhas1	0.0181024948876027	0.454119389905056	90
Mgat5	-0.0036469435340144	0.605555555555556	1
Mgat5b	-0.0377166552472332	0.736111111111111	1
Mia2	0.0236943377506145	0.869565217391304	1
Mical2	0.0533749064375408	0.522285821929836	39
Micu3	0.0449532342746497	0.525490419326913	46
Mid1	0.00478533324322983	0.338297503271106	8
Mindy2	0.062792679195024	0.75	1
Mllt10	0.0380502624204948	0.52624275768051	2
Mlph	-0.0118995705360552	0.446428571428571	1
Mlxip	0.0198998527441381	0.786717752234994	2
Mmp16	-0.00921691658053036	0.45021645021645	1
Mmp28	0.0456137553847343	0.644736842105263	1
Mn1	-0.0195719736677183	0.788888888888889	2
Mogat2	-0.0167406983567683	0.652336081899911	16
Morc1	0.00501057560439033	0.464285714285714	1
Morc3	0.0244475407172638	0.555349354160899	3
Mphosph9	0.0120615733605661	0.601801294680552	2
Mpp4	0.00871809877678886	0.59375	1
Mpped2	0.0101881825266291	0.421428571428571	1
Mpzl1	0.0775329869880599	0.502923976608187	1
Mro	-0.0203251523306738	0.462962962962963	1
Mrpl48	0.062108784472164	0.548624637484333	81
Mrps28	0.0168735969491917	0.443616029822926	1
Msr1	-0.0357787494116938	0.542473606341634	71
Mtf1	0.0137637078757529	0.452153110047847	1
Mtif3	0.0411469453315281	0.4528658533095	12
Mtmr2	0.0371305702269861	0.857142857142857	1
Mtmr7	0.0243025547010605	0.476279087337068	145
Mtus2	0.0332099430346776	0.502597929774627	91
Muc3	0.0126264704432206	0.356571429663367	3
Muc4	-0.0118706695160048	0.799334733893557	4
Myh10	0.011494741696195	0.660714285714286	1
Myh14	0.0357750781779352	0.348039215686274	1
Myh7	-0.0102127492371763	0.577777777777778	1
Myl4	-0.00977735893961584	0.464285714285714	1
Myo16	-0.0126344572724255	0.355990783410138	1
Myo18b	-0.0042581878899105	0.613553630769054	6
Myo1d	0.00380075215143949	0.525974025974026	1
Myo6	0.00747668243033628	0.552182458904794	97
Myo7a	0.00992333565725278	0.570631472739847	43
Myof	0.00412864234194654	0.384803921568627	1
Myrip	-0.0248791101623859	0.344927536231884	1
Myt1l	0.0799913999828868	0.555555555555556	1
Naa11	0.0170052677870892	0.409090909090909	1
Naa16	0.0360632367816133	0.680306905370844	1
Naaladl2	0.00984810892401067	0.529700854700855	2
Napepld	0.0180570566187993	0.533333333333333	1
Nars2	0.0193034848338591	0.561313122767921	134
Nbea	0.0102367161900655	0.658670033670034	3
Nbeal1	0.0181765959283177	0.85	1
Nbr1	0.0179646361920472	0.824761904761905	1
Ncan	-0.0258387197676744	0.455779439016574	8
Nckap1	0.0369017506871069	0.309485094850948	1
Nckap5	-0.00367612463153932	0.465836773305814	2
Ncl	0.0245706904334011	0.511111111111111	1
Ncoa7	0.0292493168024573	0.710526315789474	1
Ndufaf5	0.0378933838996365	0.561904761904762	1
Ndufc2	0.0781780305506964	0.422222222222222	1
Necab1	0.0131184994114864	0.780051150895141	1
Neil3	-0.00725199195320758	0.469772727272727	2
Nek10	0.0129715835765386	0.4	1
Nell1	-0.00460499922497659	0.503401360544218	1
Nell2	0.0283853419243166	1	1
Nemf	0.0316990598202179	0.35823754789272	1
Nfatc2	0.0127491732791389	0.333056478405316	1
Nfia	0.0766486231958797	0.529001870316067	43
Nfkb1	0.021771504871053	0.519450800915332	1
Nfxl1	0.0363060753605988	0.739130434782609	1
Nif3l1	0.0239673018094273	0.611111111111111	1
Nipbl	0.0296426390074613	0.818181818181818	1
Nipsnap1	0.0175580767184043	0.6	1
Nit1	0.0465639319585558	0.48533724340176	1
Nkd1	-0.0184637438378907	0.431888544891641	1
Nkiras1	0.0324225223465413	0.477732793522267	1
Nlgn1	0.0162364972229359	0.846153846153846	1
Nlgn2	0.0484577739121718	0.434363881732303	3
Nmrk1	0.0244448309416211	0.464285714285714	1
Nol10	0.0153137488244158	0.698412698412698	1
Nol7	0.035337888550676	0.371863799283154	1
Nos1	-0.0183824843997404	0.474520804114072	1
Nox4	0.00680556308304747	0.661717737027885	52
Npas3	-0.0130232006989349	0.401785714285714	1
Npepps	0.0431305184903122	0.545454545454545	1
Nptx2	-0.0426669031979736	0.502607458611348	6
Nr0b2	0.0864764058114399	0.44947209653092	1
Nr2c2	0.0337331475983413	0.381481481481481	1
Nrcam	-0.0061179350473276	0.469565217391304	1
Nrg1	-0.0187076727457125	0.598129858777034	1078
Nrg3	0.0127350488293555	0.726547619047619	5
Nrxn1	-0.0179770695956282	0.422794117647059	1
Nrxn3	0.0243462626575539	0.577200850644707	35
Nsun4	-0.0157811107135928	0.772893772893773	1
Ntm	0.0176587891598623	0.720999490705373	4
Ntrk3	0.0142094027606364	0.659090909090909	1
Nudc	0.0343732331127258	0.595262760115701	6
Numa1	0.0755435142183216	0.511594937124432	34
Nup133	0.0204435864606366	0.550877192982456	1
Nup98	0.0163508728313611	0.572131541978018	16
Nxnl1	-0.0408522659962062	0.359197907585004	1
Nxpe4	-0.010241056967093	0.530797101449275	1
Nyap2	0.0195904156652073	0.525641025641026	1
Obox1	-0.00843015479821885	0.326236263736264	2
Obscn	-0.00691419423310424	0.63921568627451	1
Ocel1	0.0760564739461674	0.524276377217554	2
Ofcc1	0.00543491393836792	0.782608695652174	1
Ogfrl1	0.0671009247743439	0.341666666666667	1
Oit1	-0.0100934296661448	0.533333333333333	1
Ola1	0.0193434894083252	0.601851851851852	1
Olfr243	0.0777790291116756	0.77854976564654	5
Olfr290	0.021919773129329	0.771656454593636	9
Olfr292	0.0449672197560298	0.592961113040918	36
Olfr310	-0.0294552911075103	0.493659626012567	3
Olfr543	0.021364046742843	0.478711545781834	10
Olfr557	-0.102323559111764	0.568285004253596	13
Olfr608	-0.0699839704041508	0.537173202614379	3
Olfr613	0.0324537098432117	0.509142629519722	17
Olfr616	0.0436744502962095	0.760619225270308	15
Olfr618	0.0239433266768692	0.488190158293618	5
Olfr64	0.0522008401561602	0.591936405851468	18
Olfr651	0.0434028979314537	0.673875932122443	15
Olfr66	0.0268167914274419	0.67415190574138	13
Olfr68	0.068855067807446	0.636360348251079	17
Olfr704	0.0403650532673833	0.561345382754725	3
Ophn1	-0.0066775212747251	0.833333333333333	1
Opn1sw	0.0202271533248783	0.456737588652482	1
Orc2	0.0315808786839649	0.611111111111111	1
Os9	0.014941729593569	0.623931623931624	1
Osbpl10	-0.0069275933430798	0.649230769230769	1
Osbpl1a	0.038463377625661	0.567307692307692	1
Osbpl3	0.0158711275495153	0.448223045070871	3
Oscp1	0.00755645628387291	0.823529411764706	1
Otud7a	0.00678241384198652	0.366738313532885	5
Otulin	0.0450916006074328	0.401867572156197	2
Oxct1	0.0451281987937743	0.669871794871795	1
P4ha3	-0.0111870161823568	0.53849082447503	45
Pacrg	0.00782836676307819	0.58198443319133	5
Padi2	-0.0110151615357293	0.45841784989858	1
Pak2	0.02636921660155	0.9375	1
Pak7	0.0351435423523895	0.698830409356725	1
Pakap	-0.0124150084944437	0.577788942423517	36
Pakap	-0.00731504784227999	0.553415623790996	68
Pakap	-0.00314152975432547	0.50635322050253	28
Palld	-0.0149986238910904	0.532715919539591	111
Palmd	-0.0100687382838487	0.503030303030303	1
Pan3	0.0878948852670351	0.456382885829774	12
Pank1	0.0213914833985807	0.489130434782609	1
Paqr7	0.049495668792219	0.632309941520468	2
Pard3b	-0.00207415012054157	0.911764705882353	1
Parp8	-0.00410055271705279	0.539461753080679	2
Parva	0.0237813972323808	0.497955669878746	61
Patj	0.120445731459954	0.47474004774116	5
Pax8	-0.0159892395720013	0.768947770495758	2
Pbx4	-0.0123567673447514	0.483017795118121	30
Pccb	0.0263758526791933	0.402777777777778	1
Pcdh10	-0.0136797081084649	0.484848484848485	1
Pcdh15	-0.00299546270910633	0.522512991962707	4
Pcdh17	-0.00601469556486345	0.775510204081633	1
Pcdh7	-0.00395335102264749	0.704700854700855	2
Pcdh9	0.0396612621891825	0.598238482384824	3
Pcdha1	0.00567564645720242	0.619047619047619	1
Pcdha2	0.00560198923739652	0.619047619047619	1
Pcdha3	0.00554839774454208	0.619047619047619	1
Pcdha4	0.00586316695823597	0.619047619047619	1
Pcdha5	0.00419274092712807	0.619047619047619	1
Pcdha7	0.00489524625701654	0.619047619047619	1
Pcdha8	0.0046576099183111	0.619047619047619	1
Pcdha9	0.00478879279533606	0.619047619047619	1
Pcf11	0.0552162460381254	0.494012607052712	9
Pcgf5	-0.0185161988524014	0.530364372469636	1
Pclo	0.0286213869376728	0.634453781512605	1
Pcm1	0.0125277396392323	0.561405447200112	37
Pcnx2	0.0136638931413696	0.642424242424242	1
Pcp4	0.00776145537315953	0.530386430902092	11
Pcsk6	-0.005563837655159	0.303308823529412	1
Pcx	0.0178143476906423	0.466666666666667	1
Pdap1	0.046444875645058	0.420454545454545	1
Pdcd6	0.0164256564080472	0.300245098039216	1
Pde10a	0.00799143871302765	0.366300366300366	1
Pde11a	-0.00453144017479856	0.62876254180602	1
Pde1c	0.0256786530972861	0.550025329280648	2
Pde2a	-0.0181066512151354	0.474879897545006	51
Pde3a	0.023220617159056	0.58555023923445	2
Pde3b	0.010707612766609	0.537773498652474	34
Pde4d	0.048182479608966	0.526785714285714	2
Pde8b	-0.0162718996493327	0.575	1
Pdgfd	-0.0092938925675945	0.81578947368421	1
Pdgfrl	-0.0393178877427525	0.562416320602549	94
Pdik1l	0.0261383658565199	0.563984542216278	8
Pds5b	0.00939459441499779	0.484116305368677	2
Pdzrn4	-0.0102752780820701	0.599273095325727	2
Peak1	0.0770618365988038	0.516838645071404	3
Pfdn2	0.0713603099421455	0.408904686566508	3
Pgap2	0.013494730879647	0.502329192546584	2
Pgm2l1	0.0384054845494716	0.552542526001457	82
Pgm3	0.0137722630415051	0.6875	1
Phactr2	-0.0101375644559949	0.6	1
Phex	0.0209538734636786	0.895522388059702	1
Phf14	0.0204626976842229	0.533333333333333	1
Phf20	0.0343535861624449	0.34837962962963	1
Phip	0.0340384081720703	0.653457761658538	49
Phldb2	0.00507704575231205	0.547272727272727	2
Pibf1	0.00959982242051005	0.875	1
Picalm	0.0530127400282461	0.494935601263241	7
Pigp	0.0283168872458133	0.632962962962963	2
Pik3c2a	0.0273996677338566	0.741071428571429	1
Pitpnc1	0.0275407182248711	0.698181818181818	1
Pitpnm2	0.00780742831369907	0.503118503118503	1
Pkd1l2	-0.00537398562391789	0.6875	1
Plcb4	0.0193230977953174	0.75	1
Plce1	-0.0074318182529638	0.575757575757576	1
Plcl1	0.00303160309011119	0.619047619047619	1
Pld1	-0.00603639987239646	0.704174228675136	1
Pld5	0.100167164494823	0.654761904761905	2
Plekhg1	-0.00626261660904837	0.559547908232119	2
Plod2	0.00934930395512468	0.566991999278791	11
Plpp1	0.00861559138331403	0.694528875379939	1
Plpp3	-0.0215171716619714	0.584415584415584	1
Plppr1	-0.00929231671858077	0.631372549019608	1
Pls1	-0.00956538813156216	0.488680845896137	9
Plscr2	-0.0132045044078759	1	1
Plvap	0.0369686542525418	0.460500688569742	4
Plxna2	0.018172222209433	0.615384615384615	1
Plxnc1	0.00537277157129112	0.343365253077975	1
Pmp22	-0.0211035775902141	0.334795321637427	1
Pnkd	0.0388227572580074	0.37468982630273	1
Pold3	0.0172514581073979	0.518171216201089	28
Poldip3	0.0425193330763117	0.747386759581881	2
Polr1d	0.0869400247105536	0.483526292967947	15
Polr2b	0.0178167323622748	0.565577795840954	2
Por	0.0218039521324327	0.422545037496843	4
Ppfibp2	-0.0140435807813387	0.52792505395889	62
Ppm1l	0.0810215464206032	0.434781667118624	2
Ppme1	0.0255324267963072	0.606165890934251	24
Ppp1r10	0.0234979877754946	0.446563192904656	1
Ppp1r12b	0.0180281730032772	0.618874773139746	1
Ppp1r13b	0.0239433520916373	0.423809523809524	1
Ppp1r16b	-0.0215604834228609	0.589285714285714	1
Ppp1r1c	-0.00975828129239531	0.550397877984085	1
Ppp1r3b	-0.0244256957147911	0.492260676347699	16
Ppp1r7	0.0144893557436483	0.329810901001112	1
Ppp2cb	0.0271363495245058	0.42418667012711	14
Ppp3cb	0.0351159164683533	0.647058823529412	1
Ppp6r3	0.0205692849796484	0.36	1
Prag1	0.123800456695648	0.439645103346928	66
Prcp	0.0164540640567813	0.658359160021564	11
Prdm15	0.0221418083602998	0.58557869655614	7
Prdm16	-0.0173326464639669	0.702654867256637	1
Prdm8	-0.0313266954406289	0.861111111111111	2
Prelid2	-0.0114887110475663	0.944444444444444	1
Prex1	-0.0215431956317655	0.490740740740741	1
Prkch	-0.00516611554154633	0.55527950310559	1
Prkcq	-0.00425077258665807	1	1
Prkn	0.0115040566499094	0.941176470588235	1
Prrx1	-0.00677336908687254	0.586842105263158	1
Prss16	0.0336983312496052	0.561904761904762	1
Prtg	-0.0130925425157506	0.401799100449775	1
Prune2	0.0564926390078421	0.365217391304348	1
Psat1	-0.00674032933440272	0.516274509803922	2
Psd3	0.026772310604354	0.594566284865682	124
Psma1	0.0465873954463054	0.789473684210526	1
Psmd11	0.0310945961031939	0.708333333333333	2
Psph	0.015234935879455	0.581275747113451	12
Ptcd1	0.0118371520849797	0.416357554265163	4
Ptchd4	0.0844753183471563	0.7	1
Ptp4a2	0.0206036931704769	0.53256609291092	4
Ptpn13	-0.00764623923892949	0.559130165433478	4
Ptprb	0.0347047445220245	0.47257053291536	1
Ptprd	0.00937989348727031	0.727272727272727	1
Ptprg	0.0248201802722176	0.525987525987526	1
Ptprk	0.0102991670464491	0.682692307692308	2
Ptprm	-0.013297280518292	0.458333333333333	1
Ptprr	0.0455811977908032	0.512820512820513	1
R3hdm1	0.032653706319716	0.704812834224599	2
Rab30	0.0578429514510392	0.517597327632407	44
Rab31	0.0149823865666878	0.763888888888889	1
Rab3gap1	0.0180699593329283	0.519230769230769	1
Rab6a	0.0653424033561937	0.470981747297537	6
Rabepk	0.023848934558149	0.75	1
Rabgap1	0.0282136558640752	0.481781376518219	1
Rabgap1l	0.0154152483271145	0.327586206896552	1
Ralb	0.0274965978787141	0.609090909090909	1
Ralgapa1	0.0122315215268951	0.452380952380952	1
Ralgps2	0.0107014617736768	0.483907396950875	2
Raly	0.0559227325950991	0.302083333333333	1
Ralyl	0.0203564687319318	0.866666666666667	1
Ramp1	-0.0179148411989448	0.508268801418355	7
Rap1a	0.0348657156710462	0.607142857142857	1
Rap1gds1	0.0589552228108525	0.636363636363636	1
Rapgef5	-0.00349916495839797	0.549090909090909	1
Rasal2	-0.00480517505507816	0.664835164835165	1
Rasgef1b	-0.0135277741966219	0.497048855870299	48
Rasgrf1	0.0139615598907341	0.476241017969642	8
Rbbp6	0.0140557866018186	0.7	1
Rbfox1	-0.00429435206199369	0.594759407259407	3
Rbm27	0.0232058498004855	0.445233265720081	1
Rbm33	0.0627414150787256	0.395833333333333	1
Rbm44	-0.0164750248031322	0.56969696969697	1
Rbm6	0.0247818242429265	0.5	1
Rbms3	-0.00679905641829281	0.562098470300845	2
Rbpms	-0.0289149590708313	0.458097722683398	277
Rcbtb1	0.0579357314510653	0.333333333333333	1
Rdh10	0.0155083822602489	0.625	1
Reln	0.0171040705402772	0.45952380952381	1
Relt	-0.0279676993983712	0.833333333333333	1
Rev1	0.0409263882206098	0.440860215053763	1
Rffl	-0.00892125111609487	0.444906444906445	1
Rgs10	-0.0145934413006547	0.485507246376812	1
Rgs20	0.00617118352699897	0.575213675213675	1
Rgs7	0.0176575559352852	0.471632996632997	3
Rhbdd1	-0.0111225694718575	0.489158794421952	3
Rhbdd2	0.0173342374019815	0.372222222222222	1
Rhobtb1	-0.00419684847969759	0.509259259259259	1
Ric8b	0.00767550895311608	0.495689655172414	1
Ripply3	-0.0192702283998385	0.390076200166793	6
Rit2	0.0740865703389755	0.569883040935673	2
Rnf11	0.0150576269427862	0.423076923076923	1
Rnf121	0.0319455760262083	0.575092073128988	31
Rnf122	0.127378352321639	0.381043041493672	7
Rnf138	0.0387678231157988	0.69047619047619	1
Rnf144b	0.00862877756345504	0.708771929824561	1
Rnf150	-0.00715628961378523	0.55031265031265	2
Rnf157	-0.0149417722455563	0.311386138613861	1
Rnf169	0.043625735897641	0.529280161635247	47
Rnf6	0.0271140308085892	0.491481754666339	2
Rnpc3	0.0161551910623375	0.516129032258065	1
Robo1	0.0211684106290329	0.36408106219427	1
Robo2	0.00585412225345228	0.398656215005599	1
Ror1	0.0494948527887763	0.846153846153846	1
Rora	0.0422798495557868	0.909090909090909	1
Rps13	0.0408532758198401	0.546666666666667	1
Rps6ka1	0.0456882903081608	0.423235653235653	4
Rps6ka3	0.0465517388674932	0.666666666666667	1
Rps6ka5	0.115988850712457	0.739130434782609	1
Rras2	0.018031911535999	0.470675209335336	50
Rreb1	-0.0163373878185571	0.527777777777778	1
Rrm1	0.00815464108527564	0.604447979123392	17
Rsf1	0.0415348380824133	0.557682537584325	42
Runx1	-0.0135102723900116	0.623811854554875	7
Runx1t1	0.109502377494959	0.316388140161725	2
Runx2	-0.00295606673197579	0.450800915331808	1
Ruvbl1	0.0625097455343828	0.642857142857143	1
Rwdd4a	0.0144768900510899	0.395203355144667	8
Sar1a	0.036679117648758	0.733333333333333	1
Saraf	0.0749498006323338	0.36	1
Satb2	-0.00977590390567751	0.818910256410256	3
Sbf2	0.0511918740924614	0.928571428571429	1
Sbno1	0.0286965697841626	0.303171641791045	1
Scara3	-0.00918621934327824	0.444615384615385	1
Schip1	0.0111393491905919	0.944444444444444	1
Sclt1	0.0182359908572955	0.596590909090909	1
Scn2a	0.0202141778335712	0.394186046511628	1
Scp2	-0.00717846836964753	0.562068965517241	1
Sdc2	0.0453488322147493	0.607692307692308	1
Sec24d	-0.00834261181559925	0.458333333333333	1
Sel1l	0.0114958026195937	0.325581395348837	1
Sema3a	0.0212760798412575	0.432631578947368	1
Sema3e	0.00374416791008481	0.67312091503268	2
Sema4b	0.0183451465618727	0.364073777064956	1
Sema5a	0.0371289460593687	0.428571428571429	1
Senp6	0.0305367235441387	0.678571428571429	1
Septin11	0.0066225358075398	0.67948717948718	2
Septin2	0.0302858035142869	0.373376623376623	1
Septin2	0.0309369317737981	0.373376623376623	1
Sesn1	0.120693588980564	0.702702702702703	1
Setbp1	0.033949365092259	0.546446762066456	2
Setd1b	0.0172941613958413	0.493416493416493	1
Sez6l	0.0102308273245134	0.590349453178401	4
Sgcd	-0.00667032487832209	0.622106481481481	2
Sgcz	-0.0517187694221879	0.65681234423308	1562
Sgo2b	-0.0281706914656329	0.647823912943922	46
Sh2d4a	-0.00915210308435122	0.561553742979172	11
Sh3bgr	0.0293296073209474	0.499129665801661	9
Sh3bgrl2	0.0170733345645645	0.527914910130307	67
Sh3d19	0.00860215775723372	0.444700460829493	1
Sh3gl3	-0.0203093949041108	0.527777777777778	1
Sh3rf1	-0.0220229746068737	0.480494211729066	121
Shank2	-0.0309497927248928	0.553571428571429	1
Shroom4	-0.0193109095392477	0.630681818181818	1
Shtn1	-0.0160606941928555	0.6	1
Sin3b	0.0147761745863626	0.55	1
Sirpb1b	-0.0142870994562178	0.678103980219325	18
Skint10	-0.011722774804136	0.428030303030303	1
Skint6	-0.00453464723155994	0.601782531194296	2
Slc12a9	0.0267994312934117	0.641174185291832	2
Slc15a4	0.0207650321717316	0.465597700217641	4
Slc16a2	-0.0192514251013239	0.770833333333333	3
Slc20a2	0.0762080144138633	0.41539240972734	2
Slc22a15	0.0494032808135048	0.80952380952381	1
Slc22a23	-0.00957809162631096	0.666666666666667	1
Slc24a3	-0.0247889915254887	0.527272727272727	1
Slc25a21	-0.00316408713245264	0.772727272727273	1
Slc27a1	0.0291766338462973	0.656862745098039	1
Slc2a13	0.0282509658131905	0.642143436802597	2
Slc2a3	0.0638025862669344	0.625	1
Slc2a5	-0.0187145714978499	0.440860215053763	1
Slc30a9	0.0335573789719331	0.42523944403377	3
Slc31a2	0.0102686913009468	0.449519230769231	1
Slc35d1	0.0200825198752023	0.513586956521739	1
Slc35f4	0.00487769267710292	0.811666666666667	2
Slc39a10	0.0180583907858765	0.624338624338624	1
Slc39a11	-0.0054314044847189	0.666666666666667	1
Slc44a1	0.0295953874941316	0.666666666666667	1
Slc46a3	0.0436131837885685	0.465752688172043	2
Slc4a10	0.0161703733970064	0.74113712374582	2
Slc4a4	-0.00304046346470932	0.534509545120333	5
Slc7a1	0.00609527919205621	0.448838353299323	28
Slc7a2	-0.0246932230407085	0.548084604085145	66
Slc8a1	-0.00331379289642297	0.444230769230769	2
Slc9a1	0.0374393541178103	0.53445009097183	2
Slco2b1	0.0162476818611226	0.528160719151681	37
Slit2	-0.00281905945837746	0.776681286549708	2
Sltm	0.0389552180767226	0.603174603174603	1
Smarcc1	0.00944258937887277	0.44820885034581	6
Smim10l1	0.0601552247456959	0.384498480243161	2
Smim18	0.0673043622038936	0.519061185727852	3
Smurf1	-0.0120157443989001	0.460779192797848	9
Smyd3	0.0193401441360632	0.49401056404452	2
Snap91	0.0114658695588643	0.417873042720604	8
Sntg1	-0.00351788690809063	0.571428571428571	1
Sntg2	-0.0134147528437428	0.599294947121034	1
Snx13	0.0699022248873642	0.553285778845854	43
Snx14	0.0128820510577955	0.439669498101958	8
Snx9	0.0335353105190078	0.5	1
Sorbs1	0.0121259285311524	0.461871461871462	2
Sorcs1	-0.00628988944970577	0.431185792881835	2
Sorcs3	-0.00850858920257913	0.511152459666027	4
Sowahb	0.0244037395862605	0.380952380952381	1
Sox6	-0.00254365846712334	0.710416666666667	1
Sp1	0.0421038409391374	0.684981684981685	1
Sp4	0.0840928563436645	0.396892655367232	1
Spag16	-0.00212094155018372	0.699248120300752	1
Spag17	0.0124027109466953	0.698529411764706	2
Spata5	0.00609588299363018	0.783625730994152	1
Spats2l	-0.00938021575995429	0.638888888888889	1
Spcs3	0.0217689759637404	0.47886299290152	7
Spocd1	-0.0184174967807935	0.373545465617077	3
Spock1	0.0354421855766658	0.464102564102564	1
Spock3	-0.015465338567892	0.629580878547725	114
Spon1	0.0527938447680154	0.551988266430689	313
Sppl3	0.0253121729245768	0.782608695652174	1
Src	-0.0410382439475144	0.304324324324324	1
Srek1	0.024217262962603	0.557291666666667	1
Srrm4	0.036785081510256	0.492021276595745	1
Ss18	0.0360047430370788	0.487211544310703	11
Ssbp2	0.038065381491204	0.909090909090909	1
Ssbp4	0.0537730628197982	0.709090909090909	1
Stard10	0.0631430331383749	0.563482707019661	11
Stard13	-0.0130744515609283	0.606808613656234	5
Stard5	0.0493316118012742	0.63235294117647	1
Stat4	-0.00865896435417912	0.575757575757576	1
Stim1	0.0154647953115573	0.496454648127156	34
Stk25	0.015222261721021	0.471153846153846	1
Stk3	0.00548146235544067	0.606060606060606	1
Stk33	0.0121861982302964	0.544736842105263	1
Stmn1	0.0677227219984415	0.7	2
Ston2	-0.0150797283529303	0.523996299722479	2
Stox2	-0.0114756411319625	0.487632240057617	80
Stpg2	0.00277740769681467	0.637651821862348	1
Strn3	0.0288104548400209	0.675	1
Stx12	0.0168086309722053	0.542389471877674	7
Suclg1	0.0352977271876633	0.327302631578947	1
Sugp2	0.0152451924798239	0.639616941222283	13
Sulf1	-0.0113770031177016	0.645161290322581	1
Susd1	-0.0056903244381078	0.496673303275246	50
Suz12	0.0241510926986771	0.512820512820513	1
Syne2	0.0143803035417202	0.315308453922315	1
Synj2bp	0.0432267329064812	0.352272727272727	1
Sys1	0.0119802218993701	0.685267857142857	1
Syt1	0.173138279538543	0.74198717948718	2
Syt9	0.0630426227206178	0.478348953348233	28
Sytl2	0.0190696131329423	0.512344389734175	55
Taco1	0.0401625046548454	0.311923609381916	3
Taf3	0.0280854357007124	0.368253968253968	2
Tafa2	-0.00979705441478096	0.594338478478888	185
Taok1	0.0304408228477507	0.5	1
Taok3	0.0306271505980983	0.521916224043884	3
Tasp1	0.0137765206055054	0.690860711209548	3
Tbc1d15	0.0520635494407679	0.311594202898551	1
Tbcd	0.0194980979250078	0.582228116710875	1
Tbck	0.00561699262764215	0.354969574036511	1
Tbx15	0.0187630000648314	0.571428571428571	1
Tbxas1	-0.0132763318275883	0.427272727272727	1
Tcaf3	-0.0219920157561768	0.8	1
Tcam1	0.0596980547845082	0.386904761904762	1
Tceanc2	0.0125961074273468	0.582661290322581	1
Tcf7l2	-0.0196639988552407	0.371025796625497	2
Tead1	0.0216150483487819	0.51887496968345	48
Tenm2	0.00572499451967856	0.527777777777778	2
Tenm3	-0.0118343410491526	0.463510245301093	164
Tenm4	-0.00212151651208969	0.55748800186133	900
Tepp	-0.0210204913635965	0.722222222222222	1
Tesc	0.0465748999713829	0.625	1
Tesk2	0.00569675891987909	0.75187969924812	1
Tex15	-0.0231121734310366	0.563398620856142	39
Tex16	-0.00821679749221571	0.6125	1
Tfdp2	0.0367135247471142	0.563430466191433	8
Tfrc	0.0172479120246274	0.456410256410256	1
Tgfbr3	-0.00746498153065267	0.557692307692308	2
Thada	0.0121384472311434	0.59047619047619	1
Thap12	0.0513288148689317	0.444582805779057	10
Thap4	0.0182163593839527	0.505749382834425	3
Thrb	-0.00487816406679586	0.456959706959707	1
Thrsp	0.159260984346886	0.383772928492756	4
Thsd4	-0.00716851097911453	0.353046594982079	1
Thsd7b	-0.00314192970138372	0.834926470588235	2
Timp2	0.00988261805046464	0.93939393939394	1
Tjp1	-0.0377453231011766	0.800699300699301	2
Tll1	0.0492621699726365	0.607173044417099	55
Tm2d1	0.0314212749025383	0.64465180682202	5
Tm6sf2	-0.0233155139374976	0.356666666666667	1
Tm9sf3	0.0297376406581848	0.35	1
Tmbim1	0.0720964085247817	0.37468982630273	1
Tmcc1	0.0211431212766732	0.592476877960749	2
Tmed5	0.0197296625526029	0.516129032258065	1
Tmeff2	0.085034113995008	0.766666666666667	1
Tmem117	0.0369307751738306	0.75	1
Tmem126b	0.0241921294160871	0.580693843193843	5
Tmem130	0.0218120513590983	0.48421052631579	1
Tmem132c	0.0677716697789223	0.449237380197132	6
Tmem132d	-0.00779931952110224	0.529564656624575	11
Tmem135	0.0235100016863466	0.594657576315991	79
Tmem150c	-0.0121115909195098	0.488761798285905	15
Tmem163	0.0415545851107791	0.352380952380952	1
Tmem178b	-0.00575637815447361	0.615942028985507	1
Tmem192	0.0128577510356943	0.394545454545454	1
Tmem221	-0.0283124857419944	0.631492858706481	5
Tmem234	0.0205021711236757	0.494417854583474	9
Tmem41b	0.0901725837857801	0.413793103448276	1
Tmem45b	-0.0127471864893328	0.677777777777778	1
Tmod3	0.0206313741106448	0.514285714285714	1
Tmprss11d	0.0263634933738781	0.944444444444444	1
Tnfrsf19	-0.0230756752997981	0.678321678321678	1
Tnfsf8	-0.0201472053572196	0.462953995157385	1
Tnks	0.00955746534139024	0.499029635168413	99
Tnrc6b	0.0281807777889428	0.551771871539313	2
Tomt	0.0225749095545544	0.300653594771242	1
Top2b	0.0323847548013557	0.533333333333333	1
Tox2	-0.00880273350961513	0.744761904761905	1
Tpd52l1	-0.00573793576068826	0.84375	2
Tpk1	0.0514645629158759	0.75	1
Trim24	0.0172670418106261	0.5935960591133	1
Trim3	0.0739243199797217	0.495742347861052	12
Trim37	0.0240454448011436	0.805555555555555	1
Trim60	-0.0179143855154141	0.551441695529882	21
Trim61	-0.0466698516701864	0.536196309583987	13
Trim63	-0.0157756899821078	0.571272022551092	4
Triml1	-0.0268467681149491	0.519570778265408	20
Triml2	-0.0473037690674414	0.428748673698187	14
Trip4	0.0111675682546301	0.39	1
Trmt9b	0.0548994548702689	0.468571238079024	102
Trpc1	0.02246913443667	0.842105263157895	1
Trpc2	-0.0178927767714211	0.450390364174622	9
Trpc4ap	0.0337840415123432	0.454545454545454	1
Trpm3	0.0898599315712247	0.588624338624339	3
Trpm8	0.00748427074503977	0.454867558867657	256
Tshr	-0.00455833871161504	0.640278359400884	34
Tshz1	0.057513094425645	0.310126582278481	1
Tspan13	0.0409110325870876	0.357133581619121	3
Tspan5	0.058935799846126	0.41	1
Ttc25	-0.0237614022358402	0.433429118773946	1
Ttc28	0.0212036604363487	0.596221325245417	6
Ttc3	0.0234315708183457	0.447581585742358	6
Tti2	0.0354411123171962	0.500145995164615	14
Ttll11	0.0220256699910246	0.507936507936508	1
Ttll6	-0.0154142091773649	0.589991728701406	2
Tuba3a	-0.027233693767692	0.431587837837838	1
Tusc3	-0.0219523868007596	0.595421802079687	137
Tut4	0.0312159189793263	1	1
Txnl1	0.0184818494493486	0.555555555555556	1
U2surp	0.0450847125413305	0.663712507074137	5
Ubap2	0.0104670676635181	0.761904761904762	1
Ube2cbp	0.00974862303500135	0.404089406003155	3
Ube2e1	0.01045473473415	0.477732793522267	1
Ube2l3	0.0267499545105548	1	1
Ubn2	0.0262335060093147	0.866666666666667	1
Ubxn8	-0.0233276058418685	0.47210539358492	28
Ucp2	-0.0428999649774929	0.389942064995087	4
Ufl1	0.030607685879151	0.555555555555556	1
Ugcg	0.0278784782850019	0.493396649972125	7
Ugt1a10	0.0058392839187722	0.445851771946758	52
Ugt1a5	0.00676973378117318	0.445851771946758	52
Ugt1a6a	0.00779633775986943	0.445851771946758	52
Ugt1a6b	0.00870267946483683	0.445851771946758	52
Ugt1a7c	0.00780388842567614	0.445157251043425	60
Ugt1a8	0.00795634080012986	0.445851771946758	52
Ugt1a9	0.00703711297047849	0.445851771946758	52
Ulk1	0.087286295662369	0.714285714285714	1
Umad1	0.0290771053080121	0.764705882352941	1
Unc13a	-0.0108871281548829	0.456093214613156	21
Unc13b	-0.0111874900998772	0.453473945409429	1
Upp2	0.0132920397985904	0.539007092198582	1
Uri1	0.0300782620566618	0.45959595959596	1
Ush2a	-0.00328656061826382	0.460606060606061	1
Ushbp1	-0.0292641257038867	0.457045973716012	12
Uso1	0.0221607986823291	0.74317617866005	1
Usp1	0.0409741878098073	0.785714285714286	1
Usp12	0.0355845644335138	0.507318563501181	4
Usp16	0.0315537438967523	0.376218323586745	1
Usp32	0.0233641710616252	0.818181818181818	1
Usp34	0.0194917159060027	0.409090909090909	1
Usp35	0.0245134822697962	0.537997763750255	19
Usp43	-0.013875447786504	0.71875	1
Usp45	0.0130118287089578	0.593939393939394	1
Usp47	0.0452183270968923	0.456845238095238	2
Usp6nl	0.0175704851051561	0.451832907075874	1
Ust	0.0294628943190771	0.666666666666667	1
Utrn	0.0216925927631982	0.472222222222222	1
Uvrag	0.0284355780310139	0.491824530390466	330
Vamp4	0.0268779944770854	0.727272727272727	1
Vegfc	0.00951036361593938	0.597822935271682	23
Vmn2r10	-0.0247238160980127	0.37037037037037	1
Vmn2r114	-0.0230237521429499	0.459354226020893	3
Vmn2r121	-0.0194488360916418	0.698521189852459	6
Vmn2r72	-0.0188533281646508	0.466125471972374	12
Vmn2r73	-0.015169030683756	0.615674784292126	12
Vps13b	0.0113509479149323	0.587837837837838	1
Vps13d	-0.00641402348065423	0.545454545454545	1
Vps26c	0.0161238330244674	0.463735136272756	2
Vps35l	0.0239836044798305	0.327380952380952	1
Vps37a	0.0127643427440242	0.520221932118972	48
Wapl	0.0403964807806175	0.590909090909091	1
Wasf2	0.0532029979029008	0.598272790013528	34
Wdfy3	0.031260986817863	0.453399541634836	2
Wdfy4	-0.00824431985559604	0.396103896103896	1
Wdr17	-0.0133871886814699	0.663326187042197	66
Wdr3	0.0337546528354759	0.695852534562212	1
Wdr43	0.0210062975265002	0.508771929824561	1
Wdr45b	0.0330646943011085	0.666666666666667	1
Wdr49	-0.00453405497725101	0.797979797979798	1
Wdr72	-0.00740057103533565	0.7	1
Wdr95	-0.00649043563492246	0.497949749953905	25
Wdtc1	0.0186812433646248	0.495221599807006	27
Wif1	-0.0131248323348255	0.583116883116883	1
Wrn	-0.0225641321481153	0.524458750967453	177
Wscd2	0.0188512949313744	0.380952380952381	1
Wwc2	-0.0158309213449184	0.333195329805499	3
Wwox	0.00602282786334918	0.531478915821021	4
Xkr4	-0.0335951016190874	0.385328936479832	3
Xpo1	0.0239036729955258	0.666666666666667	1
Xrn1	0.0233158411432552	0.357851890756303	4
Yjefn3	-0.0309246164549571	0.425811771242806	6
Zan	-0.00802482940954685	0.484510276024017	23
Zbtb16	-0.0129368173374713	0.612399643175736	1
Zbtb20	0.0775188432904133	0.554189189189189	2
Zbtb38	0.0727373621213231	0.441217919043181	11
Zbtb7c	-0.0128285917022185	0.638076923076923	2
Zc3h14	0.0351743908736033	0.476190476190476	1
Zc3h18	0.0230338687725082	0.578947368421053	1
Zc3h6	0.0407953820462166	0.646428571428571	1
Zc3h7b	0.0519470547834107	0.486666666666667	1
Zcchc2	0.0606411013978103	0.652941176470588	1
Zcwpw1	-0.00981035920855589	0.916666666666667	1
Zdhhc14	0.028940397534934	0.461538461538462	1
Zdhhc18	0.0571694216141198	0.467836257270649	16
Zdhhc2	0.010709580057672	0.55568199088984	116
Zeb2	-0.0251493275797383	0.472222222222222	1
Zfand6	0.0763736059124908	0.582269297700776	25
Zfhx3	-0.00564975881764185	0.469747899159664	3
Zfhx4	0.00728907976329896	0.513333333333333	1
Zfp113	0.0181191391537363	0.516666666666667	1
Zfp148	0.0409432564039722	0.357407407407407	1
Zfp157	0.012755597648348	0.554174675905254	10
Zfp180	0.0156876583460389	0.535098734827255	13
Zfp277	0.00668039684194621	0.562465825468136	26
Zfp282	0.0145721604080571	0.59375	1
Zfp292	0.0528783895496215	0.54412955465587	2
Zfp329	0.0235079235546205	0.503919372900336	1
Zfp369	0.0100643372603121	0.696969696969697	1
Zfp384	0.0198907894225614	0.483870967741935	1
Zfp385b	0.0547007257492477	0.519047619047619	1
Zfp407	-0.00271933107796296	0.419642857142857	1
Zfp42	-0.0299650890760661	0.456630820592753	13
Zfp423	-0.00452193097987519	0.540674603174603	1
Zfp451	0.0237024835116574	0.7	1
Zfp462	-0.0416301506882488	0.571428571428571	1
Zfp521	0.0467212991406587	0.414233586640549	10
Zfp68	0.0336462676228785	0.62179441738591	19
Zfp868	0.041831551576763	0.629235942342666	16
Zfp869	0.0298319179677172	0.486259919932664	21
Zfp930	0.0130812438307721	0.601213893491089	18
Zfp934	0.00614933869422485	0.647643097643098	3
Zfp935	0.006294390087344	0.647643097643098	3
Zfp950	0.0153741056286513	0.441176470588235	1
Zfp979	-0.0236908162119492	0.630703227970196	5
Zfp985	-0.00994473988490707	0.498591377239699	17
Zhx2	0.0918430822611607	0.704545454545455	1
Zkscan1	0.0367182684503432	0.534820468199887	7
Zkscan14	0.0469615312809273	0.733333333333333	1
Zkscan5	0.0197464277334898	0.566161616161616	3
Zmym2	0.0237630711329883	0.518840579710145	1
Zw10	0.0268545211711035	0.419034090909091	1
a	0.00580088855554362	0.302083333333333	1
