comparison	comp_label	tf_name	family	consensus	pvalue	qvalue	target_pct	bg_pct	fold_enrichment
B1	Gained
vs Lost	Mesp1	bHLH	RCCATTTGBY	9.999999999999997e-107	0	19.21	9.96	1.928714859437751
B1	Gained
vs Lost	NeuroG2	bHLH	ACCATCTGTT	9.999999999999998e-75	0	40.89	29.89	1.3680160588825694
B1	Gained
vs Lost	HLF	bZIP	RTTATGYAAB	9.999999999999998e-74	0	17.59	10.05	1.7502487562189053
B1	Gained
vs Lost	NFIL3	bZIP	VTTACGTAAYNNNNN	9.999999999999999e-69	0	13.21	6.92	1.9089595375722546
B1	Gained
vs Lost	NeuroD1	bHLH	GCCATCTGTT	9.999999999999998e-65	0	26.63	17.89	1.4885410844046953
B1	Gained
vs Lost	TCF4	bHLH	SMCATCTGKH	9.999999999999998e-59	0	39.64	29.99	1.3217739246415472
B1	Gained
vs Lost	Olig2	bHLH	RCCATMTGTT	9.999999999999998e-58	0	48.61	38.57	1.2603059372569354
B1	Gained
vs Lost	Atoh7	bHLH	KRRCAGCTGGTS	1e-53	0	22.99	15.45	1.4880258899676375
B1	Gained
vs Lost	BHLHA15	bHLH	NAMCAGCTGK	1e-52	0	36.38	27.44	1.3258017492711371
B1	Gained
vs Lost	HNF1b	Homeobox	GTTAATNATTAA	9.999999999999999e-51	0	2.24	0.48	4.666666666666667
B1	Gained
vs Lost	Oct4	POU,Homeobox	ATTTGCATAW	1e-48	0	9.7	5.15	1.8834951456310678
B1	Gained
vs Lost	Twist2	bHLH	MCAGCTGBYH	1e-47	0	42.59	33.69	1.2641733452062929
B1	Gained
vs Lost	Atoh1	bHLH	VNRVCAGCTGGY	1e-43	0	31.51	23.73	1.3278550358196377
B1	Gained
vs Lost	Sp1	Zf	GGCCCCGCCCCC	1e-36	0	2.97	1.06	2.80188679245283
B1	Gained
vs Lost	Tgif2	Homeobox	TGTCANYT	9.999999999999999e-31	0	64.19	57.01	1.1259428170496404
B1	Gained
vs Lost	ZNF7	Zf	CTGCCWVCTTTTRTA	1.0000000000000001e-28	0	11.49	7.51	1.529960053262317
B1	Gained
vs Lost	NF-E2	bZIP	GATGACTCAGCA	1e-27	0	1.27	0.31	4.096774193548387
B1	Gained
vs Lost	ZNF189	Zf	TGGAACAGMA	1e-27	0	16.68	12.01	1.388842631140716
B1	Gained
vs Lost	MafF	bZIP	HWWGTCAGCAWWTTT	9.999999999999999e-27	0	5.66	3.09	1.8317152103559873
B1	Gained
vs Lost	Brn1	POU,Homeobox	TATGCWAATBAV	9.999999999999999e-26	0	6.69	3.86	1.7331606217616582
B1	Gained
vs Lost	RFX	HTH	CGGTTGCCATGGCAAC	1.0000000000000001e-24	0	2.4	0.94	2.5531914893617023
B1	Gained
vs Lost	p63	p53	NNDRCATGYCYNRRCATGYH	1.0000000000000001e-23	0	6.67	3.94	1.6928934010152283
B1	Gained
vs Lost	Tgif1	Homeobox	YTGWCADY	1.0000000000000001e-23	0	60.34	53.96	1.1182357301704966
B1	Gained
vs Lost	NF1-halfsite	CTF	YTGCCAAG	1e-22	0	40.13	34.1	1.17683284457478
B1	Gained
vs Lost	CDX4	Homeobox	NGYCATAAAWCH	1e-22	0	18.3	13.88	1.318443804034582
B1	Gained
vs Lost	FXR	NR	NTGACCYMKRGGTCA	1e-21	0	8.02	5.14	1.5603112840466926
B1	Gained
vs Lost	ZNF341	Zf	GGAACAGCCG	1e-20	0	13.6	9.84	1.3821138211382114
B1	Gained
vs Lost	PRDM14	Zf	RGGTCTCTAACY	1e-19	0	6.62	4.13	1.602905569007264
B1	Gained
vs Lost	Oct11	POU,Homeobox	GATTTGCATA	1e-18	0	6.91	4.46	1.5493273542600898
B1	Gained
vs Lost	ETS:E-box	ETS,bHLH	AGGAARCAGCTG	1e-18	0	2.45	1.1	2.227272727272727
B1	Gained
vs Lost	Pit1	Homeobox	ATGMATATDC	1e-18	0	21.39	17.09	1.251609128145114
B1	Gained
vs Lost	Brn2	POU,Homeobox	ATGAATATTC	1e-17	0	2.53	1.2	2.1083333333333334
B1	Gained
vs Lost	Foxo1	Forkhead	CTGTTTAC	1e-17	0	39.79	34.61	1.1496677260907253
B1	Gained
vs Lost	Jun-AP1	bZIP	GATGASTCATCN	1e-17	0	5.66	3.57	1.585434173669468
B1	Gained
vs Lost	Stat3+il21	Stat	SVYTTCCNGGAARB	1e-17	0	15.14	11.58	1.307426597582038
B1	Gained
vs Lost	GATA3	Zf	AGATGKDGAGATAAG	1e-16	0	1.95	0.84	2.3214285714285716
B1	Gained
vs Lost	Ronin	THAP	RACTACAACTCCCAGVAKGC	1e-16	0	0.57	0	NA
B1	Gained
vs Lost	Ascl1	bHLH	NNVVCAGCTGBN	1e-16	0	34.5	29.68	1.162398921832884
B1	Gained
vs Lost	Rfx2	HTH	GTTGCCATGGCAACM	1e-15	0	2.69	1.34	2.007462686567164
B1	Gained
vs Lost	Bach1	bZIP	AWWNTGCTGAGTCAT	1e-15	0	1.3	0.49	2.653061224489796
B1	Gained
vs Lost	Barx1	Homeobox	AAACMATTAN	1e-15	0	11.26	8.36	1.3468899521531101
B1	Gained
vs Lost	Oct6	POU,Homeobox	WATGCAAATGAG	1e-15	0	9.05	6.42	1.4096573208722742
B1	Gained
vs Lost	CEBP	bZIP	ATTGCGCAAC	1e-14	0	13.42	10.3	1.3029126213592233
B1	Gained
vs Lost	Tcf21	bHLH	NAACAGCTGG	1e-14	0	19.73	16.01	1.232354778263585
B1	Gained
vs Lost	Hoxd12	Homeobox	HDGYAATGAAAN	1e-14	0	36.35	31.68	1.1474116161616161
B1	Gained
vs Lost	Mouse_Recombination_Hotspot	Zf	ACTYKNATTCGTGNTACTTC	1e-14	0	1.4	0.59	2.3728813559322033
B1	Gained
vs Lost	DMRT6	DM	YDGHTACAWTGTADC	1e-13	0	3.57	2.13	1.676056338028169
B1	Gained
vs Lost	ERRg	NR	GTGACCTTGRVN	1e-13	0	15.8	12.51	1.2629896083133494
B1	Gained
vs Lost	CEBP:AP1	bZIP	DRTGTTGCAA	1e-13	0	15.04	11.89	1.264928511354079
B1	Gained
vs Lost	ELF1	ETS	AVCCGGAAGT	1e-13	0	8.02	5.78	1.3875432525951557
B1	Gained
vs Lost	NFAT	RHD	ATTTTCCATT	1e-12	0	19.57	16.08	1.217039800995025
B1	Gained
vs Lost	STAT6	Stat	TTCCKNAGAA	1e-12	0	12.19	9.37	1.3009605122732124
B1	Gained
vs Lost	Ptf1a	bHLH	ACAGCTGTTN	1e-12	0	50.93	46.32	1.099525043177893
B1	Gained
vs Lost	DMRT1	DM	TWGHWACAWTGTWDC	1e-12	0	4.3	2.76	1.5579710144927537
B1	Gained
vs Lost	Nrf2	bZIP	HTGCTGAGTCAT	1e-12	0	1.04	0.39	2.6666666666666665
B1	Gained
vs Lost	PU.1:IRF8	ETS:IRF	GGAAGTGAAAST	1e-12	0	3.7	2.29	1.6157205240174672
B1	Gained
vs Lost	NRF1	NRF	CTGCGCATGCGC	1e-11	0	1.17	0.53	2.2075471698113205
B1	Gained
vs Lost	GABPA	ETS	RACCGGAAGT	1e-11	0	17	13.87	1.2256669069935113
B1	Gained
vs Lost	PPARE	NR	TGACCTTTGCCCCA	1e-11	0	17	13.83	1.2292118582791034
B1	Gained
vs Lost	Bach2	bZIP	TGCTGAGTCA	1e-11	0	4.33	2.77	1.5631768953068592
B1	Gained
vs Lost	ETV4	ETS	ACCGGAAGTG	1e-11	0	19.97	16.75	1.1922388059701492
B1	Gained
vs Lost	Twist	bHLH	VCAKCTGGNNNCCAGMTGBN	1e-11	0	3.03	1.86	1.629032258064516
B1	Gained
vs Lost	MRE	NR	GGAACAGAVTGTCCT	1e-10	0	29.21	25.47	1.1468394189242246
B1	Gained
vs Lost	p53	p53	RRCATGYCYRGRCATGYYYN	1e-10	0	1.8	0.93	1.9354838709677418
B1	Gained
vs Lost	p53	p53	RRCATGYCYRGRCATGYYYN	1e-10	0	1.8	0.93	1.9354838709677418
B1	Gained
vs Lost	RBPJ:Ebox	?,bHLH	GGGRAARRGRMCAGMTG	1e-10	0	7.14	5.22	1.367816091954023
B1	Gained
vs Lost	Oct2	POU,Homeobox	ATATGCAAAT	1e-10	0	5.74	4.1	1.4000000000000001
B1	Gained
vs Lost	RUNX	Runt	SAAACCACAG	1e-10	0	12.46	9.93	1.2547834843907353
B1	Gained
vs Lost	Atf4	bZIP	MTGATGCAAT	1e-10	0	5.09	3.56	1.4297752808988764
B1	Gained
vs Lost	KLF17	Zf	GCYCCGCCCCYH	1e-10	0	6.25	4.48	1.3950892857142856
B1	Gained
vs Lost	FXR	NR	AGGTCANTGACCTB	1e-10	0	6.77	4.99	1.3567134268537073
B1	Gained
vs Lost	bZIP:IRF	bZIP,IRF	NAGTTTCABTHTGACTNW	1e-9	0	9.22	7.07	1.304101838755304
B1	Gained
vs Lost	PR	NR	VAGRACAKNCTGTBC	1e-9	0	43.32	39.4	1.099492385786802
B1	Gained
vs Lost	Zscan4c	Zf	ATRTGTGCAC	1e-9	0	5.57	3.93	1.4173027989821882
B1	Gained
vs Lost	Eomes	T-box	ATTAACACCT	1e-9	0	41.49	37.66	1.10169941582581
B1	Gained
vs Lost	Fosl2	bZIP	NATGASTCABNN	1e-9	0	7.51	5.67	1.3245149911816578
B1	Gained
vs Lost	STAT6	Stat	ABTTCYYRRGAA	1e-9	0	11.8	9.49	1.243414120126449
B1	Gained
vs Lost	OCT:OCT	POU,Homeobox,IR1	ATGAATWATTCATGA	1e-8	0	0.41	0.17	2.411764705882353
B1	Gained
vs Lost	NRF	NRF	STGCGCATGCGC	1e-8	0	1.7	0.9	1.8888888888888888
B1	Gained
vs Lost	Hoxa13	Homeobox	CYHATAAAAN	1e-8	0	49.91	46.13	1.0819423368740515
B1	Gained
vs Lost	STAT1	Stat	NATTTCCNGGAAAT	1e-8	0	6.43	4.75	1.3536842105263158
B1	Gained
vs Lost	Nkx2.5	Homeobox	RRSCACTYAA	1e-8	0	42.28	38.64	1.0942028985507246
B1	Gained
vs Lost	HIF-1a	bHLH	TACGTGCV	1e-8	0	3.31	2.23	1.484304932735426
B1	Gained
vs Lost	MYB	HTH	GGCVGTTR	1e-8	0	32.13	28.8	1.115625
B1	Gained
vs Lost	ETV1	ETS	AACCGGAAGT	1e-8	0	26.07	22.95	1.1359477124183006
B1	Gained
vs Lost	EBNA1	EBV-virus	GGYAGCAYDTGCTDCCCNNN	1e-8	0	0.39	0.15	2.6
B1	Gained
vs Lost	c-Myc	bHLH	VVCCACGTGG	1e-8	0	8.19	6.34	1.2917981072555205
B1	Gained
vs Lost	n-Myc	bHLH	VRCCACGTGG	1e-8	0	10.97	8.91	1.2312008978675646
B1	Gained
vs Lost	Tcfcp2l1	CP2	NRAACCRGTTYRAACCRGYT	1e-8	0	2.82	1.86	1.5161290322580643
B1	Gained
vs Lost	FoxL2	Forkhead	WWTRTAAACAVG	1e-8	0	18.85	16.21	1.1628624305983961
B1	Gained
vs Lost	Pitx1	Homeobox	TAATCCCN	1e-7	0	70.81	67.55	1.0482605477424132
B1	Gained
vs Lost	AR-halfsite	NR	CCAGGAACAG	1e-7	0	68.8	65.54	1.0497406164174548
B1	Gained
vs Lost	Hoxd11	Homeobox	VGCCATAAAA	1e-7	0	47.33	43.89	1.0783777625882889
B1	Gained
vs Lost	p73	p53	NRRRCAWGTCCDGRCATGYY	1e-7	0	0.84	0.37	2.27027027027027
B1	Gained
vs Lost	Mef2d	MADS	GCTATTTTTAGC	1e-7	0	5.32	3.96	1.3434343434343434
B1	Gained
vs Lost	Oct4:Sox17	POU,Homeobox,HMG	CCATTGTATGCAAAT	1e-7	0	2.87	1.89	1.5185185185185186
B1	Gained
vs Lost	Sox9	HMG	AGGVNCCTTTGT	1e-6	0	19.49	17	1.1464705882352941
B1	Gained
vs Lost	ZNF322	Zf	GAGCCTGGTACTGWGCCTGR	1e-6	0	4.66	3.45	1.3507246376811595
B1	Gained
vs Lost	FoxD3	forkhead	TGTTTAYTTAGC	1e-6	0	18.16	15.75	1.153015873015873
B1	Gained
vs Lost	Atf1	bZIP	GATGACGTCA	1e-6	0	12.02	10.02	1.1996007984031936
B1	Gained
vs Lost	KLF3	Zf	NRGCCCCRCCCHBNN	1e-6	0	6.08	4.68	1.2991452991452992
B1	Gained
vs Lost	ETS	ETS	AACCGGAAGT	1e-6	0	5.47	4.1	1.3341463414634147
B1	Gained
vs Lost	RUNX-AML	Runt	GCTGTGGTTW	1e-6	0	12.49	10.49	1.1906577693040992
B1	Gained
vs Lost	X-box	HTH	GGTTGCCATGGCAA	1e-6	0	2.82	1.89	1.492063492063492
B1	Gained
vs Lost	Esrrb	NR	KTGACCTTGA	1e-6	0	12.28	10.35	1.1864734299516908
B1	Gained
vs Lost	Cdx2	Homeobox	GYMATAAAAH	1e-6	0	14.68	12.51	1.173461231015188
B1	Gained
vs Lost	SCL	bHLH	AVCAGCTG	1e-6	0	77.15	74.42	1.0366836871808653
B1	Gained
vs Lost	ZNF317	Zf	GTCWGCTGTYYCTCT	1e-6	0	1.78	1.08	1.6481481481481481
B1	Gained
vs Lost	Sox2	HMG	BCCATTGTTC	1e-6	0	18.64	16.32	1.142156862745098
B1	Gained
vs Lost	BATF	bZIP	DATGASTCAT	1e-6	0	14.47	12.45	1.162248995983936
B1	Gained
vs Lost	VDR	NR	ARAGGTCANWGAGTTCANNN	1e-6	0	3.2	2.29	1.3973799126637556
B1	Gained
vs Lost	Tbx6	T-box	DAGGTGTBAA	1e-6	0	20.79	18.45	1.1268292682926828
B1	Gained
vs Lost	Pdx1	Homeobox	YCATYAATCA	1e-5	0	20.56	18.2	1.1296703296703297
B1	Gained
vs Lost	ZFX	Zf	AGGCCTRG	1e-5	0	19.89	17.6	1.1301136363636364
B1	Gained
vs Lost	JunB	bZIP	RATGASTCAT	1e-5	0	12.66	10.85	1.1668202764976958
B1	Gained
vs Lost	Hoxc6	Homeobox	CMATYAATCW	1e-5	0	55.62	52.72	1.0550075872534141
B1	Gained
vs Lost	Otx2	Homeobox	NYTAATCCYB	1e-5	0	15.15	13.22	1.1459909228441754
B1	Gained
vs Lost	OCT:OCT	POU,Homeobox	ATGAATATTCATGAG	1e-5	0	0.31	0	NA
B1	Gained
vs Lost	PSE	SNAPc	WAVTCACCMTAASYDAAAAG	1e-5	0	10.06	8.5	1.183529411764706
B1	Gained
vs Lost	Elk4	ETS	NRYTTCCGGY	1e-5	0	9.38	7.9	1.1873417721518988
B1	Gained
vs Lost	Rfx1	HTH	KGTTGCCATGGCAA	1e-5	0	4.64	3.63	1.278236914600551
B1	Gained
vs Lost	Max	bHLH	RCCACGTGGYYN	1e-5	0	11.49	9.85	1.166497461928934
B1	Gained
vs Lost	Fox:Ebox	Forkhead,bHLH	NNNVCTGWGYAAACASN	1e-5	0	22.12	19.95	1.1087719298245615
B1	Gained
vs Lost	STAT4	Stat	NYTTCCWGGAAR	1e-5	0	20.8	18.71	1.111704970603955
B1	Gained
vs Lost	Mef2c	MADS	DCYAAAAATAGM	1e-4	0	10.6	9.08	1.1674008810572687
B1	Gained
vs Lost	PAX6	Paired,Homeobox	NGTGTTCAVTSAAGCGKAAA	1e-4	0	1.67	1.08	1.546296296296296
B1	Gained
vs Lost	MafB	bZIP	WNTGCTGASTCAGCANWTTY	1e-4	1e-4	8.94	7.58	1.179419525065963
B1	Gained
vs Lost	Sox10	HMG	CCWTTGTYYB	1e-4	1e-4	34.85	32.4	1.0756172839506173
B1	Gained
vs Lost	AMYB	HTH	TGGCAGTTGG	1e-4	1e-4	28.74	26.48	1.0853474320241692
B1	Gained
vs Lost	Chop	bZIP	ATTGCATCAT	1e-4	1e-4	4.07	3.17	1.2839116719242902
B1	Gained
vs Lost	TEAD1	TEAD	CYRCATTCCA	1e-4	1e-4	19.21	17.28	1.1116898148148149
B1	Gained
vs Lost	Meis1	Homeobox	VGCTGWCAVB	1e-4	1e-4	35.08	32.65	1.0744257274119449
B1	Gained
vs Lost	Atf7	bZIP	NGRTGACGTCAY	1e-4	1e-4	8.29	7	1.1842857142857142
B1	Gained
vs Lost	GFY-Staf	?,Zf	RACTACAATTCCCAGAAKGC	1e-4	1e-4	0.83	0.53	1.5660377358490565
B1	Gained
vs Lost	GRE	NR	VAGRACAKWCTGTYC	1e-4	1e-4	5.34	4.35	1.2275862068965517
B1	Gained
vs Lost	Fos	bZIP	NDATGASTCAYN	1e-4	2e-4	13.11	11.58	1.1321243523316062
B1	Gained
vs Lost	p53	p53	ACATGCCCGGGCAT	1e-4	2e-4	0.28	0.14	2
B1	Gained
vs Lost	ZBTB33	Zf	GGVTCTCGCGAGAAC	1e-4	2e-4	0.28	0.14	2
B1	Gained
vs Lost	Atf3	bZIP	DATGASTCATHN	1e-4	3e-4	14.49	12.9	1.1232558139534883
B1	Gained
vs Lost	PRDM9	Zf	ADGGYAGYAGCATCT	1e-4	3e-4	8.02	6.82	1.1759530791788855
B1	Gained
vs Lost	Nur77	NR	TGACCTTTNCNT	1e-4	3e-4	4.09	3.29	1.243161094224924
B1	Gained
vs Lost	FOXK1	Forkhead	NVWTGTTTAC	0.001	3e-4	21.81	19.93	1.0943301555444054
B1	Gained
vs Lost	ZNF675	Zf	ARGAGGMCAAAATGW	0.001	4e-4	2.86	2.15	1.330232558139535
B1	Gained
vs Lost	ETS1	ETS	ACAGGAAGTG	0.001	5e-4	20.01	18.26	1.0958378970427163
B1	Gained
vs Lost	GATA	Zf	NAGATWNBNATCTNN	0.001	5e-4	1.69	1.24	1.3629032258064515
B1	Gained
vs Lost	MafK	bZIP	GCTGASTCAGCA	0.001	6e-4	4.25	3.41	1.2463343108504399
B1	Gained
vs Lost	RUNX2	Runt	NWAACCACADNN	0.001	6e-4	14.59	13.03	1.1197237145049885
B1	Gained
vs Lost	ZEB1	Zf	VCAGGTRDRY	0.001	6e-4	30.15	28.18	1.0699077359829665
B1	Gained
vs Lost	KLF1	Zf	VDGGGYGGGGCY	0.001	7e-4	11.55	10.22	1.13013698630137
B1	Gained
vs Lost	ERG	ETS	ACAGGAAGTG	0.001	8e-4	31.93	29.88	1.0686077643908969
B1	Gained
vs Lost	IRF2	IRF	GAAASYGAAASY	0.001	0.001	1.77	1.26	1.4047619047619047
B1	Gained
vs Lost	Foxa3	Forkhead	BSNTGTTTACWYWGN	0.001	0.0011	7.32	6.26	1.1693290734824282
B1	Gained
vs Lost	Foxo3	Forkhead	DGTAAACA	0.001	0.0013	16.53	15	1.102
B1	Gained
vs Lost	HEB	bHLH	VCAGCTGBNN	0.001	0.002	36.39	34.44	1.0566202090592336
B1	Gained
vs Lost	STAT5	Stat	RTTTCTNAGAAA	0.001	0.0028	7.9	6.9	1.144927536231884
B1	Gained
vs Lost	Elk1	ETS	HACTTCCGGY	0.001	0.003	8.84	7.84	1.1275510204081634
B1	Gained
vs Lost	Pax7	Paired,Homeobox	TAATCHGATTAC	0.01	0.0031	0.37	0.23	1.6086956521739129
B1	Gained
vs Lost	ZBTB38	Zf	NNWTATCGATAW	0.01	0.0034	15.66	14.33	1.0928122819260293
B1	Gained
vs Lost	KLF5	Zf	DGGGYGKGGC	0.01	0.0037	16.29	14.92	1.091823056300268
B1	Gained
vs Lost	Sox6	HMG	CCATTGTTNY	0.01	0.0042	33.99	32.23	1.0546075085324234
B1	Gained
vs Lost	Foxa2	Forkhead	CYTGTTTACWYW	0.01	0.0046	17.18	15.86	1.0832282471626735
B1	Gained
vs Lost	ZBTB18	Zf	AACATCTGGA	0.01	0.0051	8.31	7.36	1.1290760869565217
B1	Gained
vs Lost	E2F7	E2F	VDTTTCCCGCCA	0.01	0.0056	0.94	0.71	1.323943661971831
B1	Gained
vs Lost	ARE	NR	RGRACASNSTGTYCYB	0.01	0.0101	5.19	4.48	1.1584821428571428
B1	Gained
vs Lost	MYRF	MYRF	AGTGCCTGGCAC	0.01	0.0105	9.54	8.57	1.1131855309218202
B1	Gained
vs Lost	LHX9	Homeobox	NGCTAATTAG	0.01	0.0107	31.82	30.3	1.05016501650165
B1	Gained
vs Lost	ISRE	IRF	AGTTTCASTTTC	0.01	0.0111	1.02	0.75	1.36
B1	Gained
vs Lost	Hnf1	Homeobox	GGTTAAWCATTAA	0.01	0.0111	2.26	1.81	1.2486187845303867
B1	Gained
vs Lost	Hoxd10	Homeobox	GGCMATGAAA	0.01	0.0112	25.18	23.81	1.0575388492230156
B1	Gained
vs Lost	T1ISRE	IRF	ACTTTCGTTTCT	0.01	0.0123	0.21	0.06	3.5
B1	Gained
vs Lost	Sp2	Zf	YGGCCCCGCCCC	0.01	0.0124	19.96	18.69	1.0679507758159443
B1	Gained
vs Lost	Hoxa10	Homeobox	GGYAATGAAA	0.01	0.0128	12.77	11.71	1.090520922288642
B1	Gained
vs Lost	Etv2	ETS	NNAYTTCCTGHN	0.01	0.0138	18.84	17.61	1.06984667802385
B1	Gained
vs Lost	Sox3	HMG	CCWTTGTY	0.01	0.014	36.72	35.16	1.0443686006825939
B1	Gained
vs Lost	Six1	Homeobox	GKVTCADRTTWC	0.01	0.0165	4.95	4.3	1.1511627906976745
B1	Gained
vs Lost	Nkx2.1	Homeobox	RSCACTYRAG	0.01	0.0171	51.01	49.48	1.0309215844785773
B1	Gained
vs Lost	TCFL2	HMG	ACWTCAAAGG	0.01	0.0182	1.72	1.37	1.2554744525547443
B1	Gained
vs Lost	CRX	Homeobox	GCTAATCC	0.01	0.0187	44.73	43.17	1.0361362056984016
B1	Gained
vs Lost	Nkx3.1	Homeobox	AAGCACTTAA	0.01	0.0194	43.29	41.81	1.0353982300884954
B1	Gained
vs Lost	CREB5	bZIP	VVATGACGTCAT	0.01	0.0198	7.11	6.41	1.109204368174727
B1	Gained
vs Lost	TEAD	TEA	YCWGGAATGY	0.01	0.0229	13.32	12.37	1.0767987065481004
B1	Gained
vs Lost	Hoxd13	Homeobox	NCYAATAAAA	0.01	0.0256	34.42	33.01	1.0427143289912149
B1	Gained
vs Lost	Zac1	Zf	HAWGRGGCCM	0.1	0.0267	42.67	41.26	1.0341735336888027
B1	Gained
vs Lost	Tbox:Smad	T-box,MAD	AGGTGHCAGACA	0.1	0.0308	4.02	3.57	1.1260504201680672
B1	Gained
vs Lost	Foxh1	Forkhead	NNTGTGGATTSS	0.1	0.0321	12.53	11.62	1.0783132530120483
B1	Gained
vs Lost	Srebp1a	bHLH	RTCACSCCAY	0.1	0.0334	3.44	3	1.1466666666666667
B1	Gained
vs Lost	Myf5	bHLH	BAACAGCTGT	0.1	0.0354	13.34	12.47	1.069767441860465
B1	Gained
vs Lost	Zfp809	Zf	GGGGCTYGKCTGGGA	0.1	0.0354	2.66	2.24	1.1875
B1	Gained
vs Lost	PPARa	NR	VNAGGKCAAAGGTCA	0.1	0.0361	19.2	18.12	1.0596026490066224
B1	Gained
vs Lost	Mef2b	MADS	GCTATTTTTGGM	0.1	0.0363	18.92	17.88	1.0581655480984342
B1	Gained
vs Lost	OCT4-SOX2-TCF-NANOG	POU,Homeobox,HMG	ATTTGCATAACAATG	0.1	0.0425	3.89	3.41	1.1407624633431086
B1	Gained
vs Lost	PRDM1	Zf	ACTTTCACTTTC	0.1	0.0449	11.08	10.31	1.0746847720659554
B2	Lost
vs Gained	LRF	Zf	AAGACCCYYN	1e-4	0.0081	34.72	29.27	1.1861974718141441
B2	Lost
vs Gained	GLIS3	Zf	CTCCCTGGGAGGCCN	1e-4	0.0133	39.76	34.48	1.1531322505800465
B2	Lost
vs Gained	ZNF768	Zf	RHHCAGAGAGGB	0.001	0.0172	1.2	0.39	3.0769230769230766
B3	DiffBind
Gained vs Lost	Ronin	THAP	RACTACAACTCCCAGVAKGC	9.999999999999997e-148	0	0.77	0.01	NA
B3	DiffBind
Gained vs Lost	NeuroD1	bHLH	GCCATCTGTT	9.999999999999997e-146	0	23.08	15.48	1.490956072351421
B3	DiffBind
Gained vs Lost	Olig2	bHLH	RCCATMTGTT	9.999999999999997e-144	0	45.68	36.05	1.267128987517337
B3	DiffBind
Gained vs Lost	Atoh1	bHLH	VNRVCAGCTGGY	9.999999999999998e-127	0	28.33	20.55	1.3785888077858879
B3	DiffBind
Gained vs Lost	TCF4	bHLH	SMCATCTGKH	9.999999999999998e-119	0	35.98	27.75	1.2965765765765764
B3	DiffBind
Gained vs Lost	NeuroG2	bHLH	ACCATCTGTT	9.999999999999998e-119	0	37.77	29.41	1.2842570554233255
B3	DiffBind
Gained vs Lost	Twist2	bHLH	MCAGCTGBYH	9.999999999999999e-108	0	39.51	31.43	1.2570792236716513
B3	DiffBind
Gained vs Lost	BHLHA15	bHLH	NAMCAGCTGK	9.999999999999998e-100	0	33.52	26.14	1.2823259372609028
B3	DiffBind
Gained vs Lost	Mesp1	bHLH	RCCATTTGBY	9.999999999999997e-92	0	16.96	11.63	1.4582975064488393
B3	DiffBind
Gained vs Lost	Atoh7	bHLH	KRRCAGCTGGTS	9.999999999999998e-86	0	20.74	15.07	1.376244193762442
B3	DiffBind
Gained vs Lost	Ascl1	bHLH	NNVVCAGCTGBN	9.999999999999998e-74	0	32.56	26.21	1.2422739412438002
B3	DiffBind
Gained vs Lost	SCL	bHLH	AVCAGCTG	9.999999999999998e-59	0	75.31	69.68	1.0807979334098736
B3	DiffBind
Gained vs Lost	Ptf1a	bHLH	ACAGCTGTTN	9.999999999999998e-58	0	48.68	42.54	1.1443347437705689
B3	DiffBind
Gained vs Lost	Sp1	Zf	GGCCCCGCCCCC	9.999999999999999e-55	0	3.92	2	1.96
B3	DiffBind
Gained vs Lost	Jun-AP1	bZIP	GATGASTCATCN	1e-39	0	4.92	3.03	1.6237623762376239
B3	DiffBind
Gained vs Lost	KLF17	Zf	GCYCCGCCCCYH	9.999999999999999e-33	0	7.32	5.15	1.4213592233009709
B3	DiffBind
Gained vs Lost	NF1-halfsite	CTF	YTGCCAAG	1e-31	0	39.69	35.34	1.123089983022071
B3	DiffBind
Gained vs Lost	Fra2	bZIP	GGATGACTCATC	9.999999999999999e-31	0	9.93	7.47	1.3293172690763053
B3	DiffBind
Gained vs Lost	Mef2c	MADS	DCYAAAAATAGM	1.0000000000000001e-29	0	10.37	7.9	1.3126582278481012
B3	DiffBind
Gained vs Lost	GFY-Staf	?,Zf	RACTACAATTCCCAGAAKGC	1.0000000000000001e-29	0	1.04	0.38	2.736842105263158
B3	DiffBind
Gained vs Lost	HEB	bHLH	VCAGCTGBNN	1.0000000000000001e-28	0	35.36	31.29	1.130073505912432
B3	DiffBind
Gained vs Lost	STAT6	Stat	ABTTCYYRRGAA	1.0000000000000001e-28	0	12.02	9.42	1.276008492569002
B3	DiffBind
Gained vs Lost	Oct6	POU,Homeobox	WATGCAAATGAG	1.0000000000000001e-24	0	9.47	7.33	1.2919508867667122
B3	DiffBind
Gained vs Lost	STAT4	Stat	NYTTCCWGGAAR	1.0000000000000001e-23	0	21.47	18.36	1.1693899782135075
B3	DiffBind
Gained vs Lost	Rfx2	HTH	GTTGCCATGGCAACM	1.0000000000000001e-23	0	2.29	1.33	1.7218045112781954
B3	DiffBind
Gained vs Lost	STAT6	Stat	TTCCKNAGAA	1.0000000000000001e-23	0	12.11	9.75	1.242051282051282
B3	DiffBind
Gained vs Lost	PRDM1	Zf	ACTTTCACTTTC	1e-22	0	11.28	9.02	1.2505543237250554
B3	DiffBind
Gained vs Lost	AP-1	bZIP	VTGACTCATC	1e-22	0	15.36	12.74	1.205651491365777
B3	DiffBind
Gained vs Lost	Tcf21	bHLH	NAACAGCTGG	1e-22	0	19.03	16.18	1.1761433868974043
B3	DiffBind
Gained vs Lost	NFE2L2	bZIP	AWWWTGCTGAGTCAT	1e-20	0	0.97	0.42	2.3095238095238098
B3	DiffBind
Gained vs Lost	NRF1	NRF	CTGCGCATGCGC	1e-20	0	1.45	0.75	1.9333333333333333
B3	DiffBind
Gained vs Lost	RFX	HTH	CGGTTGCCATGGCAAC	1e-19	0	2.08	1.24	1.6774193548387097
B3	DiffBind
Gained vs Lost	Pax7	Paired,Homeobox	TAATCHGATTAC	1e-19	0	0.53	0.18	2.9444444444444446
B3	DiffBind
Gained vs Lost	Nanog	Homeobox	RGCCATTAAC	1e-18	0	72.81	69.66	1.0452196382428942
B3	DiffBind
Gained vs Lost	Foxo1	Forkhead	CTGTTTAC	1e-18	0	38.72	35.42	1.0931677018633539
B3	DiffBind
Gained vs Lost	ERG	ETS	ACAGGAAGTG	1e-18	0	31.75	28.65	1.1082024432809774
B3	DiffBind
Gained vs Lost	Tgif2	Homeobox	TGTCANYT	1e-17	0	62.52	59.24	1.0553679945982444
B3	DiffBind
Gained vs Lost	Fosl2	bZIP	NATGASTCABNN	1e-17	0	6.68	5.16	1.2945736434108526
B3	DiffBind
Gained vs Lost	OCT:OCT	POU,Homeobox	YATGCATATRCATRT	1e-15	0	1.83	1.1	1.6636363636363636
B3	DiffBind
Gained vs Lost	KLF3	Zf	NRGCCCCRCCCHBNN	1e-15	0	7.15	5.65	1.2654867256637168
B3	DiffBind
Gained vs Lost	GRE	NR	VAGRACAKWCTGTYC	1e-15	0	4.67	3.49	1.33810888252149
B3	DiffBind
Gained vs Lost	Bach1	bZIP	AWWNTGCTGAGTCAT	1e-15	0	1.08	0.57	1.8947368421052635
B3	DiffBind
Gained vs Lost	Atf3	bZIP	DATGASTCATHN	1e-14	0	13.53	11.53	1.173460537727667
B3	DiffBind
Gained vs Lost	BMYB	HTH	NHAACBGYYV	1e-14	0	29.48	26.75	1.1020560747663553
B3	DiffBind
Gained vs Lost	Barx1	Homeobox	AAACMATTAN	1e-14	0	11.19	9.39	1.191693290734824
B3	DiffBind
Gained vs Lost	Mef2b	MADS	GCTATTTTTGGM	1e-14	0	18.64	16.4	1.1365853658536587
B3	DiffBind
Gained vs Lost	T1ISRE	IRF	ACTTTCGTTTCT	1e-14	0	0.22	0.05	NA
B3	DiffBind
Gained vs Lost	Fos	bZIP	NDATGASTCAYN	1e-13	0	12.24	10.39	1.178055822906641
B3	DiffBind
Gained vs Lost	CEBP:AP1	bZIP	DRTGTTGCAA	1e-13	0	14.58	12.58	1.1589825119236883
B3	DiffBind
Gained vs Lost	MafF	bZIP	HWWGTCAGCAWWTTT	1e-13	0	5.28	4.1	1.2878048780487807
B3	DiffBind
Gained vs Lost	Klf9	Zf	GCCACRCCCACY	1e-13	0	5.59	4.36	1.2821100917431192
B3	DiffBind
Gained vs Lost	JunB	bZIP	RATGASTCAT	1e-12	0	11.44	9.75	1.1733333333333333
B3	DiffBind
Gained vs Lost	GRHL2	CP2	AAACYKGTTWDACMRGTTTB	1e-12	0	7.05	5.72	1.2325174825174825
B3	DiffBind
Gained vs Lost	Pitx1:Ebox	Homeobox,bHLH	YTAATTRAWWCCAGATGT	1e-12	0	4.5	3.45	1.3043478260869565
B3	DiffBind
Gained vs Lost	Hnf1	Homeobox	GGTTAAWCATTAA	1e-12	0	2.52	1.76	1.4318181818181819
B3	DiffBind
Gained vs Lost	Mef2d	MADS	GCTATTTTTAGC	1e-12	0	5.08	3.97	1.2795969773299747
B3	DiffBind
Gained vs Lost	ZNF317	Zf	GTCWGCTGTYYCTCT	1e-11	0	1.9	1.26	1.507936507936508
B3	DiffBind
Gained vs Lost	YY1	Zf	CAAGATGGCGGC	1e-11	0	0.87	0.47	1.8510638297872342
B3	DiffBind
Gained vs Lost	RUNX-AML	Runt	GCTGTGGTTW	1e-11	0	13.21	11.48	1.1506968641114983
B3	DiffBind
Gained vs Lost	RUNX2	Runt	NWAACCACADNN	1e-11	0	15.06	13.23	1.1383219954648527
B3	DiffBind
Gained vs Lost	ELF3	ETS	ANCAGGAAGT	1e-11	0	15.46	13.62	1.1350954478707784
B3	DiffBind
Gained vs Lost	GATA3	Zf	AGATGKDGAGATAAG	1e-10	0	1.66	1.09	1.5229357798165135
B3	DiffBind
Gained vs Lost	Hoxa10	Homeobox	GGYAATGAAA	1e-10	0	12.54	10.91	1.1494042163153069
B3	DiffBind
Gained vs Lost	Mef2a	MADS	CYAAAAATAG	1e-10	0	9.7	8.27	1.1729141475211609
B3	DiffBind
Gained vs Lost	NFIL3	bZIP	VTTACGTAAYNNNNN	1e-10	0	12.39	10.78	1.1493506493506496
B3	DiffBind
Gained vs Lost	Fra1	bZIP	NNATGASTCATH	1e-10	0	11.7	10.19	1.1481844946025515
B3	DiffBind
Gained vs Lost	HOXA3	Homeobox	ATGATTGATGGS	1e-9	0	2.75	2.03	1.3546798029556653
B3	DiffBind
Gained vs Lost	ZNF382	Zf	GNCTGTASTRNTGBCTCHTT	1e-9	0	0.62	0.32	1.9375
B3	DiffBind
Gained vs Lost	X-box	HTH	GGTTGCCATGGCAA	1e-9	0	2.62	1.94	1.3505154639175259
B3	DiffBind
Gained vs Lost	MafA	bZIP	TGCTGACTCA	1e-9	0	16	14.31	1.1180992313067784
B3	DiffBind
Gained vs Lost	Elf4	ETS	ACTTCCKGKT	1e-9	0	19.69	17.86	1.1024636058230683
B3	DiffBind
Gained vs Lost	ZNF189	Zf	TGGAACAGMA	1e-9	0	16.65	14.96	1.1129679144385025
B3	DiffBind
Gained vs Lost	Nkx6.1	Homeobox	GKTAATGR	1e-9	0	51.8	49.46	1.0473109583501818
B3	DiffBind
Gained vs Lost	FOXA1	Forkhead	WAAGTAAACA	1e-8	0	20.19	18.39	1.0978792822185972
B3	DiffBind
Gained vs Lost	Ap4	bHLH	NAHCAGCTGD	1e-8	0	22.98	21.1	1.0890995260663507
B3	DiffBind
Gained vs Lost	Stat3+il21	Stat	SVYTTCCNGGAARB	1e-8	0	15.38	13.79	1.1153009427121103
B3	DiffBind
Gained vs Lost	Sox2	HMG	BCCATTGTTC	1e-8	0	18.83	17.16	1.0973193473193472
B3	DiffBind
Gained vs Lost	JunD	bZIP	ATGACGTCATCN	1e-8	0	1.69	1.2	1.4083333333333334
B3	DiffBind
Gained vs Lost	NF-E2	bZIP	GATGACTCAGCA	1e-8	0	1.05	0.67	1.5671641791044777
B3	DiffBind
Gained vs Lost	Hoxd13	Homeobox	NCYAATAAAA	1e-7	0	33.67	31.65	1.0638230647709321
B3	DiffBind
Gained vs Lost	Pit1	Homeobox	ATGMATATDC	1e-7	0	20.82	19.12	1.0889121338912133
B3	DiffBind
Gained vs Lost	p53	p53	ACATGCCCGGGCAT	1e-7	0	0.34	0.16	2.125
B3	DiffBind
Gained vs Lost	KLF1	Zf	VDGGGYGGGGCY	1e-7	0	12.39	11.06	1.120253164556962
B3	DiffBind
Gained vs Lost	GFX	?	ATTCTCGCGAGA	1e-7	0	0.11	0.02	NA
B3	DiffBind
Gained vs Lost	CTCF	Zf	AYAGTGCCMYCTRGTGGCCA	1e-7	0	4	3.24	1.2345679012345678
B3	DiffBind
Gained vs Lost	ZBTB33	Zf	GGVTCTCGCGAGAAC	1e-7	0	0.3	0.14	2.142857142857143
B3	DiffBind
Gained vs Lost	Brn1	POU,Homeobox	TATGCWAATBAV	1e-7	0	7.08	6.08	1.1644736842105263
B3	DiffBind
Gained vs Lost	NRF	NRF	STGCGCATGCGC	1e-7	0	1.93	1.42	1.3591549295774648
B3	DiffBind
Gained vs Lost	MafB	bZIP	WNTGCTGASTCAGCANWTTY	1e-7	0	7.85	6.81	1.1527165932452277
B3	DiffBind
Gained vs Lost	Stat3	Stat	CTTCCGGGAA	1e-7	0	10.51	9.32	1.1276824034334763
B3	DiffBind
Gained vs Lost	ETS1	ETS	ACAGGAAGTG	1e-7	0	19.74	18.16	1.0870044052863435
B3	DiffBind
Gained vs Lost	Cdx2	Homeobox	GYMATAAAAH	1e-6	0	14.22	12.9	1.1023255813953488
B3	DiffBind
Gained vs Lost	PGR	NR	AAGAACATWHTGTTC	1e-6	0	5.02	4.22	1.1895734597156398
B3	DiffBind
Gained vs Lost	Sp2	Zf	YGGCCCCGCCCC	1e-6	0	21.62	20.04	1.0788423153692617
B3	DiffBind
Gained vs Lost	GFY	?	ACTACAATTCCC	1e-6	0	1.51	1.09	1.385321100917431
B3	DiffBind
Gained vs Lost	NFAT:AP1	RHD,bZIP	SARTGGAAAAWRTGAGTCAB	1e-6	0	3.48	2.83	1.2296819787985864
B3	DiffBind
Gained vs Lost	Hoxc6	Homeobox	CMATYAATCW	1e-6	0	54.94	53.01	1.0364082248632334
B3	DiffBind
Gained vs Lost	IRF:BATF	IRF:bZIP	CTTTCANTATGACTV	1e-6	0	2.63	2.08	1.2644230769230769
B3	DiffBind
Gained vs Lost	Eomes	T-box	ATTAACACCT	1e-6	0	40.97	39.12	1.0472903885480573
B3	DiffBind
Gained vs Lost	E2A	bHLH	NVCACCTGBN	1e-6	0	24.08	22.51	1.06974677920924
B3	DiffBind
Gained vs Lost	HOXB13	Homeobox	TTTTATKRGG	1e-6	0	22.25	20.74	1.0728061716489876
B3	DiffBind
Gained vs Lost	ETV1	ETS	AACCGGAAGT	1e-6	0	26.17	24.56	1.0655537459283388
B3	DiffBind
Gained vs Lost	BANP	?	TCTCGCGAGANY	1e-5	0	0.91	0.61	1.4918032786885247
B3	DiffBind
Gained vs Lost	Slug	Zf	SNGCACCTGCHS	1e-5	0	9.94	8.89	1.1181102362204722
B3	DiffBind
Gained vs Lost	Pdx1	Homeobox	YCATYAATCA	1e-5	0	20.85	19.42	1.0736354273944386
B3	DiffBind
Gained vs Lost	PBX2	Homeobox	RTGATTKATRGN	1e-5	0	17.55	16.24	1.080665024630542
B3	DiffBind
Gained vs Lost	Rfx1	HTH	KGTTGCCATGGCAA	1e-5	0	4.27	3.59	1.1894150417827298
B3	DiffBind
Gained vs Lost	Elk1	ETS	HACTTCCGGY	1e-5	0	9.23	8.25	1.1187878787878789
B3	DiffBind
Gained vs Lost	SOX1	HMG	CCATTGTTCB	1e-5	0	41.3	39.57	1.0437199898913316
B3	DiffBind
Gained vs Lost	HIC1	Zf	TGCCAGCB	1e-5	0	40.46	38.77	1.0435904049522826
B3	DiffBind
Gained vs Lost	NF1	CTF	CYTGGCABNSTGCCAR	1e-5	0	10.27	9.26	1.1090712742980562
B3	DiffBind
Gained vs Lost	Klf4	Zf	GCCACACCCA	1e-5	0	5.39	4.66	1.1566523605150214
B3	DiffBind
Gained vs Lost	HOXA2	Homeobox	GYCATCMATCAT	1e-5	0	2.03	1.6	1.2687499999999998
B3	DiffBind
Gained vs Lost	FOXA1	Forkhead	WAAGTAAACA	1e-5	0	24.65	23.22	1.061584840654608
B3	DiffBind
Gained vs Lost	Sp5	Zf	RGKGGGCGGAGC	1e-5	0	14.37	13.23	1.0861678004535147
B3	DiffBind
Gained vs Lost	AMYB	HTH	TGGCAGTTGG	1e-5	0	28.94	27.44	1.05466472303207
B3	DiffBind
Gained vs Lost	STAT5	Stat	RTTTCTNAGAAA	1e-5	0	7.67	6.82	1.1246334310850439
B3	DiffBind
Gained vs Lost	RORg	NR	WAABTAGGTCAV	1e-4	0	2.27	1.82	1.2472527472527473
B3	DiffBind
Gained vs Lost	ETV4	ETS	ACCGGAAGTG	1e-4	1e-4	20.13	18.86	1.067338282078473
B3	DiffBind
Gained vs Lost	OCT:OCT	POU,Homeobox	ATGAATATTCATGAG	1e-4	1e-4	0.26	0.13	2
B3	DiffBind
Gained vs Lost	KLF14	Zf	RGKGGGCGKGGC	1e-4	1e-4	23.56	22.22	1.0603060306030603
B3	DiffBind
Gained vs Lost	ZNF91	Zf	RGCMGCCTYC	1e-4	1e-4	14.4	13.31	1.081893313298272
B3	DiffBind
Gained vs Lost	ZNF136	Zf	YTKGATAHAGTATTCTWGGTNGGCA	1e-4	1e-4	1.81	1.42	1.2746478873239437
B3	DiffBind
Gained vs Lost	AR-halfsite	NR	CCAGGAACAG	1e-4	1e-4	66.67	65.16	1.0231737262124003
B3	DiffBind
Gained vs Lost	MYB	HTH	GGCVGTTR	1e-4	1e-4	32.67	31.19	1.0474511061237577
B3	DiffBind
Gained vs Lost	Hoxa11	Homeobox	TTTTATGGCM	1e-4	1e-4	46.02	44.46	1.0350877192982457
B3	DiffBind
Gained vs Lost	CREB5	bZIP	VVATGACGTCAT	1e-4	1e-4	7.21	6.44	1.1195652173913042
B3	DiffBind
Gained vs Lost	Hoxa13	Homeobox	CYHATAAAAN	1e-4	1e-4	49.05	47.49	1.032849020846494
B3	DiffBind
Gained vs Lost	Atf2	bZIP	NRRTGACGTCAT	1e-4	1e-4	5.7	5.02	1.1354581673306774
B3	DiffBind
Gained vs Lost	CRE	bZIP	CSGTGACGTCAC	1e-4	1e-4	3.18	2.67	1.1910112359550562
B3	DiffBind
Gained vs Lost	FOXP1	Forkhead	NYYTGTTTACHN	1e-4	1e-4	9.67	8.79	1.100113765642776
B3	DiffBind
Gained vs Lost	NFY	CCAAT	RGCCAATSRG	1e-4	1e-4	15.25	14.16	1.0769774011299436
B3	DiffBind
Gained vs Lost	BATF	bZIP	DATGASTCAT	1e-4	2e-4	13.42	12.41	1.0813859790491538
B3	DiffBind
Gained vs Lost	FOXK1	Forkhead	NVWTGTTTAC	1e-4	2e-4	21.96	20.73	1.0593342981186686
B3	DiffBind
Gained vs Lost	Zic	Zf	CCTGCTGAGH	1e-4	2e-4	17.54	16.42	1.0682095006090133
B3	DiffBind
Gained vs Lost	Hoxc13	Homeobox	TTTTATKRGN	1e-4	2e-4	29.76	28.4	1.0478873239436621
B3	DiffBind
Gained vs Lost	FoxL2	Forkhead	WWTRTAAACAVG	1e-4	2e-4	18.04	16.92	1.0661938534278959
B3	DiffBind
Gained vs Lost	Bach2	bZIP	TGCTGAGTCA	1e-4	2e-4	3.57	3.05	1.1704918032786886
B3	DiffBind
Gained vs Lost	Gfi1b	Zf	MAATCACTGC	1e-4	2e-4	12.72	11.77	1.08071367884452
B3	DiffBind
Gained vs Lost	TEAD2	TEA	CCWGGAATGY	0.001	4e-4	9.82	8.99	1.0923248053392658
B3	DiffBind
Gained vs Lost	Hoxd12	Homeobox	HDGYAATGAAAN	0.001	4e-4	36.12	34.77	1.0388265746333043
B3	DiffBind
Gained vs Lost	RUNX1	Runt	AAACCACARM	0.001	5e-4	18.94	17.87	1.059876888640179
B3	DiffBind
Gained vs Lost	Max	bHLH	RCCACGTGGYYN	0.001	5e-4	10.75	9.91	1.084762865792129
B3	DiffBind
Gained vs Lost	Sox15	HMG	RAACAATGGN	0.001	7e-4	22.74	21.62	1.0518038852913967
B3	DiffBind
Gained vs Lost	MyoG	bHLH	AACAGCTG	0.001	9e-4	19.63	18.58	1.0565123789020452
B3	DiffBind
Gained vs Lost	Foxf1	Forkhead	WWATRTAAACAN	0.001	9e-4	19.52	18.48	1.0562770562770563
B3	DiffBind
Gained vs Lost	Rfx5	HTH	SCCTAGCAACAG	0.001	9e-4	6.35	5.73	1.1082024432809772
B3	DiffBind
Gained vs Lost	Klf15	Zf	RGGGGGCGGGGC	0.001	9e-4	15.1	14.17	1.0656316160903316
B3	DiffBind
Gained vs Lost	HNF6	Homeobox	NTATYGATCH	0.001	0.001	10.06	9.28	1.0840517241379313
B3	DiffBind
Gained vs Lost	FOXM1	Forkhead	TRTTTACTTW	0.001	0.0011	21.2	20.15	1.0521091811414391
B3	DiffBind
Gained vs Lost	ZNF41	Zf	CCTCATGGTGYCYTWYTCCCTTGTG	0.001	0.0013	0.52	0.37	1.4054054054054055
B3	DiffBind
Gained vs Lost	Esrrb	NR	KTGACCTTGA	0.001	0.0015	11.56	10.78	1.072356215213358
B3	DiffBind
Gained vs Lost	Tgif1	Homeobox	YTGWCADY	0.001	0.0017	58.84	57.58	1.021882598124349
B3	DiffBind
Gained vs Lost	Hoxb4	Homeobox	TGATTRATGGCY	0.001	0.0022	4.17	3.7	1.127027027027027
B3	DiffBind
Gained vs Lost	Sox4	HMG	YCTTTGTTCC	0.001	0.0025	17.85	16.95	1.0530973451327434
B3	DiffBind
Gained vs Lost	Cux2	Homeobox	HNRAATCAAT	0.01	0.0034	8.29	7.67	1.0808344198174706
B3	DiffBind
Gained vs Lost	RUNX	Runt	SAAACCACAG	0.01	0.0036	12.7	11.93	1.0645431684828164
B3	DiffBind
Gained vs Lost	KLF5	Zf	DGGGYGKGGC	0.01	0.0038	17.71	16.84	1.05166270783848
B3	DiffBind
Gained vs Lost	Nrf2	bZIP	HTGCTGAGTCAT	0.01	0.0038	0.82	0.64	1.28125
B3	DiffBind
Gained vs Lost	TFE3	bHLH	GTCACGTGACYV	0.01	0.0047	1.22	0.98	1.2448979591836735
B3	DiffBind
Gained vs Lost	Foxa2	Forkhead	CYTGTTTACWYW	0.01	0.0047	16.9	16.05	1.0529595015576323
B3	DiffBind
Gained vs Lost	GABPA	ETS	RACCGGAAGT	0.01	0.0048	16.79	15.96	1.0520050125313283
B3	DiffBind
Gained vs Lost	EHF	ETS	AVCAGGAAGT	0.01	0.0048	26.2	25.22	1.0388580491673276
B3	DiffBind
Gained vs Lost	ETS	ETS	AACCGGAAGT	0.01	0.0049	5.2	4.73	1.0993657505285412
B3	DiffBind
Gained vs Lost	BORIS	Zf	CNNBRGCGCCCCCTGSTGGC	0.01	0.0054	4.36	3.94	1.1065989847715736
B3	DiffBind
Gained vs Lost	KLF6	Zf	MKGGGYGTGGCC	0.01	0.0064	14.66	13.9	1.0546762589928058
B3	DiffBind
Gained vs Lost	PR	NR	VAGRACAKNCTGTBC	0.01	0.0069	42.32	41.25	1.025939393939394
B3	DiffBind
Gained vs Lost	Sox7	HMG	VVRRAACAATGG	0.01	0.0073	6.2	5.7	1.087719298245614
B3	DiffBind
Gained vs Lost	ELF5	ETS	ACVAGGAAGT	0.01	0.0073	14.73	13.98	1.053648068669528
B3	DiffBind
Gained vs Lost	MRE	NR	GGAACAGAVTGTCCT	0.01	0.0074	27.63	26.68	1.035607196401799
B3	DiffBind
Gained vs Lost	ERRg	NR	GTGACCTTGRVN	0.01	0.0075	14.74	14.01	1.0521056388294077
B3	DiffBind
Gained vs Lost	ARE	NR	RGRACASNSTGTYCYB	0.01	0.0084	4.84	4.41	1.0975056689342404
B3	DiffBind
Gained vs Lost	DUX	Homeobox	BCWGATTCAATCAAN	0.01	0.0087	0.06	0	NA
B3	DiffBind
Gained vs Lost	Hoxc9	Homeobox	GGCCATAAATCA	0.01	0.0088	10.33	9.71	1.0638516992790936
B3	DiffBind
Gained vs Lost	ZEB1	Zf	VCAGGTRDRY	0.01	0.0092	29.01	28.07	1.0334877092981831
B3	DiffBind
Gained vs Lost	STAT1	Stat	NATTTCCNGGAAAT	0.01	0.0095	6.57	6.08	1.080592105263158
B3	DiffBind
Gained vs Lost	Oct4	POU,Homeobox	ATTTGCATAW	0.01	0.0095	10	9.38	1.0660980810234542
B3	DiffBind
Gained vs Lost	p53	p53	RRCATGYCYRGRCATGYYYN	0.01	0.0102	1.67	1.44	1.1597222222222223
B3	DiffBind
Gained vs Lost	p53	p53	RRCATGYCYRGRCATGYYYN	0.01	0.0102	1.67	1.44	1.1597222222222223
B3	DiffBind
Gained vs Lost	Zfp541	Zf	NRSCWCGYGC	0.01	0.0102	9.37	8.79	1.0659840728100114
B3	DiffBind
Gained vs Lost	IRF8	IRF	GRAASTGAAAST	0.01	0.0108	6.13	5.66	1.0830388692579505
B3	DiffBind
Gained vs Lost	Hoxd10	Homeobox	GGCMATGAAA	0.01	0.011	24.03	23.18	1.036669542709232
B3	DiffBind
Gained vs Lost	FoxD3	forkhead	TGTTTAYTTAGC	0.01	0.0118	17.91	17.14	1.0449241540256708
B3	DiffBind
Gained vs Lost	NFAT	RHD	ATTTTCCATT	0.01	0.0122	18.98	18.22	1.0417124039517016
B3	DiffBind
Gained vs Lost	GRE	NR	NRGVACABNVTGTYCY	0.01	0.0122	2.42	2.14	1.130841121495327
B3	DiffBind
Gained vs Lost	Tlx?	NR	CTGGCAGSCTGCCA	0.01	0.0123	10.38	9.79	1.06026557711951
B3	DiffBind
Gained vs Lost	Sox21	HMG	BCCWTTGTBYKV	0.01	0.0124	34.77	33.83	1.0277859887673664
B3	DiffBind
Gained vs Lost	p73	p53	NRRRCAWGTCCDGRCATGYY	0.01	0.0124	0.84	0.68	1.2352941176470587
B3	DiffBind
Gained vs Lost	Hoxd9	Homeobox	RTGATTTATGGY	0.01	0.0126	7.22	6.71	1.0760059612518629
B3	DiffBind
Gained vs Lost	ZNF652/HepG2-ZNF652.Flag-ChIP-Seq	Encode	TTAACCCTTTVNKKN	0.01	0.013	4.88	4.48	1.0892857142857142
B3	DiffBind
Gained vs Lost	Nur77	NR	TGACCTTTNCNT	0.01	0.0134	3.87	3.52	1.0994318181818181
B3	DiffBind
Gained vs Lost	Meis1	Homeobox	VGCTGWCAVB	0.01	0.014	33.93	33	1.028181818181818
B3	DiffBind
Gained vs Lost	E2A	bHLH	DNRCAGCTGY	0.01	0.0156	25.5	24.68	1.03322528363047
B3	DiffBind
Gained vs Lost	HOXA1	Homeobox	TGATKGATGR	0.01	0.0157	5.39	4.98	1.0823293172690762
B3	DiffBind
Gained vs Lost	c-Jun-CRE	bZIP	ATGACGTCATCY	0.01	0.0164	5.3	4.88	1.0860655737704918
B3	DiffBind
Gained vs Lost	Atf1	bZIP	GATGACGTCA	0.01	0.017	11.63	11.05	1.0524886877828055
B3	DiffBind
Gained vs Lost	Etv2	ETS	NNAYTTCCTGHN	0.01	0.0217	18.38	17.69	1.0390050876201242
B3	DiffBind
Gained vs Lost	Sox17	HMG	CCATTGTTYB	0.01	0.0221	15.69	15.04	1.043218085106383
B3	DiffBind
Gained vs Lost	RORgt	NR	AAYTAGGTCA	0.01	0.0221	2.9	2.62	1.1068702290076335
B3	DiffBind
Gained vs Lost	RORgt	NR	AAYTAGGTCA	0.01	0.0221	2.9	2.62	1.1068702290076335
B3	DiffBind
Gained vs Lost	LHX9	Homeobox	NGCTAATTAG	0.01	0.0225	32.1	31.26	1.0268714011516316
B3	DiffBind
Gained vs Lost	bZIP:IRF	bZIP,IRF	NAGTTTCABTHTGACTNW	0.01	0.0228	9.34	8.82	1.0589569160997732
B3	DiffBind
Gained vs Lost	Foxh1	Forkhead	NNTGTGGATTSS	0.1	0.0242	11.75	11.18	1.0509838998211092
B3	DiffBind
Gained vs Lost	GATA3	Zf	AGATSTNDNNDSAGATAASN	0.1	0.0242	1.3	1.11	1.1711711711711712
B3	DiffBind
Gained vs Lost	CUX1	Homeobox	TATCGATNAN	0.1	0.0251	12.76	12.19	1.0467596390484004
B3	DiffBind
Gained vs Lost	MYRF	MYRF	AGTGCCTGGCAC	0.1	0.0255	9.29	8.78	1.0580865603644647
B3	DiffBind
Gained vs Lost	SPDEF	ETS	ASWTCCTGBT	0.1	0.0274	20.19	19.51	1.0348539210661198
B3	DiffBind
Gained vs Lost	Fli1	ETS	NRYTTCCGGH	0.1	0.0293	20.92	20.23	1.0341077607513594
B3	DiffBind
Gained vs Lost	Foxo3	Forkhead	DGTAAACA	0.1	0.0317	16.41	15.79	1.039265357821406
B3	DiffBind
Gained vs Lost	Hnf6b	Homeobox	TATTGAYY	0.1	0.0321	17.17	16.54	1.0380894800483678
B3	DiffBind
Gained vs Lost	ZNF669	Zf	GARTGGTCATCGCCC	0.1	0.0386	1.01	0.86	1.1744186046511629
B3	DiffBind
Gained vs Lost	Gata6	Zf	YCTTATCTBN	0.1	0.0392	18.5	17.88	1.034675615212528
B3	DiffBind
Gained vs Lost	TATA-Box	TBP	GSCTWTAAAAGG	0.1	0.0422	26.73	26.02	1.0272867025365104
B3	DiffBind
Gained vs Lost	EKLF	Zf	NWGGGTGTGGCY	0.1	0.0424	2.87	2.62	1.0954198473282444
B3	DiffBind
Gained vs Lost	ZNF16	Zf	MACCTTCYATGGCTCCCTAKTGCCY	0.1	0.046	0.11	0.07	1.5714285714285714
B3	DiffBind
Gained vs Lost	Npas4	bHLH	NHRTCACGACDN	0.1	0.0487	11.88	11.4	1.0421052631578949
B4	DiffBind
Lost vs Gained	LRF	Zf	AAGACCCYYN	1e-20	0	35.25	29.18	1.2080191912268676
B4	DiffBind
Lost vs Gained	SCRT1	Zf	GCAACAGGTG	1e-6	1e-4	6.31	4.79	1.3173277661795406
B4	DiffBind
Lost vs Gained	EAR2	NR	NRBCARRGGTCA	1e-5	2e-4	27.51	24.61	1.1178382771231208
B4	DiffBind
Lost vs Gained	ERb	NR	RGGTCAGGGTGACCT	1e-5	3e-4	8.04	6.42	1.2523364485981308
B4	DiffBind
Lost vs Gained	COUP-TFII	NR	AGRGGTCA	1e-5	6e-4	34.41	31.55	1.0906497622820919
B4	DiffBind
Lost vs Gained	HRE	HSF	TTCTAGAABNTTCTA	1e-5	6e-4	5.43	4.16	1.3052884615384615
B4	DiffBind
Lost vs Gained	EBF1	EBF	GTCCCCWGGGGA	1e-4	0.001	29.32	26.69	1.0985387785687524
B4	DiffBind
Lost vs Gained	COUP-TFII	NR	GKBCARAGGTCA	0.001	0.006	29.28	26.94	1.086859688195991
B4	DiffBind
Lost vs Gained	VDR	NR	ARAGGTCANWGAGTTCANNN	0.001	0.0081	4.35	3.39	1.2831858407079644
B4	DiffBind
Lost vs Gained	ZNF692	Zf	GTGGGCCCCA	0.001	0.043	3.3	2.58	1.2790697674418603
B4	DiffBind
Lost vs Gained	GLIS3	Zf	CTCCCTGGGAGGCCN	0.01	0.0464	36.45	34.39	1.0599011340505962
B4	DiffBind
Lost vs Gained	NFkB-p65	RHD	WGGGGATTTCCC	0.01	0.0464	11.4	10.09	1.1298315163528245
B4	DiffBind
Lost vs Gained	AP-2gamma	AP2	SCCTSAGGSCAW	0.01	0.0469	27.05	25.2	1.0734126984126984
B4	DiffBind
Lost vs Gained	Zac1	Zf	HAWGRGGCCM	0.01	0.0472	56.63	54.53	1.0385109114249038
B4	DiffBind
Lost vs Gained	EBF2	EBF	NABTCCCWDGGGAVH	0.01	0.0472	24.28	22.52	1.0781527531083481
C1	Gained
vs Lost	MyoD	bHLH	RRCAGCTGYTSY	1e-7	0	18.41	15.02	1.2256990679094542
C1	Gained
vs Lost	ZBTB18	Zf	AACATCTGGA	1e-7	0	9.39	6.95	1.3510791366906476
C1	Gained
vs Lost	Tcf12	bHLH	VCAGCTGYTG	1e-5	2e-4	22.98	19.72	1.1653144016227182
C1	Gained
vs Lost	Myf5	bHLH	BAACAGCTGT	1e-4	0.0022	16.52	14.02	1.1783166904422253
C1	Gained
vs Lost	Pbx3	Homeobox	SCTGTCAMTCAN	1e-4	0.0048	6.11	4.65	1.313978494623656
C1	Gained
vs Lost	MyoG	bHLH	AACAGCTG	1e-4	0.0067	25.07	22.37	1.1206973625391148
C1	Gained
vs Lost	EBF2	EBF	NABTCCCWDGGGAVH	0.001	0.0118	20.71	18.31	1.1310759148006555
C1	Gained
vs Lost	MNT	bHLH	DGCACACGTG	0.001	0.0156	18.3	16.09	1.1373523927905531
C1	Gained
vs Lost	Hnf6b	Homeobox	TATTGAYY	0.001	0.0249	13.61	11.75	1.1582978723404256
C1	Gained
vs Lost	Hoxd11	Homeobox	VGCCATAAAA	0.001	0.0326	40.29	37.63	1.0706882806271592
C1	Gained
vs Lost	NPAS	bHLH	NVCACGTG	0.001	0.0326	28.07	25.67	1.0934943513829372
C1	Gained
vs Lost	Ascl2	bHLH	SSRGCAGCTGCH	0.001	0.0326	25.77	23.45	1.0989339019189766
C1	Gained
vs Lost	Tcf21	bHLH	NAACAGCTGG	0.01	0.0417	23.85	21.69	1.099585062240664
C1	Gained
vs Lost	EBF	EBF	DGTCCCYRGGGA	0.01	0.0451	4.94	3.92	1.2602040816326532
C1	Gained
vs Lost	AMYB	HTH	TGGCAGTTGG	0.01	0.0451	30.63	28.3	1.0823321554770318
C2	Lost
vs Gained	Mesp1	bHLH	RCCATTTGBY	1e-36	0	21.99	15.48	1.4205426356589146
C2	Lost
vs Gained	RORg	NR	WAABTAGGTCAV	1e-34	0	4.73	1.99	2.376884422110553
C2	Lost
vs Gained	RORgt	NR	AAYTAGGTCA	9.999999999999999e-34	0	5.68	2.67	2.1273408239700373
C2	Lost
vs Gained	RORgt	NR	AAYTAGGTCA	9.999999999999999e-34	0	5.68	2.67	2.1273408239700373
C2	Lost
vs Gained	NF1	CTF	CYTGGCABNSTGCCAR	1e-22	0	16.58	12.07	1.3736536868268432
C2	Lost
vs Gained	Mef2a	MADS	CYAAAAATAG	1e-19	0	11.25	7.73	1.4553686934023284
C2	Lost
vs Gained	RORa	NR	AAWCTAGGTCARDNN	1e-18	0	6.1	3.62	1.6850828729281766
C2	Lost
vs Gained	Mef2d	MADS	GCTATTTTTAGC	1e-18	0	6.45	3.92	1.6454081632653061
C2	Lost
vs Gained	NeuroD1	bHLH	GCCATCTGTT	1e-18	0	33.3	27.85	1.1956912028725313
C2	Lost
vs Gained	NF1-halfsite	CTF	YTGCCAAG	1e-17	0	49.09	43.37	1.131888402121282
C2	Lost
vs Gained	Mef2c	MADS	DCYAAAAATAGM	1e-13	0	11.69	8.66	1.3498845265588915
C2	Lost
vs Gained	Mef2b	MADS	GCTATTTTTGGM	1e-13	0	20.01	16.17	1.2374768089053803
C2	Lost
vs Gained	Olig2	bHLH	RCCATMTGTT	1e-13	0	54.92	49.93	1.0999399158822352
C2	Lost
vs Gained	Atoh7	bHLH	KRRCAGCTGGTS	1e-10	0	27.96	24.03	1.16354556803995
C2	Lost
vs Gained	Atoh1	bHLH	VNRVCAGCTGGY	1e-9	0	37.9	33.81	1.1209701271813073
C2	Lost
vs Gained	Sp1	Zf	GGCCCCGCCCCC	1e-8	0	2.93	1.8	1.6277777777777778
C2	Lost
vs Gained	BHLHA15	bHLH	NAMCAGCTGK	1e-8	0	42.28	38.47	1.0990382115934496
C2	Lost
vs Gained	NeuroG2	bHLH	ACCATCTGTT	1e-8	0	46.93	43.14	1.0878535002318035
C2	Lost
vs Gained	Egr2	Zf	NGCGTGGGCGGR	1e-7	0	2.79	1.73	1.6127167630057804
C2	Lost
vs Gained	GSC	Homeobox	RGGATTAR	1e-7	0	19.96	17.15	1.1638483965014579
C2	Lost
vs Gained	ZNF189	Zf	TGGAACAGMA	1e-7	0	17.96	15.37	1.1685100845803515
C2	Lost
vs Gained	Tlx?	NR	CTGGCAGSCTGCCA	1e-6	0	15.83	13.39	1.1822255414488423
C2	Lost
vs Gained	NF1:FOXA1	CTF,Forkhead	WNTGTTTRYTTTGGCA	1e-6	0	1.12	0.57	1.9649122807017547
C2	Lost
vs Gained	FOXA1	Forkhead	WAAGTAAACA	1e-5	0	22.54	20	1.127
C2	Lost
vs Gained	KLF14	Zf	RGKGGGCGKGGC	1e-5	1e-4	27.47	24.79	1.1081081081081081
C2	Lost
vs Gained	Unknown-ESC-element	?	CACAGCAGGGGG	1e-5	1e-4	16.69	14.57	1.1455044612216885
C2	Lost
vs Gained	TCF4	bHLH	SMCATCTGKH	1e-5	2e-4	44.62	41.77	1.0682307876466361
C2	Lost
vs Gained	Ascl1	bHLH	NNVVCAGCTGBN	1e-4	2e-4	41.65	38.88	1.0712448559670782
C2	Lost
vs Gained	KLF10	Zf	GGGGGTGTGTCC	1e-4	2e-4	9.36	7.81	1.1984635083226631
C2	Lost
vs Gained	CRX	Homeobox	GCTAATCC	1e-4	4e-4	42.55	39.87	1.0672184599949837
C2	Lost
vs Gained	Foxf1	Forkhead	WWATRTAAACAN	1e-4	9e-4	17.65	15.72	1.1227735368956742
C2	Lost
vs Gained	Egr1	Zf	TGCGTGGGYG	1e-4	9e-4	11.09	9.53	1.1636935991605457
C2	Lost
vs Gained	HIC1	Zf	TGCCAGCB	1e-4	9e-4	49.4	46.81	1.055330057679983
C2	Lost
vs Gained	Otx2	Homeobox	NYTAATCCYB	0.001	0.0014	13.76	12.11	1.1362510322047894
C2	Lost
vs Gained	KLF3	Zf	NRGCCCCRCCCHBNN	0.001	0.0028	7.35	6.18	1.1893203883495145
C2	Lost
vs Gained	FOXA1:AR	Forkhead,NR	AGTAAACAAAAAAGAACAND	0.001	0.0031	1.1	0.68	1.6176470588235294
C2	Lost
vs Gained	Zic	Zf	CCTGCTGAGH	0.001	0.0032	23.18	21.25	1.0908235294117647
C2	Lost
vs Gained	FOXA1	Forkhead	WAAGTAAACA	0.001	0.0034	17.87	16.13	1.107873527588345
C2	Lost
vs Gained	Klf9	Zf	GCCACRCCCACY	0.001	0.0034	5.66	4.66	1.2145922746781115
C2	Lost
vs Gained	FOXP1	Forkhead	NYYTGTTTACHN	0.001	0.0037	9.29	8.01	1.15980024968789
C2	Lost
vs Gained	Zic3	Zf	GGCCYCCTGCTGDGH	0.001	0.0056	16.14	14.56	1.1085164835164836
C2	Lost
vs Gained	Pitx1	Homeobox	TAATCCCN	0.001	0.0063	67.93	65.84	1.0317436208991495
C2	Lost
vs Gained	MafK	bZIP	GCTGASTCAGCA	0.001	0.0064	5.31	4.4	1.2068181818181816
C2	Lost
vs Gained	Fli1	ETS	NRYTTCCGGH	0.001	0.0069	22.94	21.17	1.0836088804912611
C2	Lost
vs Gained	TRPS1	Zf	AGATAAGANN	0.001	0.0071	36.65	34.57	1.0601677755279144
C2	Lost
vs Gained	EWS:ERG-fusion	ETS	ATTTCCTGTN	0.001	0.0076	16.42	14.86	1.1049798115746974
C2	Lost
vs Gained	Foxa3	Forkhead	BSNTGTTTACWYWGN	0.001	0.0086	6.62	5.62	1.1779359430604983
C2	Lost
vs Gained	Twist2	bHLH	MCAGCTGBYH	0.001	0.0089	48.45	46.36	1.0450819672131149
C2	Lost
vs Gained	KLF17	Zf	GCYCCGCCCCYH	0.01	0.0126	6.54	5.58	1.1720430107526882
C2	Lost
vs Gained	ELF5	ETS	ACVAGGAAGT	0.01	0.0156	14.84	13.47	1.1017074981440238
C2	Lost
vs Gained	STAT6	Stat	ABTTCYYRRGAA	0.01	0.0159	10.74	9.55	1.1246073298429318
C2	Lost
vs Gained	Ptf1a	bHLH	ACAGCTGTTN	0.01	0.0208	57.5	55.61	1.03398669304082
C2	Lost
vs Gained	Npas4	bHLH	NHRTCACGACDN	0.01	0.0218	11.31	10.16	1.1131889763779528
C2	Lost
vs Gained	Ronin	THAP	RACTACAACTCCCAGVAKGC	0.01	0.0218	0.27	0.13	2.076923076923077
C2	Lost
vs Gained	Etv2	ETS	NNAYTTCCTGHN	0.01	0.0221	21.06	19.56	1.0766871165644172
C2	Lost
vs Gained	STAT6	Stat	TTCCKNAGAA	0.01	0.0306	11.16	10.06	1.1093439363817097
C2	Lost
vs Gained	FOXM1	Forkhead	TRTTTACTTW	0.01	0.0315	19	17.61	1.0789324247586598
C2	Lost
vs Gained	HOXA2	Homeobox	GYCATCMATCAT	0.01	0.0351	1.58	1.17	1.3504273504273505
C2	Lost
vs Gained	ETS1	ETS	ACAGGAAGTG	0.01	0.0351	22.34	20.89	1.0694112015318333
C2	Lost
vs Gained	FoxL2	Forkhead	WWTRTAAACAVG	0.01	0.0371	16.16	14.9	1.0845637583892618
