cluster_id	n_overlaps	kept_index	kept_resolution	kept_fdr	merged_indices	merged_resolutions
2	2	1628	10kb	0.0006576630843075	2,1628	5kb,10kb
3	3	1172	10kb	1.86261900083425e-05	3,1172,44	5kb,10kb,5kb
6	2	1701	10kb	0.0017252091709439	6,1701	5kb,10kb
8	3	2667	25kb	0.0004684422489338	8,1732,2667	5kb,10kb,25kb
10	2	1746	10kb	0.0034116165698337	10,1746	5kb,10kb
12	2	1781	10kb	0.0031180078591711	12,1781	5kb,10kb
15	2	1186	10kb	3.02875082049036e-06	15,1186	5kb,10kb
16	3	2681	25kb	5.68864062262666e-05	16,1820,2681	5kb,10kb,25kb
19	2	1927	10kb	0.0112145055738813	19,1927	5kb,10kb
20	2	1936	10kb	6.71156898012222e-05	20,1936	5kb,10kb
23	2	1144	10kb	0.0015326090365922	23,1144	5kb,10kb
24	2	2034	10kb	3.14224082486974e-05	24,2034	5kb,10kb
26	3	3646	25kb	0.0009143091278898	26,2041,3646	5kb,10kb,25kb
29	2	2091	10kb	0.000384580681911	29,2091	5kb,10kb
34	3	2185	10kb	0.0006548165469775	34,2185,3505	5kb,10kb,25kb
35	2	1158	10kb	0.0003614764220882	35,1158	5kb,10kb
36	3	3503	25kb	0.0002589436056028	36,1157,3503	5kb,10kb,25kb
39	2	2221	10kb	0.0020457195262961	39,2221	5kb,10kb
42	2	1622	10kb	2.57709819655521e-05	42,1622	5kb,10kb
44	3	1173	10kb	1.8502089672842e-05	45,1173,3214	5kb,10kb,25kb
51	3	3308	25kb	0.0005650977096149	52,1844,3308	5kb,10kb,25kb
54	2	1938	10kb	2.50458627324543e-05	55,1938	5kb,10kb
56	3	1958	10kb	2.41477285657953e-05	57,1958,605	5kb,10kb,5kb
57	2	2013	10kb	0.003276241804923	58,2013	5kb,10kb
62	3	2361	10kb	5.75823574649592e-05	63,2361,1069	5kb,10kb,5kb
68	2	1231	10kb	0.0060858628107524	69,1231	5kb,10kb
69	3	2266	10kb	0.000133523178893	70,2266,3165	5kb,10kb,25kb
70	2	1616	10kb	0.0001395794781755	71,1616	5kb,10kb
71	3	1618	10kb	0.0008478707314906	72,1618,3177	5kb,10kb,25kb
77	2	1675	10kb	0.0001306749303275	78,1675	5kb,10kb
83	2	1753	10kb	0.0030749859243435	84,1753	5kb,10kb
84	2	1740	10kb	4.69297804567962e-05	85,1740	5kb,10kb
87	2	1800	10kb	0.0029717674829817	88,1800	5kb,10kb
89	3	1843	10kb	0.0007343824111495	90,1843,3302	5kb,10kb,25kb
90	2	1841	10kb	0.0009505000050692	91,1841	5kb,10kb
91	2	1274	10kb	0.0001620660208252	92,1274	5kb,10kb
92	2	1275	10kb	7.74277804085203e-05	93,1275	5kb,10kb
96	2	2629	10kb	0.0031581680320535	97,2629	5kb,10kb
97	2	2326	10kb	0.0007204604398812	98,2326	5kb,10kb
99	2	1141	10kb	0.0019012489101667	100,1141	5kb,10kb
100	2	1364	10kb	0.0008197874651893	101,1364	5kb,10kb
101	3	3368	25kb	0.0016140558077295	102,2334,3368	5kb,10kb,25kb
102	2	1930	10kb	0.0097761483798808	103,1930	5kb,10kb
105	2	2341	10kb	0.0007489451877104	106,2341	5kb,10kb
106	2	1991	10kb	9.41534420221487e-05	107,1991	5kb,10kb
107	2	2340	10kb	0.0014566921028054	108,2340	5kb,10kb
109	3	1289	10kb	0.0004995099625223	110,1289,3400	5kb,10kb,25kb
111	2	2558	10kb	0.0032089158864276	112,2558	5kb,10kb
115	2	2092	10kb	0.0001812379486588	116,2092	5kb,10kb
117	2	118	5kb	0.004789085760411	118,2095	5kb,10kb
119	3	3464	25kb	0.0014518412338507	120,2135,3464	5kb,10kb,25kb
120	2	2187	10kb	9.11944669701854e-06	121,2187	5kb,10kb
122	2	123	5kb	0.0250220643515027	123,2180	5kb,10kb
124	2	2194	10kb	0.0149873355543256	125,2194	5kb,10kb
126	2	1323	10kb	0.0005410499886787	127,1323	5kb,10kb
130	2	2473	10kb	0.0087001841420762	131,2473	5kb,10kb
132	3	2661	25kb	0.0001647257840287	133,2401,2661	5kb,10kb,25kb
133	2	1751	10kb	0.0014296496134987	134,1751	5kb,10kb
134	3	3693	25kb	0.0008959320518175	135,2406,3693	5kb,10kb,25kb
136	2	2509	10kb	0.0002667337326173	137,2509	5kb,10kb
139	2	2517	10kb	0.0002097205010062	140,2517	5kb,10kb
141	2	1353	10kb	0.0007128315915334	142,1353	5kb,10kb
144	2	2526	10kb	0.0011334870390458	145,2526	5kb,10kb
146	3	2535	10kb	1.898274647806e-06	147,2535,3771	5kb,10kb,25kb
151	2	2336	10kb	0.0003953637294756	152,2336	5kb,10kb
155	2	2552	10kb	0.0048031221160271	156,2552	5kb,10kb
157	2	2344	10kb	0.0042195686400262	158,2344	5kb,10kb
158	2	2348	10kb	0.0003236044399047	159,2348	5kb,10kb
159	2	2434	10kb	0.00487576627807	160,2434	5kb,10kb
160	2	161	5kb	8.65494021168448e-05	161,2565	5kb,10kb
161	2	2566	10kb	9.24421070689309e-05	162,2566	5kb,10kb
163	2	2573	10kb	0.0001578212935421	164,2573	5kb,10kb
164	2	2581	10kb	0.0015036067089252	165,2581	5kb,10kb
166	2	2590	10kb	0.0002560788050099	167,2590	5kb,10kb
167	2	2584	10kb	4.23239390312694e-07	168,2584	5kb,10kb
168	2	1388	10kb	0.001380733292285	169,1388	5kb,10kb
169	2	2643	10kb	0.0027103334347125	170,2643	5kb,10kb
170	3	2594	10kb	0.0001051094521554	171,2594,1116	5kb,10kb,5kb
173	2	2596	10kb	8.73917306613544e-05	174,2596	5kb,10kb
174	2	1401	10kb	0.0012365711268571	175,1401	5kb,10kb
175	2	2605	10kb	0.0020776213331827	176,2605	5kb,10kb
176	2	2612	10kb	0.0004499321305313	177,2612	5kb,10kb
182	2	2463	10kb	1.17763178625359e-05	183,2463	5kb,10kb
183	2	1416	10kb	7.58713743508368e-07	184,1416	5kb,10kb
184	2	2482	10kb	0.0054367440422653	185,2482	5kb,10kb
185	2	186	5kb	0.0008969943811552	186,2486	5kb,10kb
187	2	1711	10kb	3.47822025692172e-06	188,1711	5kb,10kb
190	2	1769	10kb	4.28184678644197e-06	191,1769	5kb,10kb
191	2	2503	10kb	0.000105561453952	192,2503	5kb,10kb
192	2	1426	10kb	0.000444592212377	193,1426	5kb,10kb
197	2	2516	10kb	0.0019103181327554	198,2516	5kb,10kb
198	2	2315	10kb	0.0001620660208252	199,2315	5kb,10kb
202	2	2631	10kb	0.0015630567938121	203,2631	5kb,10kb
204	2	2333	10kb	3.75500218322007e-05	205,2333	5kb,10kb
205	3	3364	25kb	0.0001800657231761	206,1934,3364	5kb,10kb,25kb
206	2	2546	10kb	3.3019360031751e-05	207,2546	5kb,10kb
208	2	1451	10kb	0.0003159861036178	209,1451	5kb,10kb
210	2	2637	10kb	0.0078955558276212	211,2637	5kb,10kb
212	2	2005	10kb	7.14733310540432e-05	213,2005	5kb,10kb
213	3	2024	10kb	0.0011002524278069	214,2024,3420	5kb,10kb,25kb
215	2	1458	10kb	3.92342140348747e-05	216,1458	5kb,10kb
224	2	2587	10kb	0.0010136760339766	225,2587	5kb,10kb
225	2	2368	10kb	0.000133523178893	226,2368	5kb,10kb
226	2	2595	10kb	3.05982770416201e-05	227,2595	5kb,10kb
227	2	1485	10kb	0.0001448352642503	228,1485	5kb,10kb
229	2	1221	10kb	0.0027696996234338	230,1221	5kb,10kb
230	2	2602	10kb	0.0002097205010062	231,2602	5kb,10kb
231	2	1490	10kb	0.0003535017166414	232,1490	5kb,10kb
232	3	3667	25kb	0.0009388363721193	233,2222,3667	5kb,10kb,25kb
234	3	3552	25kb	0.0006496544239805	235,2650,3552	5kb,10kb,25kb
236	2	2471	10kb	7.15200267494884e-06	237,2471	5kb,10kb
238	4	1412	10kb	7.30375806186524e-05	239,1335,1170,1412	5kb,10kb,10kb,10kb
239	3	2474	10kb	5.70586075333259e-05	240,2474,3742	5kb,10kb,25kb
240	3	3570	25kb	2.30703680920792e-05	241,2397,3570	5kb,10kb,25kb
241	2	2478	10kb	7.62785935965848e-05	242,2478	5kb,10kb
242	3	2284	10kb	0.0050465063625916	243,977,2284	5kb,5kb,10kb
244	2	2281	10kb	0.0049677762781796	245,2281	5kb,10kb
245	2	2621	10kb	4.33517327452388e-06	246,2621	5kb,10kb
248	2	1511	10kb	0.0035888927370438	249,1511	5kb,10kb
249	2	2484	10kb	2.13609666675241e-05	250,2484	5kb,10kb
252	3	2936	25kb	0.0001739503752604	253,2287,2936	5kb,10kb,25kb
253	2	1517	10kb	4.77881647332571e-05	254,1517	5kb,10kb
254	3	3232	25kb	0.0029451535665983	255,2288,3232	5kb,10kb,25kb
255	4	1420	10kb	0.0001055846302426	256,1420,2496,3236	5kb,10kb,10kb,25kb
256	2	1522	10kb	3.90306927230869e-05	257,1522	5kb,10kb
258	3	2626	10kb	0.0001475029181894	259,2626,3819	5kb,10kb,25kb
260	2	1533	10kb	9.83795602635664e-06	261,1533	5kb,10kb
262	2	2303	10kb	0.0001267397753181	263,2303	5kb,10kb
263	3	264	5kb	0.0034223313618301	264,1534,3759	5kb,10kb,25kb
264	2	1808	10kb	0.0008235910256172	265,1808	5kb,10kb
267	3	3299	25kb	0.0001912449142094	268,1837,3299	5kb,10kb,25kb
269	3	3762	25kb	4.68430123793292e-05	270,2523,3762	5kb,10kb,25kb
274	2	2425	10kb	0.0041345046544976	275,2425	5kb,10kb
278	2	1547	10kb	0.0033887938319704	279,1547	5kb,10kb
279	3	2531	10kb	8.25611203242382e-06	280,2531,3770	5kb,10kb,25kb
283	2	2634	10kb	0.0036188307084542	284,2634	5kb,10kb
284	2	285	5kb	0.0015937157447812	285,1933	5kb,10kb
286	2	2547	10kb	0.0056854676367995	287,2547	5kb,10kb
287	2	2430	10kb	6.1721781847153e-06	288,2430	5kb,10kb
288	2	1552	10kb	5.08961242090346e-07	289,1552	5kb,10kb
291	3	3404	25kb	0.0043712751723879	292,2432,3404	5kb,10kb,25kb
292	2	293	5kb	0.0172595246413794	293,2025	5kb,10kb
295	2	2078	10kb	0.0002196504334113	296,2078	5kb,10kb
302	2	303	5kb	9.25937846241952e-05	303,2592	5kb,10kb
304	3	3798	25kb	0.0004549193861901	305,1586,3798	5kb,10kb,25kb
306	2	1587	10kb	0.000118327234019	307,1587	5kb,10kb
307	3	3838	25kb	6.64588690520368e-05	308,2645,3838	5kb,10kb,25kb
309	3	2600	10kb	5.15192962683633e-06	310,2600,3801	5kb,10kb,25kb
310	2	2207	10kb	0.000318071522105	311,2207	5kb,10kb
312	2	2451	10kb	1.8011986933908e-05	313,2451	5kb,10kb
314	2	2606	10kb	0.0011303436053709	315,2606	5kb,10kb
317	2	2651	10kb	0.0006178779376761	318,2651	5kb,10kb
318	2	2652	10kb	0.0001905368768527	319,2652	5kb,10kb
321	2	1598	10kb	0.000118327234019	322,1598	5kb,10kb
323	2	1602	10kb	0.0002317664867537	324,1602	5kb,10kb
324	2	1599	10kb	0.0002427208133397	325,1599	5kb,10kb
325	2	1600	10kb	0.0005179777974079	326,1600	5kb,10kb
329	2	1603	10kb	9.79022421373531e-05	330,1603	5kb,10kb
331	2	332	5kb	0.0024140713250307	332,3164	5kb,25kb
332	2	1601	10kb	0.0003724670599774	333,1601	5kb,10kb
334	2	1610	10kb	9.64642177120388e-06	335,1610	5kb,10kb
336	3	1606	10kb	2.48155608620934e-06	337,1606,3172	5kb,10kb,25kb
337	2	1614	10kb	0.001223849428592	338,1614	5kb,10kb
338	2	1611	10kb	5.65659333580091e-05	339,1611	5kb,10kb
340	4	1169	10kb	1.77749862310126e-05	341,1169,1623,3181	5kb,10kb,10kb,25kb
341	2	1624	10kb	0.0003488025593033	342,1624	5kb,10kb
343	2	1631	10kb	0.0003403236496112	344,1631	5kb,10kb
344	2	1626	10kb	0.0001582795878386	345,1626	5kb,10kb
347	2	1629	10kb	0.0017265292068672	348,1629	5kb,10kb
348	2	1636	10kb	0.0002357849273924	349,1636	5kb,10kb
349	2	1627	10kb	0.0003301896334718	350,1627	5kb,10kb
350	2	1640	10kb	0.0008478707314906	351,1640	5kb,10kb
351	2	1634	10kb	0.0001921143146866	352,1634	5kb,10kb
352	2	1637	10kb	0.0044877301949606	353,1637	5kb,10kb
353	2	1632	10kb	0.0002113574119456	354,1632	5kb,10kb
354	2	1635	10kb	8.73917306613544e-05	355,1635	5kb,10kb
355	3	3187	25kb	2.90106265499192e-06	356,1647,3187	5kb,10kb,25kb
356	3	3190	25kb	0.0016238692095461	357,1642,3190	5kb,10kb,25kb
357	2	1658	10kb	0.0010076387277593	358,1658	5kb,10kb
358	2	1657	10kb	7.8908013645326e-05	359,1657	5kb,10kb
360	2	1659	10kb	6.1721781847153e-06	361,1659	5kb,10kb
365	3	1663	10kb	1.13301506920466e-05	366,1663,3208	5kb,10kb,25kb
366	2	1668	10kb	0.0004313320282983	367,1668	5kb,10kb
368	2	1672	10kb	0.0004951592061202	369,1672	5kb,10kb
369	2	1665	10kb	3.02875082049036e-06	370,1665	5kb,10kb
371	3	1667	10kb	1.39167741330901e-06	372,1667,3209	5kb,10kb,25kb
375	2	1677	10kb	0.0031581680320535	376,1677	5kb,10kb
378	2	1676	10kb	6.09584071576702e-06	379,1676	5kb,10kb
380	2	1674	10kb	0.0001395794781755	381,1674	5kb,10kb
382	2	1666	10kb	1.24505052072546e-06	383,1666	5kb,10kb
384	3	1678	10kb	1.6938129113648e-05	385,1678,3212	5kb,10kb,25kb
386	2	1671	10kb	4.28184678644197e-06	387,1671	5kb,10kb
387	2	1683	10kb	0.0003809528710097	388,1683	5kb,10kb
388	2	1680	10kb	2.19326942831711e-05	389,1680	5kb,10kb
391	2	1688	10kb	2.1164790713458e-07	392,1688	5kb,10kb
392	2	1682	10kb	3.16081887622568e-05	393,1682	5kb,10kb
393	2	1681	10kb	0.0003017967301932	394,1681	5kb,10kb
394	2	1694	10kb	3.14224082486974e-05	395,1694	5kb,10kb
395	2	1695	10kb	0.0005358218884176	396,1695	5kb,10kb
399	2	1696	10kb	6.12357500390182e-07	400,1696	5kb,10kb
403	3	1699	10kb	0.0001055846302426	404,1699,3230	5kb,10kb,25kb
405	2	1697	10kb	0.0002078966930579	406,1697	5kb,10kb
406	2	2402	10kb	1.34158074214592e-05	407,2402	5kb,10kb
408	2	1705	10kb	0.0025970618356423	409,1705	5kb,10kb
409	2	1703	10kb	0.0019000808258294	410,1703	5kb,10kb
410	2	411	5kb	0.0026759495629845	411,1702	5kb,10kb
412	2	1700	10kb	0.0002472770592892	413,1700	5kb,10kb
414	2	1125	10kb	0.000345601027829	415,1125	5kb,10kb
415	2	1698	10kb	0.0003403236496112	416,1698	5kb,10kb
416	2	1704	10kb	0.0001061091616166	417,1704	5kb,10kb
417	3	1722	10kb	2.87022132418363e-06	418,1722,3244	5kb,10kb,25kb
418	2	1723	10kb	3.3019360031751e-05	419,1723	5kb,10kb
419	2	1726	10kb	0.0005349772295251	420,1726	5kb,10kb
420	2	1728	10kb	0.000255779478483	421,1728	5kb,10kb
421	2	1724	10kb	0.0006127677332604	422,1724	5kb,10kb
426	2	1727	10kb	1.8011986933908e-05	427,1727	5kb,10kb
427	2	1733	10kb	0.0001181848200944	428,1733	5kb,10kb
431	2	432	5kb	0.0002932166096551	432,1747	5kb,10kb
432	2	1734	10kb	9.55528657279176e-05	433,1734	5kb,10kb
433	3	1346	10kb	5.38709584330198e-05	434,1346,1729	5kb,10kb,10kb
435	3	1739	10kb	5.62305250881177e-05	436,1739,3247	5kb,10kb,25kb
436	2	1738	10kb	0.0005187724685568	437,1738	5kb,10kb
439	2	1757	10kb	0.0001385807929602	440,1757	5kb,10kb
441	3	1763	10kb	0.0008072717804058	442,1763,1099	5kb,10kb,5kb
442	2	1762	10kb	0.0002404465015559	443,1762	5kb,10kb
443	2	1758	10kb	5.15312599322482e-05	444,1758	5kb,10kb
445	2	1761	10kb	0.0014566921028054	446,1761	5kb,10kb
447	2	1760	10kb	0.0003094793138565	448,1760	5kb,10kb
449	2	1765	10kb	3.3019360031751e-05	450,1765	5kb,10kb
451	2	1764	10kb	4.23239390312694e-07	452,1764	5kb,10kb
452	2	1771	10kb	0.0013946163798406	453,1771	5kb,10kb
453	2	1778	10kb	0.0002915310932023	454,1778	5kb,10kb
454	2	2513	10kb	0.0002097205010062	455,2513	5kb,10kb
455	2	1783	10kb	0.0003117418022119	456,1783	5kb,10kb
458	2	1784	10kb	0.0008956865543226	459,1784	5kb,10kb
459	2	1785	10kb	1.65984896620628e-05	460,1785	5kb,10kb
461	2	1790	10kb	0.0001440480472415	462,1790	5kb,10kb
462	2	1780	10kb	0.0003025509065712	463,1780	5kb,10kb
463	2	1787	10kb	0.0002034282663996	464,1787	5kb,10kb
466	2	1786	10kb	0.0011176921476137	467,1786	5kb,10kb
469	3	1791	10kb	2.53086045851812e-06	470,1791,3755	5kb,10kb,25kb
470	3	2409	10kb	0.0001605283908668	471,1131,2409	5kb,10kb,10kb
473	2	1788	10kb	0.0002915310932023	474,1788	5kb,10kb
475	2	1793	10kb	0.0019502796989981	476,1793	5kb,10kb
476	2	1805	10kb	0.0031180078591711	477,1805	5kb,10kb
480	3	1816	10kb	0.000263126073094	481,1816,3295	5kb,10kb,25kb
481	2	1815	10kb	0.0013719508045915	482,1815	5kb,10kb
483	2	1814	10kb	1.93214600406245e-05	484,1814	5kb,10kb
485	3	1817	10kb	6.39627325194926e-05	486,1817,3291	5kb,10kb,25kb
486	3	1827	10kb	2.38289819960013e-05	487,1827,3294	5kb,10kb,25kb
487	2	1821	10kb	0.0001620660208252	488,1821	5kb,10kb
488	2	1822	10kb	0.0006552297053328	489,1822	5kb,10kb
489	2	1828	10kb	8.8844604722775e-06	490,1828	5kb,10kb
490	2	1847	10kb	0.0006032469620306	491,1847	5kb,10kb
491	2	1846	10kb	2.00970957379328e-05	492,1846	5kb,10kb
494	2	1849	10kb	6.56174643023815e-05	495,1849	5kb,10kb
495	2	1857	10kb	1.77621022325217e-05	496,1857	5kb,10kb
499	2	1850	10kb	0.0009955288920722	500,1850	5kb,10kb
500	2	1851	10kb	0.0011569565743949	501,1851	5kb,10kb
501	2	1854	10kb	0.0005421864452165	502,1854	5kb,10kb
503	3	1853	10kb	0.0001712103464991	504,1853,3312	5kb,10kb,25kb
504	2	1852	10kb	0.0006354987107604	505,1852	5kb,10kb
505	2	1859	10kb	0.0079323849998254	506,1859	5kb,10kb
511	2	1867	10kb	3.05982770416201e-05	512,1867	5kb,10kb
512	3	1869	10kb	0.0001401005045069	513,1869,3320	5kb,10kb,25kb
514	2	1866	10kb	0.0003236044399047	515,1866	5kb,10kb
518	2	1872	10kb	2.93193231433871e-06	519,1872	5kb,10kb
519	2	1881	10kb	0.0003419104194394	520,1881	5kb,10kb
522	2	1868	10kb	0.0003896080186717	523,1868	5kb,10kb
525	2	1871	10kb	0.0023088195591801	526,1871	5kb,10kb
526	2	527	5kb	0.0038101550368688	527,1880	5kb,10kb
527	2	1873	10kb	0.0003289089096797	528,1873	5kb,10kb
528	2	1870	10kb	0.0008997322092564	529,1870	5kb,10kb
529	3	1879	10kb	5.14748405098683e-05	530,1879,3322	5kb,10kb,25kb
532	2	2322	10kb	0.0004622527243763	533,2322	5kb,10kb
533	2	1886	10kb	0.0002232499008381	534,1886	5kb,10kb
536	2	1874	10kb	7.58713743508368e-07	537,1874	5kb,10kb
538	2	1878	10kb	0.0006178779376761	539,1878	5kb,10kb
539	3	1887	10kb	5.50314405009791e-05	540,1887,3324	5kb,10kb,25kb
540	2	1890	10kb	0.0021907855139116	541,1890	5kb,10kb
541	2	1889	10kb	0.0067684516018981	542,1889	5kb,10kb
543	2	1894	10kb	0.0036759753885937	544,1894	5kb,10kb
544	2	1900	10kb	0.0003275313930712	545,1900	5kb,10kb
545	2	1883	10kb	1.64361213969897e-05	546,1883	5kb,10kb
546	2	1892	10kb	0.0010835149120923	547,1892	5kb,10kb
547	2	1891	10kb	0.0010485716124667	548,1891	5kb,10kb
548	2	1888	10kb	0.0006246405826659	549,1888	5kb,10kb
556	2	1917	10kb	0.0029826171205333	557,1917	5kb,10kb
558	2	1915	10kb	6.02597690397005e-05	559,1915	5kb,10kb
561	2	1919	10kb	0.0003088451708974	562,1919	5kb,10kb
562	2	1920	10kb	1.03773045475256e-05	563,1920	5kb,10kb
563	2	1916	10kb	0.0043611755077165	564,1916	5kb,10kb
564	2	2543	10kb	0.0004756079971463	565,2543	5kb,10kb
567	2	1918	10kb	0.0027081471557925	568,1918	5kb,10kb
568	3	1199	10kb	3.09856435339299e-05	569,1199,1281	5kb,10kb,10kb
570	2	1923	10kb	4.92912475542331e-05	571,1923	5kb,10kb
571	2	1926	10kb	0.0013583720542738	572,1926	5kb,10kb
572	2	1929	10kb	0.0002092856416884	573,1929	5kb,10kb
573	2	1925	10kb	3.3019360031751e-05	574,1925	5kb,10kb
574	2	1922	10kb	0.0012040204723109	575,1922	5kb,10kb
575	2	1939	10kb	0.0003755840423094	576,1939	5kb,10kb
576	2	2428	10kb	4.97081902801563e-05	577,2428	5kb,10kb
578	2	1940	10kb	0.0003185645984183	579,1940	5kb,10kb
582	2	1954	10kb	0.000318071522105	583,1954	5kb,10kb
583	2	1953	10kb	7.76705542782673e-05	584,1953	5kb,10kb
584	2	1957	10kb	0.0008918732337648	585,1957	5kb,10kb
585	3	3375	25kb	0.0001072144786012	586,1956,3375	5kb,10kb,25kb
586	2	1962	10kb	3.02875082049036e-06	587,1962	5kb,10kb
589	2	1959	10kb	8.8844604722775e-06	590,1959	5kb,10kb
594	2	1963	10kb	6.2355993654228e-05	595,1963	5kb,10kb
597	3	1961	10kb	3.14224082486974e-05	598,1961,3380	5kb,10kb,25kb
604	2	1974	10kb	0.0001244685600245	606,1974	5kb,10kb
605	2	1968	10kb	0.0011986528141615	607,1968	5kb,10kb
607	2	1971	10kb	2.64891885396266e-05	609,1971	5kb,10kb
609	2	1973	10kb	0.001495362064017	611,1973	5kb,10kb
610	2	1964	10kb	4.10411974264608e-06	612,1964	5kb,10kb
611	3	1966	10kb	1.68106661628685e-05	613,1966,1035	5kb,10kb,5kb
613	3	1982	10kb	4.55125019463918e-05	615,1982,3385	5kb,10kb,25kb
614	3	1965	10kb	4.39190496800518e-05	616,1965,3376	5kb,10kb,25kb
615	2	1975	10kb	0.0047914946652797	617,1975	5kb,10kb
616	2	1969	10kb	0.0001812379486588	618,1969	5kb,10kb
617	2	1970	10kb	0.0006738363189204	619,1970	5kb,10kb
618	2	1983	10kb	1.56897522131108e-06	620,1983	5kb,10kb
620	2	1972	10kb	1.78515973396842e-06	622,1972	5kb,10kb
622	2	1976	10kb	0.0004568772996086	624,1976	5kb,10kb
623	2	1981	10kb	6.87049644561236e-05	625,1981	5kb,10kb
624	3	1977	10kb	2.70086165879585e-06	626,1977,3381	5kb,10kb,25kb
625	2	1992	10kb	3.3019360031751e-05	627,1992	5kb,10kb
626	3	1995	10kb	2.54156556934787e-07	628,1995,3388	5kb,10kb,25kb
628	2	1986	10kb	0.0006695222101311	630,1986	5kb,10kb
630	2	1994	10kb	2.26258547217019e-05	632,1994	5kb,10kb
633	2	635	5kb	0.0020070478093704	635,1999	5kb,10kb
634	3	2004	10kb	0.0003597607108867	636,2004,3393	5kb,10kb,25kb
635	2	2006	10kb	0.0038674432313556	637,2006	5kb,10kb
639	3	2020	10kb	2.87997538559923e-05	641,2020,3414	5kb,10kb,25kb
640	2	2022	10kb	0.0014291067769106	642,2022	5kb,10kb
641	2	2021	10kb	0.0007852542451953	643,2021	5kb,10kb
645	2	2033	10kb	0.0014306878002247	647,2033	5kb,10kb
649	2	2035	10kb	0.0012240895388089	651,2035	5kb,10kb
650	2	2031	10kb	0.0003094793138565	652,2031	5kb,10kb
651	2	2030	10kb	0.0006694089507019	653,2030	5kb,10kb
652	2	2037	10kb	0.0003340909577808	654,2037	5kb,10kb
654	2	2032	10kb	0.0004806398676794	656,2032	5kb,10kb
659	2	2036	10kb	2.40482192384337e-05	661,2036	5kb,10kb
660	2	2057	10kb	0.0011019456255042	662,2057	5kb,10kb
662	2	2061	10kb	0.0006430416249234	664,2061	5kb,10kb
664	2	2064	10kb	2.79737887997e-05	666,2064	5kb,10kb
670	2	2065	10kb	0.0001401005045069	672,2065	5kb,10kb
671	2	2066	10kb	0.0001380545376996	673,2066	5kb,10kb
672	3	3130	25kb	0.0001909991675675	674,2062,3130	5kb,10kb,25kb
674	2	2063	10kb	0.0007897412899546	676,2063	5kb,10kb
677	2	2071	10kb	0.0023499803679277	679,2071	5kb,10kb
679	2	2074	10kb	0.0001081701542595	681,2074	5kb,10kb
681	2	2079	10kb	0.0007997251239207	683,2079	5kb,10kb
683	2	2070	10kb	4.49446777177958e-06	685,2070	5kb,10kb
684	3	3438	25kb	6.91951560597886e-05	686,2073,3438	5kb,10kb,25kb
685	3	2076	10kb	8.65847429969411e-05	687,2076,3441	5kb,10kb,25kb
686	2	2353	10kb	8.14802466965295e-05	688,2353	5kb,10kb
687	3	2082	10kb	8.82288064173624e-06	689,2082,3651	5kb,10kb,25kb
689	2	2088	10kb	0.0053152188153824	691,2088	5kb,10kb
691	2	2081	10kb	1.53766333648656e-05	693,2081	5kb,10kb
692	2	2090	10kb	0.0021914533570711	694,2090	5kb,10kb
693	2	2075	10kb	0.0002625840976971	695,2075	5kb,10kb
694	3	2085	10kb	0.0001291494247347	696,2085,3442	5kb,10kb,25kb
695	2	2108	10kb	7.04455419773794e-05	697,2108	5kb,10kb
700	2	2111	10kb	0.0007308804201869	702,2111	5kb,10kb
704	2	2113	10kb	0.0001585703216322	706,2113	5kb,10kb
707	2	2112	10kb	0.0002097205010062	709,2112	5kb,10kb
712	2	2120	10kb	0.0002301635492129	714,2120	5kb,10kb
714	2	2125	10kb	0.0006510905050487	716,2125	5kb,10kb
715	2	2109	10kb	0.0001282190338703	717,2109	5kb,10kb
716	2	2126	10kb	0.0010109033291586	718,2126	5kb,10kb
717	2	2115	10kb	0.0023517092188176	719,2115	5kb,10kb
718	2	2124	10kb	0.0001795810437206	720,2124	5kb,10kb
721	2	2117	10kb	0.0003619590952983	723,2117	5kb,10kb
722	3	2122	10kb	2.56965349966715e-06	724,2122,3789	5kb,10kb,25kb
723	2	2119	10kb	0.0001206876747911	725,2119	5kb,10kb
728	2	2136	10kb	0.0003610356883429	730,2136	5kb,10kb
729	2	2132	10kb	0.0003896080186717	731,2132	5kb,10kb
730	2	732	5kb	0.0001948251958708	732,2363	5kb,10kb
731	2	2140	10kb	1.77749862310126e-05	733,2140	5kb,10kb
733	2	2145	10kb	6.06694744218226e-05	735,2145	5kb,10kb
734	2	2148	10kb	0.0001812379486588	736,2148	5kb,10kb
735	2	2151	10kb	4.70951493747973e-05	737,2151	5kb,10kb
737	2	2146	10kb	7.01824662666438e-05	739,2146	5kb,10kb
740	2	2156	10kb	2.69064784108487e-05	742,2156	5kb,10kb
741	3	2152	10kb	0.0004247163020267	743,2152,3482	5kb,10kb,25kb
743	3	2150	10kb	5.31918491301366e-05	745,2150,3487	5kb,10kb,25kb
745	2	2149	10kb	3.75435118466486e-05	747,2149	5kb,10kb
747	2	2158	10kb	0.0001202010066871	749,2158	5kb,10kb
748	2	2164	10kb	0.0048031221160271	750,2164	5kb,10kb
749	3	2147	10kb	2.6019767419485e-07	751,2147,3480	5kb,10kb,25kb
750	2	2162	10kb	4.89406977282993e-05	752,2162	5kb,10kb
751	2	2153	10kb	0.0003614764220882	753,2153	5kb,10kb
752	2	2370	10kb	0.000269691621703	754,2370	5kb,10kb
753	2	2161	10kb	5.59508730920136e-05	755,2161	5kb,10kb
756	2	2166	10kb	0.0029826171205333	758,2166	5kb,10kb
757	3	2168	10kb	2.35670186945449e-07	759,2168,3491	5kb,10kb,25kb
758	2	2170	10kb	0.0022046087473606	760,2170	5kb,10kb
759	2	2374	10kb	0.011038864297503	761,2374	5kb,10kb
760	2	2160	10kb	8.16990511890919e-06	762,2160	5kb,10kb
761	2	2372	10kb	0.0010399408119051	763,2372	5kb,10kb
762	2	2172	10kb	0.0010835149120923	764,2172	5kb,10kb
763	2	2175	10kb	0.0001385807929602	765,2175	5kb,10kb
764	2	2182	10kb	4.11574825338867e-05	766,2182	5kb,10kb
766	3	2902	25kb	0.0012421215939085	768,2181,2902	5kb,10kb,25kb
767	2	2184	10kb	0.0001198231480114	769,2184	5kb,10kb
769	2	2189	10kb	0.0002045303220719	771,2189	5kb,10kb
770	2	2199	10kb	3.05982770416201e-05	772,2199	5kb,10kb
771	2	2202	10kb	0.0001073663438417	773,2202	5kb,10kb
772	3	2201	10kb	2.91738738811106e-05	774,1486,2201	5kb,10kb,10kb
774	2	2200	10kb	0.0009892928968916	776,2200	5kb,10kb
776	3	2203	10kb	1.8011986933908e-05	778,2203,3518	5kb,10kb,25kb
780	2	2208	10kb	5.31918491301366e-05	782,2208	5kb,10kb
783	2	2204	10kb	0.0001013589906828	785,2204	5kb,10kb
784	2	2206	10kb	2.41519475428779e-05	786,2206	5kb,10kb
785	2	2220	10kb	0.0023517369189445	787,2220	5kb,10kb
786	2	2212	10kb	1.77749862310126e-05	788,2212	5kb,10kb
790	2	2209	10kb	0.0041850016462275	792,2209	5kb,10kb
791	2	2223	10kb	0.0004929718399455	793,2223	5kb,10kb
792	3	2214	10kb	0.0001401005045069	794,2214,3522	5kb,10kb,25kb
793	2	2228	10kb	0.0011002524278069	795,2228	5kb,10kb
796	2	2235	10kb	0.0003493625157513	798,2235	5kb,10kb
797	2	2239	10kb	0.0031983147597217	799,2239	5kb,10kb
799	2	2238	10kb	0.0002733183261098	801,2238	5kb,10kb
800	2	2237	10kb	0.0005022577778875	802,2237	5kb,10kb
803	2	2247	10kb	0.0010136760339766	805,2247	5kb,10kb
804	2	2240	10kb	0.0007863194967816	806,2240	5kb,10kb
805	2	2242	10kb	2.92829450751002e-05	807,2242	5kb,10kb
806	3	2244	10kb	0.0001055846302426	808,2244,3547	5kb,10kb,25kb
807	2	2245	10kb	0.0004993461965854	809,2245	5kb,10kb
808	2	2248	10kb	0.0012731049801025	810,2248	5kb,10kb
810	3	812	5kb	0.002670110829109	812,1405,1496	5kb,10kb,10kb
811	2	2243	10kb	0.0016338389648845	813,2243	5kb,10kb
812	3	2255	10kb	3.58283529795484e-05	814,2255,3555	5kb,10kb,25kb
813	3	2257	10kb	1.36877241165745e-05	815,2257,3560	5kb,10kb,25kb
814	3	3559	25kb	0.0003326473832097	816,2252,3559	5kb,10kb,25kb
816	2	2254	10kb	5.70586075333259e-05	818,2254	5kb,10kb
817	3	819	5kb	0.0004664199508394	819,2249,3551	5kb,10kb,25kb
818	2	1605	10kb	0.0001724182706294	820,1605	5kb,10kb
819	2	1617	10kb	0.0051239307452907	821,1617	5kb,10kb
820	2	1621	10kb	8.8844604722775e-06	822,1621	5kb,10kb
823	2	2273	10kb	0.0005684228855481	825,2273	5kb,10kb
824	2	2395	10kb	4.55125019463918e-05	826,2395	5kb,10kb
825	2	1661	10kb	0.0001055846302426	827,1661	5kb,10kb
826	2	2279	10kb	0.0001013589906828	828,2279	5kb,10kb
828	2	2280	10kb	0.0001905368768527	830,2280	5kb,10kb
829	2	2399	10kb	0.0020219819831258	831,2399	5kb,10kb
831	2	1709	10kb	0.0006492167805107	833,1709	5kb,10kb
839	2	1770	10kb	0.0002560470428455	841,1770	5kb,10kb
841	2	1789	10kb	2.05093118970783e-06	843,1789	5kb,10kb
842	2	1795	10kb	0.0010024433982901	844,1795	5kb,10kb
843	2	1802	10kb	0.0011176921476137	845,1802	5kb,10kb
844	2	1833	10kb	0.0012040204723109	846,1833	5kb,10kb
850	2	1896	10kb	0.0131853584042913	852,1896	5kb,10kb
851	2	2422	10kb	0.001142641056942	853,2422	5kb,10kb
852	2	2324	10kb	3.54717059193682e-06	854,2324	5kb,10kb
855	2	2544	10kb	0.0002641632992119	857,2544	5kb,10kb
856	2	1924	10kb	0.0001990522644872	858,1924	5kb,10kb
858	2	1941	10kb	0.0021146850520251	860,1941	5kb,10kb
859	2	2335	10kb	0.0003088451708974	861,2335	5kb,10kb
860	2	1943	10kb	2.41519475428779e-05	862,1943	5kb,10kb
864	3	1979	10kb	5.40213159679805e-08	866,1979,3383	5kb,10kb,25kb
865	2	1366	10kb	0.0025820460766626	867,1366	5kb,10kb
866	2	1998	10kb	4.35524548169638e-05	868,1998	5kb,10kb
867	3	2044	10kb	0.0014748216252312	869,1379,2044	5kb,10kb,10kb
870	2	2352	10kb	0.0001264805225365	872,2352	5kb,10kb
874	2	2354	10kb	0.0012086684368524	876,2354	5kb,10kb
875	2	2072	10kb	3.3019360031751e-05	877,2072	5kb,10kb
877	3	3443	25kb	0.0001924221854335	879,2098,3443	5kb,10kb,25kb
878	3	2118	10kb	1.42438921202576e-06	880,2118,3457	5kb,10kb,25kb
880	2	2362	10kb	2.29183985336105e-05	882,2362	5kb,10kb
881	3	3460	25kb	0.0003784910892116	883,2121,3460	5kb,10kb,25kb
882	3	3461	25kb	0.0001492737737055	884,2129,3461	5kb,10kb,25kb
885	2	2190	10kb	0.0001022588226541	887,2190	5kb,10kb
886	3	2179	10kb	5.94064594270944e-06	888,2179,3800	5kb,10kb,25kb
887	2	2193	10kb	0.0012178362776297	889,2193	5kb,10kb
891	2	2381	10kb	0.0043279698887212	893,2381	5kb,10kb
893	2	2386	10kb	7.5261224658538e-05	895,2386	5kb,10kb
895	2	2388	10kb	0.0006165196475418	897,2388	5kb,10kb
897	2	899	5kb	0.0020407986430405	899,2265	5kb,10kb
898	3	2462	10kb	0.0001336619670522	900,1620,2462	5kb,10kb,10kb
899	3	2267	10kb	8.92153238319678e-05	901,2267,3738	5kb,10kb,25kb
900	2	2272	10kb	0.00137085175189	902,2272	5kb,10kb
902	3	3188	25kb	1.85009049103133e-05	904,1648,3188	5kb,10kb,25kb
906	2	2403	10kb	2.87997538559923e-05	908,2403	5kb,10kb
907	3	3235	25kb	0.0009440503247617	909,2494,3235	5kb,10kb,25kb
908	2	2404	10kb	0.0006441315465095	910,2404	5kb,10kb
909	2	2298	10kb	0.001380733292285	911,2298	5kb,10kb
910	3	1775	10kb	2.79737887997e-05	912,1775,3597	5kb,10kb,25kb
911	2	1782	10kb	0.0001013589906828	913,1782	5kb,10kb
913	2	1792	10kb	6.39627325194926e-05	915,1792	5kb,10kb
915	3	3284	25kb	0.0001796155576753	917,2302,3284	5kb,10kb,25kb
917	2	1270	10kb	8.16990511890919e-06	919,1270	5kb,10kb
918	3	3298	25kb	0.0007451482034899	920,2312,3298	5kb,10kb,25kb
920	2	1885	10kb	0.0009092916804772	922,1885	5kb,10kb
921	2	1884	10kb	0.0004990571424135	923,1884	5kb,10kb
924	2	1906	10kb	0.0004094041865812	926,1906	5kb,10kb
925	2	1897	10kb	0.0002656572033007	927,1897	5kb,10kb
926	2	1544	10kb	0.0005283431994169	928,1544	5kb,10kb
927	2	1912	10kb	1.8011986933908e-05	929,1912	5kb,10kb
929	2	931	5kb	0.0014180845891621	931,1948	5kb,10kb
930	2	2008	10kb	0.0031581680320535	932,2008	5kb,10kb
931	3	3421	25kb	0.0001485036322741	933,2028,3421	5kb,10kb,25kb
932	2	2038	10kb	2.01073152616815e-06	934,2038	5kb,10kb
933	2	2040	10kb	0.0002524956959187	935,2040	5kb,10kb
938	2	2103	10kb	0.000105561453952	940,2103	5kb,10kb
939	3	2356	10kb	1.53766333648656e-05	941,2356,3721	5kb,10kb,25kb
940	2	2114	10kb	0.0002119058179363	942,2114	5kb,10kb
941	2	2360	10kb	0.0005187724685568	943,2360	5kb,10kb
943	2	2139	10kb	0.0017386676983393	945,2139	5kb,10kb
945	2	2173	10kb	0.001380733292285	947,2173	5kb,10kb
947	3	3484	25kb	0.0003539522514609	949,2171,3484	5kb,10kb,25kb
949	3	1391	10kb	0.0001658232151592	951,1391,2373	5kb,10kb,10kb
951	2	2445	10kb	0.0006682084472987	953,2445	5kb,10kb
952	2	2369	10kb	2.70086165879585e-06	954,2369	5kb,10kb
954	2	2389	10kb	0.00090365787454	956,2389	5kb,10kb
955	2	2457	10kb	0.0031180078591711	957,2457	5kb,10kb
956	2	2460	10kb	2.29528896976041e-06	958,2460	5kb,10kb
957	2	1612	10kb	0.0026135419943805	959,1612	5kb,10kb
958	2	2393	10kb	0.0009249385756795	960,2393	5kb,10kb
959	2	2465	10kb	4.23239390312694e-07	961,2465	5kb,10kb
961	3	2468	10kb	0.0001402268589059	963,2468,3174	5kb,10kb,25kb
962	2	2276	10kb	3.30614021017694e-06	964,2276	5kb,10kb
964	3	1645	10kb	9.41202706947649e-08	966,1645,3741	5kb,10kb,25kb
965	2	1643	10kb	0.0002244847782898	967,1643	5kb,10kb
966	2	2277	10kb	0.0013511996290409	968,2277	5kb,10kb
967	2	1653	10kb	0.0003920525661951	969,1653	5kb,10kb
969	2	1689	10kb	1.48580175462403e-07	971,1689	5kb,10kb
970	2	2481	10kb	0.00046669545357	972,2481	5kb,10kb
972	2	2479	10kb	4.04089805823008e-05	974,2479	5kb,10kb
973	2	2480	10kb	5.9694789531191e-05	975,2480	5kb,10kb
974	3	1693	10kb	2.79767597881059e-06	976,1693,3224	5kb,10kb,25kb
976	2	2483	10kb	0.0001921143146866	979,2483	5kb,10kb
977	2	2490	10kb	0.0015955965580545	980,2490	5kb,10kb
978	2	1716	10kb	4.18835962485069e-08	981,1716	5kb,10kb
979	3	3231	25kb	0.0004216830973112	982,1707,3231	5kb,10kb,25kb
980	2	2491	10kb	9.83201868502488e-06	983,2491	5kb,10kb
983	2	986	5kb	0.0168115750821176	986,2286	5kb,10kb
984	3	2293	10kb	0.000255779478483	987,2293,3239	5kb,10kb,25kb
988	2	2499	10kb	6.34850774794475e-05	991,2499	5kb,10kb
989	2	2498	10kb	0.0002039586906055	992,2498	5kb,10kb
991	2	2300	10kb	1.57046460462425e-06	994,2300	5kb,10kb
993	2	2504	10kb	0.0002707798254557	996,2504	5kb,10kb
994	3	2505	10kb	9.2025493810843e-05	997,2505,3595	5kb,10kb,25kb
995	2	2508	10kb	0.000133523178893	998,2508	5kb,10kb
997	2	1000	5kb	0.0004180595022831	1000,2506	5kb,10kb
998	2	2304	10kb	0.0005283431994169	1001,2304	5kb,10kb
999	2	2306	10kb	3.92342140348747e-05	1002,2306	5kb,10kb
1000	2	2305	10kb	1.8011986933908e-05	1003,2305	5kb,10kb
1002	2	2415	10kb	8.65847429969411e-05	1005,2415	5kb,10kb
1004	2	1818	10kb	0.0028709446728009	1007,1818	5kb,10kb
1005	3	3609	25kb	9.86272837525858e-06	1008,2313,3609	5kb,10kb,25kb
1007	2	2521	10kb	0.0023241679857146	1010,2521	5kb,10kb
1008	2	2522	10kb	0.0006924031786288	1011,2522	5kb,10kb
1011	2	1855	10kb	0.0003341971171368	1014,1855	5kb,10kb
1012	2	2524	10kb	9.55528657279176e-05	1015,2524	5kb,10kb
1013	2	2525	10kb	4.49446777177958e-06	1016,2525	5kb,10kb
1014	2	2321	10kb	2.9251338987008e-05	1017,2321	5kb,10kb
1017	2	1914	10kb	5.04427871113644e-07	1020,1914	5kb,10kb
1018	2	2529	10kb	0.0001142079629721	1021,2529	5kb,10kb
1019	3	2527	10kb	0.0011176921476137	1022,2527,2949	5kb,10kb,25kb
1020	2	1895	10kb	0.0007284412409582	1023,1895	5kb,10kb
1021	2	1911	10kb	4.23036052292502e-05	1024,1911	5kb,10kb
1022	2	1899	10kb	8.8844604722775e-06	1025,1899	5kb,10kb
1023	2	2426	10kb	3.92342140348747e-05	1026,2426	5kb,10kb
1024	2	2530	10kb	1.10018720242836e-07	1027,2530	5kb,10kb
1025	3	2331	10kb	0.0026135419943805	1028,2331,3339	5kb,10kb,25kb
1026	2	2532	10kb	5.87727510449593e-06	1029,2532	5kb,10kb
1027	3	1910	10kb	0.000133523178893	1030,1910,3341	5kb,10kb,25kb
1029	2	2635	10kb	1.77749862310126e-05	1032,2635	5kb,10kb
1031	2	1945	10kb	0.0024181064181188	1034,1945	5kb,10kb
1033	2	2431	10kb	1.42438921202576e-06	1037,2431	5kb,10kb
1035	2	2007	10kb	0.0001306865913483	1039,2007	5kb,10kb
1036	3	3398	25kb	0.0004330375081121	1040,2342,3398	5kb,10kb,25kb
1039	2	2019	10kb	0.0016172447972776	1043,2019	5kb,10kb
1040	2	2551	10kb	0.0024994437022254	1044,2551	5kb,10kb
1042	2	2553	10kb	5.15192962683633e-06	1046,2553	5kb,10kb
1043	2	2027	10kb	6.95816207002554e-05	1047,2027	5kb,10kb
1044	2	2562	10kb	5.96028557809962e-05	1048,2562	5kb,10kb
1045	2	2435	10kb	3.46986642661603e-06	1049,2435	5kb,10kb
1047	2	2567	10kb	0.001937891322106	1051,2567	5kb,10kb
1048	3	3428	25kb	0.0002501385922499	1052,2055,3428	5kb,10kb,25kb
1049	3	2964	25kb	0.000141763506787	1053,2050,2964	5kb,10kb,25kb
1051	3	2355	10kb	2.53086045851812e-06	1055,2355,3440	5kb,10kb,25kb
1053	3	2574	10kb	6.70557572104417e-07	1057,2574,3131	5kb,10kb,25kb
1054	2	2094	10kb	5.76361898786108e-06	1058,2094	5kb,10kb
1055	2	2077	10kb	0.0009541052947783	1059,2077	5kb,10kb
1056	2	2084	10kb	0.007080966011071	1060,2084	5kb,10kb
1058	3	2578	10kb	4.3286804284942e-07	1062,2578,3782	5kb,10kb,25kb
1061	3	2585	10kb	0.0002472770592892	1065,2585,3138	5kb,10kb,25kb
1062	2	2441	10kb	2.64891885396266e-05	1066,2441	5kb,10kb
1064	2	1387	10kb	0.000125858654137	1068,1387	5kb,10kb
1066	2	2364	10kb	0.0020956210649871	1071,2364	5kb,10kb
1068	2	2586	10kb	0.0001734609997038	1073,2586	5kb,10kb
1071	2	2597	10kb	5.08961242090346e-07	1076,2597	5kb,10kb
1072	2	2598	10kb	0.0001948529234551	1077,2598	5kb,10kb
1073	2	2599	10kb	2.60038563235752e-06	1078,2599	5kb,10kb
1074	2	2232	10kb	2.35670186945449e-07	1079,2232	5kb,10kb
1075	3	3733	25kb	0.0004331434670883	1080,2608,3733	5kb,10kb,25kb
1076	2	2603	10kb	0.0061589484176612	1081,2603	5kb,10kb
1077	2	2607	10kb	0.0023798202157446	1082,2607	5kb,10kb
1078	3	2609	10kb	0.0004499321305313	1083,2609,3806	5kb,10kb,25kb
1079	3	2610	10kb	2.70086165879585e-06	1084,2610,3805	5kb,10kb,25kb
1082	2	3549	25kb	0.0001415365999028	1087,3549	5kb,25kb
1083	2	1088	5kb	9.68890544391063e-05	1088,2614	5kb,10kb
1084	2	1498	10kb	0.000728857881599	1089,1498	5kb,10kb
1086	2	2464	10kb	2.87022132418363e-06	1091,2464	5kb,10kb
1087	2	2469	10kb	0.0013495548710864	1092,2469	5kb,10kb
1088	3	1633	10kb	7.88935344227847e-05	1093,1633,3183	5kb,10kb,25kb
1091	2	2620	10kb	9.01699241986463e-05	1096,2620	5kb,10kb
1092	2	1687	10kb	0.0025379070373186	1097,1687	5kb,10kb
1096	2	2519	10kb	0.0001904642520432	1102,2519	5kb,10kb
1097	2	2311	10kb	0.0008918732337648	1103,2311	5kb,10kb
1098	2	2424	10kb	0.0001119806709163	1104,2424	5kb,10kb
1099	2	1903	10kb	0.0032632879868738	1105,1903	5kb,10kb
1101	2	2537	10kb	0.0034691069192835	1107,2537	5kb,10kb
1102	3	3334	25kb	2.05252184450365e-05	1108,2330,3334	5kb,10kb,25kb
1103	3	3621	25kb	0.0001983968100419	1109,2332,3621	5kb,10kb,25kb
1104	2	2549	10kb	7.13271069785376e-06	1110,2549	5kb,10kb
1105	2	1551	10kb	2.52377172523343e-07	1111,1551	5kb,10kb
1106	3	2346	10kb	0.000255779478483	1112,2346,3638	5kb,10kb,25kb
1107	3	2056	10kb	0.000133523178893	1113,2056,3429	5kb,10kb,25kb
1110	3	3489	25kb	9.87147978421598e-05	1117,2183,3489	5kb,10kb,25kb
1113	2	2230	10kb	0.0079444067852622	1120,2230	5kb,10kb
1116	2	1123	10kb	8.8844604722775e-06	1123,1244	10kb,10kb
1125	2	3297	25kb	0.0012721902306625	1134,3297	10kb,25kb
1128	2	1137	10kb	0.000125858654137	1137,1439	10kb,10kb
1131	2	1140	10kb	0.0028008942024302	1140,2693	10kb,25kb
1133	2	1143	10kb	0.0025684532071766	1143,3377	10kb,25kb
1138	2	3391	25kb	0.0012094872250573	1149,3391	10kb,25kb
1141	2	3451	25kb	0.0008580107711305	1152,3451	10kb,25kb
1147	2	3509	25kb	0.0007376545202003	1160,3509	10kb,25kb
1153	2	3562	25kb	0.0055205591217341	1166,3562	10kb,25kb
1159	2	1176	10kb	0.0093968442960083	1176,3575	10kb,25kb
1161	2	3582	25kb	0.0111014926177343	1178,3582	10kb,25kb
1167	2	2939	25kb	0.0003110239723573	1184,2939	10kb,25kb
1171	2	3608	25kb	5.12963600116026e-05	1189,3608	10kb,25kb
1176	2	1355	10kb	0.0023129436540737	1194,1355	10kb,10kb
1178	2	3765	25kb	0.0002552084626416	1196,3765	10kb,25kb
1180	2	3625	25kb	0.0058790183860123	1198,3625	10kb,25kb
1184	2	1203	10kb	0.0050284613738383	1203,3417	10kb,25kb
1189	3	2439	10kb	0.0002357030486601	1208,2439,2797	10kb,10kb,25kb
1190	2	2805	25kb	0.0001388477754494	1209,2805	10kb,25kb
1201	2	2820	25kb	0.0007859328797927	1220,2820	10kb,25kb
1210	2	1230	10kb	0.0023058232764264	1230,3736	10kb,25kb
1212	3	2268	10kb	0.0009071935237486	1233,3169,2268	10kb,25kb,10kb
1213	2	2924	25kb	0.0006739318584471	1234,2924	10kb,25kb
1219	2	3198	25kb	0.0004705794079349	1240,3198	10kb,25kb
1233	2	3241	25kb	0.0066877011041566	1255,3241	10kb,25kb
1236	3	3585	25kb	8.40175638713091e-05	1258,3585,1750	10kb,25kb,10kb
1248	2	3305	25kb	0.0004705794079349	1271,3305	10kb,25kb
1250	3	3612	25kb	0.0003295612194157	1273,1354,3612	10kb,10kb,25kb
1254	2	3707	25kb	0.0033025408951208	1279,3707	10kb,25kb
1263	2	1290	10kb	0.0001055846302426	1290,3633	10kb,25kb
1268	2	1295	10kb	0.0001054504570777	1295,3407	10kb,25kb
1284	2	1311	10kb	0.0117881630580104	1311,2900	10kb,25kb
1293	2	1320	10kb	0.0008903792910624	1320,2908	10kb,25kb
1308	2	1337	10kb	0.0004750985903972	1337,1651	10kb,10kb
1316	2	2938	25kb	0.0005593916372793	1345,2938	10kb,25kb
1343	2	3717	25kb	0.0006907663162476	1378,3717	10kb,25kb
1346	2	2967	25kb	0.0011138114684157	1382,2967	10kb,25kb
1352	2	1390	10kb	0.0006939180590486	1390,3728	10kb,25kb
1366	2	2993	25kb	0.0008166904523858	1407,2993	10kb,25kb
1367	2	1507	10kb	2.79737887997e-05	1408,1507	10kb,10kb
1372	2	1414	10kb	0.0001013589906828	1414,3194	10kb,25kb
1380	2	1424	10kb	0.0030875235661973	1424,3009	10kb,25kb
1388	2	3292	25kb	1.43403072388299e-05	1433,3292	10kb,25kb
1390	2	3296	25kb	2.99312867375313e-05	1435,3296	10kb,25kb
1394	2	3023	25kb	0.0001142156486993	1440,3023	10kb,25kb
1398	2	3025	25kb	0.0026729390723695	1444,3025	10kb,25kb
1399	2	3713	25kb	0.0012524028028179	1445,3713	10kb,25kb
1410	3	3423	25kb	0.0014217867408662	1457,1564,3423	10kb,10kb,25kb
1412	2	2884	25kb	0.0003539522514609	1460,2884	10kb,25kb
1428	2	1476	10kb	0.0001905368768527	1476,3796	10kb,25kb
1434	2	1482	10kb	8.95768750879093e-05	1482,2977	10kb,25kb
1436	2	3054	25kb	0.0005201380786428	1484,3054	10kb,25kb
1438	2	3804	25kb	0.000229323705028	1488,3804	10kb,25kb
1455	2	3079	25kb	0.0004319052681277	1509,3079	10kb,25kb
1470	2	3089	25kb	0.0020481229109599	1527,3089	10kb,25kb
1471	2	1528	10kb	0.0042000029612655	1528,3752	10kb,25kb
1472	2	2940	25kb	0.0010083666404296	1529,2940	10kb,25kb
1478	2	1537	10kb	0.0002196980388215	1537,3761	10kb,25kb
1484	2	1543	10kb	0.0005243074520688	1543,3327	10kb,25kb
1489	2	3103	25kb	5.55762227119898e-05	1550,3103	10kb,25kb
1491	2	1554	10kb	6.2355993654228e-05	1554,3395	10kb,25kb
1495	2	3777	25kb	8.149382178209e-05	1558,3777	10kb,25kb
1505	2	1569	10kb	5.30891297898586e-05	1569,3781	10kb,25kb
1511	2	1575	10kb	0.0002560470428455	1575,3786	10kb,25kb
1515	2	3725	25kb	0.0002040499582159	1579,3725	10kb,25kb
1518	3	3660	25kb	0.0003024345012259	1582,2442,3660	10kb,10kb,25kb
1523	2	3839	25kb	0.001953857093537	1589,3839	10kb,25kb
1525	2	3735	25kb	0.0013778581310029	1591,3735	10kb,25kb
1526	2	3840	25kb	0.0055355682084838	1592,3840	10kb,25kb
1542	2	3185	25kb	0.0003629870600909	1639,3185	10kb,25kb
1546	2	3569	25kb	0.0002659649877716	1649,3569	10kb,25kb
1549	2	3193	25kb	0.0027855448445117	1654,3193	10kb,25kb
1553	2	3207	25kb	0.0034934270485352	1662,3207	10kb,25kb
1561	2	1686	10kb	4.72235077046036e-07	1686,2659	10kb,25kb
1562	2	3744	25kb	0.0003274123472384	1690,3744	10kb,25kb
1566	2	1708	10kb	3.92342140348747e-05	1708,3577	10kb,25kb
1575	2	2665	25kb	0.004891992768965	1720,2665	10kb,25kb
1580	2	3255	25kb	8.40175638713091e-05	1735,3255	10kb,25kb
1586	2	1744	10kb	0.0168071716187759	1744,3254	10kb,25kb
1587	2	3252	25kb	0.0006864344931423	1745,3252	10kb,25kb
1592	2	3258	25kb	0.0006583480486797	1755,3258	10kb,25kb
1596	2	1767	10kb	3.14224082486974e-05	1767,3267	10kb,25kb
1604	2	3280	25kb	3.16784007448065e-05	1794,3280	10kb,25kb
1608	2	1799	10kb	7.74277804085203e-05	1799,3278	10kb,25kb
1609	2	3281	25kb	0.0001251893299604	1801,3281	10kb,25kb
1615	2	3283	25kb	0.0002231619940965	1810,3283	10kb,25kb
1617	2	3289	25kb	0.0032641218965769	1812,3289	10kb,25kb
1618	2	3287	25kb	0.0001417695029373	1813,3287	10kb,25kb
1624	2	3293	25kb	0.0011843667736727	1829,3293	10kb,25kb
1627	2	3301	25kb	0.0083175859467166	1832,3301	10kb,25kb
1631	2	1838	10kb	0.0002097205010062	1838,3307	10kb,25kb
1633	2	3306	25kb	0.0003295612194157	1840,3306	10kb,25kb
1635	2	1845	10kb	0.0007586939068824	1845,3309	10kb,25kb
1643	2	3313	25kb	0.0003590828619329	1864,3313	10kb,25kb
1644	2	2318	10kb	0.0020100160524393	1865,2318	10kb,10kb
1645	2	3704	25kb	7.90500323236132e-05	1875,3704	10kb,25kb
1652	2	3329	25kb	0.0002673680238607	1902,3329	10kb,25kb
1654	2	3705	25kb	0.0007703198695372	1905,3705	10kb,25kb
1657	2	3338	25kb	0.0008959320518175	1909,3338	10kb,25kb
1658	2	3336	25kb	0.0018539851216947	1913,3336	10kb,25kb
1668	2	1947	10kb	0.0015891775573237	1947,3031	10kb,25kb
1669	2	3369	25kb	0.0002118182897456	1949,3369	10kb,25kb
1677	2	3382	25kb	0.0007962064244733	1980,3382	10kb,25kb
1679	2	2956	25kb	6.09986470977697e-05	1985,2956	10kb,25kb
1680	2	2953	25kb	0.0001751816106073	1987,2953	10kb,25kb
1683	2	3384	25kb	5.9846921149292e-05	1990,3384	10kb,25kb
1691	2	3119	25kb	0.0007182292832638	2009,3119	10kb,25kb
1699	2	2018	10kb	0.0049811396271416	2018,3406	10kb,25kb
1701	2	3419	25kb	0.0033533340440005	2026,3419	10kb,25kb
1726	2	3722	25kb	0.0001540920913166	2093,3722	10kb,25kb
1728	2	2710	25kb	0.0001072144786012	2097,2710	10kb,25kb
1733	2	2799	25kb	7.08749747252133e-05	2104,2799	10kb,25kb
1743	2	3469	25kb	0.0026459183183681	2131,3469	10kb,25kb
1747	2	2138	10kb	0.0009368234342086	2138,3463	10kb,25kb
1756	2	3485	25kb	2.83256997926674e-05	2163,3485	10kb,25kb
1767	2	3501	25kb	0.0017349339879944	2192,3501	10kb,25kb
1771	2	3511	25kb	0.0012796800598448	2198,3511	10kb,25kb
1775	2	2213	10kb	0.0132709031240866	2213,3523	10kb,25kb
1781	2	3531	25kb	0.0101197540229701	2224,3531	10kb,25kb
1783	2	3530	25kb	0.0005701061386663	2226,3530	10kb,25kb
1796	2	2732	25kb	0.000228709202476	2258,2732	10kb,25kb
1806	2	3078	25kb	0.000239698717642	2274,3078	10kb,25kb
1826	2	2314	10kb	0.0006441315465095	2314,3303	10kb,25kb
1827	2	2772	25kb	0.0008354551500878	2316,2772	10kb,25kb
1828	2	2317	10kb	0.0010079394648476	2317,3310	10kb,25kb
1831	2	3618	25kb	7.30955795173703e-05	2323,3618	10kb,25kb
1834	2	3335	25kb	0.0008319579998683	2328,3335	10kb,25kb
1835	2	2329	10kb	0.0134959508973642	2329,3620	10kb,25kb
1841	2	2347	10kb	0.0013583720542738	2347,3408	10kb,25kb
1844	2	2351	10kb	0.0003763415231536	2351,3433	10kb,25kb
1846	2	2897	25kb	0.0007859328797927	2358,2897	10kb,25kb
1848	2	2365	10kb	9.18892793675218e-05	2365,3659	10kb,25kb
1849	2	3662	25kb	0.0019974749021747	2366,3662	10kb,25kb
1855	2	3512	25kb	0.0029266535890895	2378,3512	10kb,25kb
1858	2	2382	10kb	0.004246263831748	2382,3527	10kb,25kb
1860	2	3668	25kb	0.0010083666404296	2384,3668	10kb,25kb
1861	2	2385	10kb	0.0007063439499857	2385,3675	10kb,25kb
1864	2	2730	25kb	2.27494729174747e-06	2391,2730	10kb,25kb
1870	2	2668	25kb	0.0001126055228043	2405,2668	10kb,25kb
1880	2	3304	25kb	0.0001388477754494	2418,3304	10kb,25kb
1883	2	2948	25kb	0.0012404523634448	2421,2948	10kb,25kb
1892	2	2443	10kb	0.0002097205010062	2443,3476	10kb,25kb
1893	2	3475	25kb	0.0054157762571623	2444,3475	10kb,25kb
1907	2	2466	10kb	8.89180446457579e-05	2466,3175	10kb,25kb
1923	2	2501	10kb	0.00024793899344	2501,3749	10kb,25kb
1930	2	2943	25kb	0.0004143560010665	2515,2943	10kb,25kb
1931	2	2518	10kb	2.67392504943843e-05	2518,3760	10kb,25kb
1932	2	3300	25kb	0.0004334740615352	2520,3300	10kb,25kb
1934	2	2533	10kb	0.0010683134495853	2533,3331	10kb,25kb
1937	2	3623	25kb	0.000293238193997	2538,3623	10kb,25kb
1944	2	2550	10kb	5.81331242160672e-07	2550,2955	10kb,25kb
1946	2	3775	25kb	0.0001800657231761	2555,3775	10kb,25kb
1947	2	3636	25kb	0.0017497517723838	2556,3636	10kb,25kb
1954	2	2568	10kb	0.0025357930298162	2568,2966	10kb,25kb
1963	2	3452	25kb	0.0001800657231761	2580,3452	10kb,25kb
1971	2	3669	25kb	0.0001754882447635	2604,3669	10kb,25kb
1972	2	3671	25kb	0.0019285166210169	2611,3671	10kb,25kb
1977	2	3191	25kb	0.0003779985338234	2618,3191	10kb,25kb
1978	2	3568	25kb	0.0014844222326758	2619,3568	10kb,25kb
1985	2	3706	25kb	9.98970933405956e-06	2630,3706	10kb,25kb
1986	2	3351	25kb	0.0002815313862057	2632,3351	10kb,25kb
1990	2	3718	25kb	0.0016470110518	2639,3718	10kb,25kb
