loop_id	sample	group	center_value	background_mean	enrichment
1	ctrl_M1	ctrl	22.870491027832	3.29225254058838	6.94676084105769
1	ctrl_M2	ctrl	17.6464099884033	5.81124979257584	3.03659464285075
1	ctrl_M3	ctrl	17.9139270782471	3.63050597906113	4.93427835722219
1	mut_M1	mut	34.9599876403809	3.01231551170349	11.6056858933116
1	mut_M2	mut	56.4240570068359	6.62725347280502	8.51394280275719
1	mut_M3	mut	32.3475570678711	6.881333142519	4.70076893501916
2	ctrl_M1	ctrl	25.2188262939453	5.89829245209694	4.27561476457133
2	ctrl_M2	ctrl	12.7879419326782	12.4704230427742	1.02546175769779
2	ctrl_M3	ctrl	22.1167774200439	4.51280462741852	4.90089406611327
2	mut_M1	mut	41.8409461975098	5.97704136371613	7.00027716915378
2	mut_M2	mut	38.3240356445312	8.80630904436111	4.35188402445075
2	mut_M3	mut	30.2061061859131	6.32229465246201	4.77771249939297
3	ctrl_M1	ctrl	74.9218597412109	20.019510269165	3.74244218434299
3	ctrl_M2	ctrl	71.5059814453125	15.8850758075714	4.50145673281774
3	ctrl_M3	ctrl	68.1013107299805	15.2663885354996	4.46086581457177
3	mut_M1	mut	83.4665603637695	18.9663128852844	4.40077946982144
3	mut_M2	mut	126.073287963867	17.5126595497131	7.19898012097953
3	mut_M3	mut	101.049301147461	16.505175113678	6.12227985777143
4	ctrl_M1	ctrl	29.4571437835693	8.92688632011414	3.29982288641855
4	ctrl_M2	ctrl	25.1142158508301	10.400709271431	2.4146637691157
4	ctrl_M3	ctrl	22.8181076049805	8.9910015463829	2.53788273611856
4	mut_M1	mut	41.0772171020508	14.4249823093414	2.84764419263445
4	mut_M2	mut	52.3405532836914	13.3393762111664	3.92376318465905
4	mut_M3	mut	38.9923934936523	12.0443711280823	3.2373955500872
5	ctrl_M1	ctrl	176.842620849609	29.8287053108215	5.92860531514429
5	ctrl_M2	ctrl	138.053665161133	36.8048939704895	3.75095945859335
5	ctrl_M3	ctrl	124.502975463867	42.6973509788513	2.91594144858156
5	mut_M1	mut	329.085479736328	56.6613006591797	5.8079407974729
5	mut_M2	mut	156.946350097656	56.1894750595093	2.79316277526062
5	mut_M3	mut	145.039840698242	33.2880444526672	4.35711508690384
6	ctrl_M1	ctrl	28.7585296630859	5.8881544470787	4.88413303719537
6	ctrl_M2	ctrl	25.787467956543	4.91440999507904	5.24731717182018
6	ctrl_M3	ctrl	27.4392566680908	5.44803081452847	5.03654579098884
6	mut_M1	mut	23.8356857299805	10.6946058273315	2.22875776020329
6	mut_M2	mut	36.2876167297363	5.66086941957474	6.41025504037547
6	mut_M3	mut	35.3261528015137	7.76734507083893	4.54803442866717
7	ctrl_M1	ctrl	47.8978424072266	31.051126241684	1.54254766910603
7	ctrl_M2	ctrl	34.2113990783691	19.7635409832001	1.7310359063414
7	ctrl_M3	ctrl	52.7087287902832	31.3257865905762	1.68259873181093
7	mut_M1	mut	124.549438476562	54.7484323978424	2.27494072472239
7	mut_M2	mut	100.59107208252	43.4689831733704	2.31408845431984
7	mut_M3	mut	90.8184280395508	43.2262892723083	2.10099986763682
8	ctrl_M1	ctrl	20.142520904541	7.83894526958466	2.56954478081313
8	ctrl_M2	ctrl	19.279541015625	4.46354150772095	4.31933723082347
8	ctrl_M3	ctrl	19.1759014129639	7.06629002094269	2.71371559278368
8	mut_M1	mut	46.3295936584473	13.9534384012222	3.32029943633027
8	mut_M2	mut	53.4420204162598	10.4590047597885	5.10966594276035
8	mut_M3	mut	40.6536026000977	8.33226406574249	4.87905835428837
9	ctrl_M1	ctrl	21.6555786132812	6.04466581344604	3.58259319565848
9	ctrl_M2	ctrl	21.8694820404053	3.90800452232361	5.59607388258655
9	ctrl_M3	ctrl	19.2382106781006	4.4678672850132	4.30590468580665
9	mut_M1	mut	31.4662075042725	7.30116003751755	4.30975452429217
9	mut_M2	mut	45.1428070068359	6.26005041599274	7.21125294638335
9	mut_M3	mut	39.2752418518066	5.08326917886734	7.72637459670353
10	ctrl_M1	ctrl	6.39269018173218	6.94692748785019	0.920218354504586
10	ctrl_M2	ctrl	3.17098999023438	7.52242401242256	0.421538321290822
10	ctrl_M3	ctrl	0	6.53673136234283	0
10	mut_M1	mut	9.69571304321289	10.2117569446564	0.94946570857099
10	mut_M2	mut	69.8408584594727	15.5321487188339	4.49653552278863
10	mut_M3	mut	43.057746887207	10.0234215557575	4.29571345948973
11	ctrl_M1	ctrl	8.97440242767334	1.64542329311371	5.45416031560528
11	ctrl_M2	ctrl	6.11172485351562	3.37593150138855	1.81038177196481
11	ctrl_M3	ctrl	7.36259460449219	4.68697819113731	1.57086171606564
11	mut_M1	mut	12.929856300354	5.75631499290466	2.24620374602355
11	mut_M2	mut	16.47678565979	4.27725541591644	3.85218652093511
11	mut_M3	mut	8.05486679077148	5.07624888420105	1.58677538759789
12	ctrl_M1	ctrl	21.9412460327148	4.86086741089821	4.51385404660944
12	ctrl_M2	ctrl	13.3690233230591	3.52083820104599	3.7971138006533
12	ctrl_M3	ctrl	14.0779609680176	4.78953966498375	2.93931399523452
12	mut_M1	mut	28.3263607025146	6.20728906989098	4.56340286130934
12	mut_M2	mut	23.0429553985596	5.81021648645401	3.96593749170657
12	mut_M3	mut	34.7170791625977	7.91272932291031	4.38749737869571
13	ctrl_M1	ctrl	57.2365112304688	7.52597224712372	7.60519828548975
13	ctrl_M2	ctrl	53.2312622070312	5.60451075434685	9.49793203015003
13	ctrl_M3	ctrl	52.5886421203613	6.11034232378006	8.60649687591124
13	mut_M1	mut	79.3074188232422	13.531938046217	5.86075834461965
13	mut_M2	mut	91.6305999755859	14.4919829070568	6.32284764364211
13	mut_M3	mut	74.6468811035156	18.4521837234497	4.04542260267286
14	ctrl_M1	ctrl	33.4090957641602	6.08613216876984	5.4893805848638
14	ctrl_M2	ctrl	28.2061710357666	5.60207623243332	5.03494951969173
14	ctrl_M3	ctrl	25.4558506011963	3.96678259968758	6.41725377216316
14	mut_M1	mut	47.3975028991699	6.44224053621292	7.35730102481281
14	mut_M2	mut	44.2812347412109	6.25552868843079	7.0787357786571
14	mut_M3	mut	48.0498504638672	2.56523501873016	18.7311689233265
15	ctrl_M1	ctrl	47.3269805908203	10.6770986914635	4.43256936724384
15	ctrl_M2	ctrl	25.937952041626	9.38840425014496	2.76276472023725
15	ctrl_M3	ctrl	40.8924331665039	7.49612188339233	5.45514518075021
15	mut_M1	mut	52.5690460205078	9.71462404727936	5.41133097530729
15	mut_M2	mut	46.263313293457	15.8131232261658	2.92562782391436
15	mut_M3	mut	37.6630058288574	18.4755384922028	2.03853359103727
16	ctrl_M1	ctrl	45.4769096374512	2.8571885228157	15.9166639772984
16	ctrl_M2	ctrl	32.3733558654785	2.16111786663532	14.9799121858546
16	ctrl_M3	ctrl	15.4606533050537	3.49322029948235	4.42590274290596
16	mut_M1	mut	49.8143005371094	6.49245631694794	7.67264315773275
16	mut_M2	mut	58.6364593505859	5.13647636771202	11.4156972899118
16	mut_M3	mut	55.9181213378906	2.65369585156441	21.0717898605169
17	ctrl_M1	ctrl	28.7302703857422	4.65870758891106	6.1670044400571
17	ctrl_M2	ctrl	30.1520309448242	5.44248181581497	5.54012525263884
17	ctrl_M3	ctrl	21.6100673675537	5.2790938615799	4.0935183071525
17	mut_M1	mut	37.8083534240723	5.58715319633484	6.76701570468382
17	mut_M2	mut	31.8832664489746	7.87514132261276	4.0485961004185
17	mut_M3	mut	25.2609577178955	6.51960265636444	3.87461614600634
18	ctrl_M1	ctrl	25.6560916900635	3.89562165737152	6.58587869833702
18	ctrl_M2	ctrl	17.413610458374	6.27343904972076	2.77576785561487
18	ctrl_M3	ctrl	13.2991094589233	5.90949982404709	2.25046278955898
18	mut_M1	mut	23.9732933044434	6.25562822818756	3.83227590099118
18	mut_M2	mut	29.9806098937988	7.81474053859711	3.8364178242034
18	mut_M3	mut	28.1694049835205	3.99756407737732	7.0466425148591
19	ctrl_M1	ctrl	46.5367317199707	11.3121264576912	4.1138800820539
19	ctrl_M2	ctrl	37.6942672729492	9.97924649715424	3.7772658771079
19	ctrl_M3	ctrl	38.1820678710938	13.0981993675232	2.91506235320907
19	mut_M1	mut	62.631706237793	9.88326752185822	6.33714569592235
19	mut_M2	mut	69.3031768798828	11.7273325920105	5.90954305560474
19	mut_M3	mut	59.0885543823242	11.7376968860626	5.03408419521262
20	ctrl_M1	ctrl	103.54434967041	27.0483429431915	3.82812174068777
20	ctrl_M2	ctrl	66.1175994873047	32.3049931526184	2.04666811644087
20	ctrl_M3	ctrl	65.1271133422852	34.1275029182434	1.90834686904299
20	mut_M1	mut	113.162384033203	40.2124919891357	2.81411020395792
20	mut_M2	mut	162.937454223633	49.0886554718018	3.31924866667472
20	mut_M3	mut	143.123580932617	34.2759327888489	4.17562905769205
21	ctrl_M1	ctrl	42.1022911071777	9.67304313182831	4.35253834118074
21	ctrl_M2	ctrl	42.9066467285156	8.21709334850311	5.22163311389566
21	ctrl_M3	ctrl	50.1200828552246	4.68230175971985	10.7041547997589
21	mut_M1	mut	55.963550567627	11.5561889410019	4.84273412743069
21	mut_M2	mut	83.8952255249023	16.8543925285339	4.97764754101167
21	mut_M3	mut	59.5862617492676	8.12847030162811	7.33056276742902
22	ctrl_M1	ctrl	27.8943653106689	51.298530459404	0.543765387835888
22	ctrl_M2	ctrl	39.8668594360352	50.6925252079964	0.786444535411435
22	ctrl_M3	ctrl	34.092170715332	50.9571993350983	0.669035409327334
22	mut_M1	mut	52.1035270690918	61.4264094829559	0.848226805174882
22	mut_M2	mut	30.5518932342529	78.3414790630341	0.389983615316615
22	mut_M3	mut	27.935302734375	55.9790015220642	0.499031815052368
23	ctrl_M1	ctrl	24.775671005249	5.51928132772446	4.48893062957234
23	ctrl_M2	ctrl	24.1258659362793	8.37477552890778	2.88077762239745
23	ctrl_M3	ctrl	24.8480014801025	6.05741465091705	4.10208032833623
23	mut_M1	mut	19.523307800293	8.82435488700867	2.21243456890378
23	mut_M2	mut	46.6218299865723	13.4965490102768	3.45435191996655
23	mut_M3	mut	44.8952598571777	14.343518614769	3.1300032483627
24	ctrl_M1	ctrl	24.6285381317139	7.73691713809967	3.18324956725116
24	ctrl_M2	ctrl	37.5598487854004	5.92275303602219	6.34161994548167
24	ctrl_M3	ctrl	23.8342456817627	9.99906253814697	2.38364802608582
24	mut_M1	mut	32.417350769043	8.93306201696396	3.62891813663469
24	mut_M2	mut	35.8863487243652	9.39948886632919	3.81790427487149
24	mut_M3	mut	45.7099380493164	12.9835722446442	3.5205979670327
25	ctrl_M1	ctrl	30.9223480224609	8.88225960731506	3.48136053093906
25	ctrl_M2	ctrl	45.8086776733398	8.13067948818207	5.63405281685531
25	ctrl_M3	ctrl	22.1168041229248	9.16789758205414	2.41241832437327
25	mut_M1	mut	36.3203125	10.127580165863	3.58627746264844
25	mut_M2	mut	52.2633094787598	12.4123656153679	4.21058411412342
25	mut_M3	mut	41.5514144897461	9.1488002538681	4.54173370679704
26	ctrl_M1	ctrl	18.6100482940674	2.81181302666664	6.61852268183326
26	ctrl_M2	ctrl	23.2091999053955	4.60784396529198	5.03688928709739
26	ctrl_M3	ctrl	30.1319255828857	10.3856537342072	2.90130273491022
26	mut_M1	mut	31.5421924591064	6.07593148946762	5.19133445032808
26	mut_M2	mut	36.1356353759766	9.61774969100952	3.7571819330831
26	mut_M3	mut	27.9157199859619	5.75743234157562	4.84864056228272
27	ctrl_M1	ctrl	6.45717239379883	5.02293086051941	1.28553877668368
27	ctrl_M2	ctrl	8.94586658477783	3.95732599496841	2.26058368609312
27	ctrl_M3	ctrl	9.59771823883057	3.79061803221703	2.53196659680773
27	mut_M1	mut	14.9615592956543	5.48575955629349	2.72734507265995
27	mut_M2	mut	17.9430389404297	5.94596391916275	3.01768379094978
27	mut_M3	mut	17.5581455230713	4.14846795797348	4.23244091576603
28	ctrl_M1	ctrl	3.93300461769104	1.71500021219254	2.2932968694289
28	ctrl_M2	ctrl	1.45929753780365	1.5965950191021	0.914006069381539
28	ctrl_M3	ctrl	2.74063777923584	1.00170972943306	2.73596002784855
28	mut_M1	mut	4.96481990814209	1.26061677932739	3.93840538184101
28	mut_M2	mut	2.67165684700012	2.22706443071365	1.19963159132491
28	mut_M3	mut	3.603107213974	0.772833868861198	4.66220148876669
29	ctrl_M1	ctrl	7.35102319717407	1.11305499076843	6.60436659297405
29	ctrl_M2	ctrl	4.51310443878174	2.3573089838028	1.9145154367932
29	ctrl_M3	ctrl	3.60347080230713	3.85701704025269	0.934263645895392
29	mut_M1	mut	3.96439051628113	3.70222270488739	1.07081362529803
29	mut_M2	mut	6.16502857208252	1.54542648792267	3.98920855845394
29	mut_M3	mut	12.7164897918701	2.1719086766243	5.85498365043359
30	ctrl_M1	ctrl	3.37000441551208	1.87477606534958	1.79755037297412
30	ctrl_M2	ctrl	4.38200807571411	2.70052662491798	1.62264946224968
30	ctrl_M3	ctrl	5.23594856262207	2.24238806962967	2.33498770062882
30	mut_M1	mut	2.73259902000427	2.82533311843872	0.967177640813663
30	mut_M2	mut	2.12356615066528	2.232651501894	0.951140896312669
30	mut_M3	mut	7.33807229995728	3.19912019371986	2.29377824389422
31	ctrl_M1	ctrl	2.42878150939941	3.59238928556442	0.676090845488037
31	ctrl_M2	ctrl	1.23250579833984	2.91613087058067	0.422651058213454
31	ctrl_M3	ctrl	8.50873947143555	2.84221005439758	2.99370535906397
31	mut_M1	mut	8.69485473632812	4.29195737838745	2.02584834139124
31	mut_M2	mut	8.0434455871582	2.58187100291252	3.11535532878469
31	mut_M3	mut	3.95164918899536	2.51175132393837	1.57326449928939
32	ctrl_M1	ctrl	15.4870595932007	9.47603642940521	1.63433938953027
32	ctrl_M2	ctrl	0	7.63343238830566	0
32	ctrl_M3	ctrl	0	2.96788620948792	0
32	mut_M1	mut	7.7666916847229	8.13549041748047	0.954667916273966
32	mut_M2	mut	24.0625648498535	7.42694461345673	3.2399009420718
32	mut_M3	mut	0	7.11219936609268	0
33	ctrl_M1	ctrl	6.61527442932129	2.4770068526268	2.67067263956334
33	ctrl_M2	ctrl	0	2.19154322147369	0
33	ctrl_M3	ctrl	2.3721706867218	0.422189474105835	5.61873479140113
33	mut_M1	mut	5.94578695297241	1.86157155036926	3.19396101202395
33	mut_M2	mut	13.1186170578003	1.93521100282669	6.77890784965485
33	mut_M3	mut	3.57599496841431	2.21098232269287	1.61737836241898
34	ctrl_M1	ctrl	6.64729070663452	1.58719035983086	4.18808661825725
34	ctrl_M2	ctrl	6.910813331604	0.976663112640381	7.07594383586457
34	ctrl_M3	ctrl	1.45195937156677	2.10449673235416	0.689931872663237
34	mut_M1	mut	3.80111742019653	1.75483959913254	2.1660768437614
34	mut_M2	mut	6.42859840393066	1.20343065261841	5.34189351911837
34	mut_M3	mut	3.75955080986023	2.83802059292793	1.32470878443541
35	ctrl_M1	ctrl	20.7429313659668	17.2480990886688	1.20262130101014
35	ctrl_M2	ctrl	17.937686920166	15.1576877832413	1.18340522490497
35	ctrl_M3	ctrl	17.5045776367188	15.1568840742111	1.15489288900099
35	mut_M1	mut	21.8457527160645	17.4224810600281	1.2538829940923
35	mut_M2	mut	25.3894939422607	15.7071583271027	1.61642821785601
35	mut_M3	mut	23.3592662811279	17.2652988433838	1.35296043775572
36	ctrl_M1	ctrl	9.72731685638428	6.23238515853882	1.5607695302748
36	ctrl_M2	ctrl	8.65465927124023	6.46906983852386	1.33785219317018
36	ctrl_M3	ctrl	16.2259578704834	6.83882546424866	2.37262347976387
36	mut_M1	mut	15.2466411590576	9.96500241756439	1.53001881185536
36	mut_M2	mut	15.6261396408081	7.23577380180359	2.15956718228438
36	mut_M3	mut	15.8637266159058	7.9136358499527	2.00460659508367
37	ctrl_M1	ctrl	3.89936113357544	4.35644763708115	0.895078159642025
37	ctrl_M2	ctrl	5.36476039886475	3.01559334993362	1.77900657559907
37	ctrl_M3	ctrl	5.09248161315918	4.54326409101486	1.12088610988529
37	mut_M1	mut	10.846851348877	8.56461268663406	1.26647307306781
37	mut_M2	mut	10.6222858428955	11.1868851482868	0.94953024922422
37	mut_M3	mut	7.57072448730469	4.06930559873581	1.86044628588638
38	ctrl_M1	ctrl	0	2.15469694882631	0
38	ctrl_M2	ctrl	1.55529117584229	1.30847251415253	1.18863113976041
38	ctrl_M3	ctrl	0	1.77392888069153	0
38	mut_M1	mut	10.7757844924927	1.54440154135227	6.97732047266506
38	mut_M2	mut	8.93579769134521	2.79653506726027	3.19531043824868
38	mut_M3	mut	5.87517738342285	3.71157968044281	1.58293176740366
39	ctrl_M1	ctrl	0	0.342686653137207	0
39	ctrl_M2	ctrl	0	0.458117604255676	0
39	ctrl_M3	ctrl	0	0	NA
39	mut_M1	mut	1.20993423461914	1.31496474146843	0.920126750522603
39	mut_M2	mut	1.14354836940765	0.509930074214935	2.24255918062532
39	mut_M3	mut	2.35647988319397	0.375948965549469	6.26808449851658
40	ctrl_M1	ctrl	0	0	NA
40	ctrl_M2	ctrl	0	0.210067003965378	0
40	ctrl_M3	ctrl	0	0	NA
40	mut_M1	mut	0	0	NA
40	mut_M2	mut	0	0	NA
40	mut_M3	mut	0	0	NA
41	ctrl_M1	ctrl	7.1542501449585	0.683333963155746	10.4696247087135
41	ctrl_M2	ctrl	9.15053272247314	4.5472392141819	2.01232710474842
41	ctrl_M3	ctrl	1.84704077243805	1.56336642801762	1.18145096334206
41	mut_M1	mut	7.70029544830322	4.87811255455017	1.57853992957186
41	mut_M2	mut	9.16227340698242	1.51759991049767	6.03734445660177
41	mut_M3	mut	7.22546052932739	4.62684589624405	1.56163846632386
42	ctrl_M1	ctrl	4.98886156082153	2.20514976978302	2.26236858338761
42	ctrl_M2	ctrl	0.97793310880661	1.42639347910881	0.68559841525468
42	ctrl_M3	ctrl	3.82100749015808	1.62943686544895	2.34498652336879
42	mut_M1	mut	6.66056680679321	3.34934675693512	1.98861667368478
42	mut_M2	mut	8.72833061218262	2.97439396381378	2.934490426746
42	mut_M3	mut	4.85373401641846	1.72088707983494	2.82048373382175
43	ctrl_M1	ctrl	17.126974105835	3.76201182603836	4.55261038450024
43	ctrl_M2	ctrl	8.40995407104492	4.20871412754059	1.99822411696073
43	ctrl_M3	ctrl	8.12243747711182	4.76591831445694	1.70427542840447
43	mut_M1	mut	14.4100646972656	6.23972690105438	2.3094063130921
43	mut_M2	mut	14.0656862258911	6.39132702350616	2.200745819164
43	mut_M3	mut	13.5475912094116	6.42247772216797	2.1094026005961
44	ctrl_M1	ctrl	3.36121773719788	0.623781681060791	5.38845214479825
44	ctrl_M2	ctrl	3.65520405769348	1.36960563063622	2.66880040205117
44	ctrl_M3	ctrl	3.00386834144592	0.843353897333145	3.56181236719811
44	mut_M1	mut	7.71159410476685	1.49579946696758	5.15549996845531
44	mut_M2	mut	8.09313106536865	1.42279183864594	5.68820458871261
44	mut_M3	mut	6.25698280334473	0.408623993396759	15.3123235650762
45	ctrl_M1	ctrl	0.970967590808868	0	NA
45	ctrl_M2	ctrl	0	0.127562433481216	0
45	ctrl_M3	ctrl	0.752677381038666	0.643301956355572	1.17002190589117
45	mut_M1	mut	2.58388948440552	0.674913689494133	3.82847395841417
45	mut_M2	mut	2.00467419624329	0.367888510227203	5.4491351061908
45	mut_M3	mut	1.6451164484024	0.685654371976852	2.39933779414148
46	ctrl_M1	ctrl	1.85708582401276	1.75103096663952	1.06056709412557
46	ctrl_M2	ctrl	4.48947381973267	0.657024189829826	6.83304190199674
46	ctrl_M3	ctrl	2.64240670204163	1.67022414505482	1.5820671194733
46	mut_M1	mut	3.70723962783813	1.62555156648159	2.28060413725431
46	mut_M2	mut	1.19075953960419	2.38195100426674	0.499909333765138
46	mut_M3	mut	6.36329221725464	2.6566309928894	2.39524880733767
47	ctrl_M1	ctrl	5.70982027053833	1.29105067253113	4.422615155255
47	ctrl_M2	ctrl	2.08275008201599	0.477391138672829	4.36277490991169
47	ctrl_M3	ctrl	3.49386167526245	0.876671209931374	3.98537289200583
47	mut_M1	mut	6.09225702285767	0.463408060371876	13.146635856892
47	mut_M2	mut	7.58733749389648	1.26660652458668	5.99028770704652
47	mut_M3	mut	3.49501872062683	1.90558904409409	1.83408837884475
48	ctrl_M1	ctrl	2.61733627319336	1.92497935891151	1.35966978610791
48	ctrl_M2	ctrl	1.58993864059448	1.59450636804104	0.997135334459549
48	ctrl_M3	ctrl	3.85009598731995	2.46748360991478	1.56033295291186
48	mut_M1	mut	5.13244390487671	3.55299779772758	1.44453900538844
48	mut_M2	mut	10.1813631057739	2.51197056472301	4.05313790247243
48	mut_M3	mut	3.14248609542847	2.45389853417873	1.28060963061791
49	ctrl_M1	ctrl	4.02079677581787	1.56465467810631	2.56976624432186
49	ctrl_M2	ctrl	2.07417273521423	1.102593511343	1.88117625750201
49	ctrl_M3	ctrl	2.01670837402344	1.2367550432682	1.63064495673626
49	mut_M1	mut	6.58991050720215	1.85268460214138	3.55695216529859
49	mut_M2	mut	8.41485977172852	2.99828699231148	2.80655580780185
49	mut_M3	mut	6.45354223251343	0.661835849285126	9.75097108971076
50	ctrl_M1	ctrl	0.850194096565247	1.95866033434868	0.434069185787624
50	ctrl_M2	ctrl	1.55774199962616	1.54194521903992	1.01024470933934
50	ctrl_M3	ctrl	2.22555732727051	0.703483581542969	3.16362369451343
50	mut_M1	mut	1.68992245197296	1.1925875544548	1.41702170684275
50	mut_M2	mut	6.45560169219971	0.432917937636375	14.9118369348373
50	mut_M3	mut	5.64104843139648	1.60844206809998	3.50715051743216
51	ctrl_M1	ctrl	2.4582188129425	2.26815037429333	1.08379887012932
51	ctrl_M2	ctrl	2.77476596832275	1.56269174814224	1.77563231623988
51	ctrl_M3	ctrl	4.70435476303101	3.78865957260132	1.24169371063364
51	mut_M1	mut	2.65136122703552	1.77238312363625	1.4959300794943
51	mut_M2	mut	7.11063241958618	1.69835066795349	4.18678695381236
51	mut_M3	mut	5.4019603729248	3.18358469009399	1.6968169214199
52	ctrl_M1	ctrl	0.733132839202881	0.350671499967575	2.09065418567141
52	ctrl_M2	ctrl	0	0.461969316005707	0
52	ctrl_M3	ctrl	0	0	NA
52	mut_M1	mut	6.49005699157715	1.34039556980133	4.84189677867936
52	mut_M2	mut	0	0.309351205825806	0
52	mut_M3	mut	4.68604469299316	0.508473098278046	9.21591468430198
53	ctrl_M1	ctrl	2.13815236091614	1.15399895608425	1.8528200130885
53	ctrl_M2	ctrl	3.10100054740906	0.722176179289818	4.29396681355311
53	ctrl_M3	ctrl	2.04921412467957	1.24797977507114	1.6420251077889
53	mut_M1	mut	3.40230560302734	1.91993787884712	1.77209150385134
53	mut_M2	mut	8.20346546173096	1.35494361817837	6.05446998064759
53	mut_M3	mut	8.24943256378174	0.77469402551651	10.6486332565707
54	ctrl_M1	ctrl	2.62646627426147	0.198574498295784	13.2266041047691
54	ctrl_M2	ctrl	1.74751842021942	0	NA
54	ctrl_M3	ctrl	1.65978348255157	0	NA
54	mut_M1	mut	0.940969109535217	0.297367483377457	3.16433087722917
54	mut_M2	mut	4.1973614692688	0	NA
54	mut_M3	mut	1.66931200027466	0.523359134793282	3.18961089870727
55	ctrl_M1	ctrl	0	1.34329524636269	0
55	ctrl_M2	ctrl	0.801658034324646	1.52430602908134	0.52591672474574
55	ctrl_M3	ctrl	0.800682187080383	0.482919827103615	1.6580023062681
55	mut_M1	mut	3.80193328857422	1.46544715762138	2.59438442990006
55	mut_M2	mut	1.01642060279846	1.58161671459675	0.64264659915257
55	mut_M3	mut	7.54186725616455	0.771773427724838	9.77212609975147
56	ctrl_M1	ctrl	1.94577729701996	0.703264772891998	2.76677770879727
56	ctrl_M2	ctrl	1.81457126140594	1.41605895757675	1.28142352526843
56	ctrl_M3	ctrl	1.76901662349701	0.788750469684601	2.24280896365664
56	mut_M1	mut	0.448677867650986	1.10937443375587	0.404442227978836
56	mut_M2	mut	1.51889359951019	2.09545737504959	0.724850630509364
56	mut_M3	mut	3.0930438041687	2.3511421084404	1.31554949106008
57	ctrl_M1	ctrl	8.18470191955566	2.31517794728279	3.53523664527024
57	ctrl_M2	ctrl	0.872588336467743	1.5961701720953	0.546676257784151
57	ctrl_M3	ctrl	4.01162385940552	2.09691232442856	1.91310996300179
57	mut_M1	mut	4.40591382980347	1.40301066637039	3.140328106843
57	mut_M2	mut	5.36909055709839	2.04433710873127	2.6263234836208
57	mut_M3	mut	10.1923847198486	2.3117039501667	4.40903547321171
58	ctrl_M1	ctrl	28.3998737335205	2.40817004442215	11.7931347079501
58	ctrl_M2	ctrl	24.3364067077637	0.743041068315506	32.7524382507349
58	ctrl_M3	ctrl	27.4502983093262	2.8346429169178	9.68386463970346
58	mut_M1	mut	33.3996086120605	1.88373047113419	17.7305666197303
58	mut_M2	mut	32.5760498046875	13.3798118829727	2.43471657820123
58	mut_M3	mut	26.3040084838867	7.20492315292358	3.65083817350823
59	ctrl_M1	ctrl	38.1601600646973	5.94709712266922	6.41660280260732
59	ctrl_M2	ctrl	32.4367637634277	5.117804646492	6.33802303994966
59	ctrl_M3	ctrl	21.1975059509277	5.60231092572212	3.78370751498328
59	mut_M1	mut	41.3022537231445	5.32732124626637	7.75291216989985
59	mut_M2	mut	48.433708190918	5.96056884527206	8.12568555924586
59	mut_M3	mut	46.5267906188965	7.16104578971863	6.49720613233568
60	ctrl_M1	ctrl	15.7201137542725	3.47603887319565	4.52242173569837
60	ctrl_M2	ctrl	6.61297941207886	3.54848897457123	1.86360432834032
60	ctrl_M3	ctrl	8.80831336975098	3.50338494777679	2.51422938131324
60	mut_M1	mut	16.4186267852783	3.09285885095596	5.30856000111468
60	mut_M2	mut	23.5944519042969	2.78076416254044	8.48488060301438
60	mut_M3	mut	12.2990999221802	6.02379086613655	2.04175413713664
61	ctrl_M1	ctrl	5.99713373184204	1.07937303185463	5.55612708012306
61	ctrl_M2	ctrl	4.14422464370728	1.12944960594177	3.66924263101733
61	ctrl_M3	ctrl	2.01241135597229	0.595783069729805	3.37775854705798
61	mut_M1	mut	15.7406415939331	1.28154845535755	12.2825177059275
61	mut_M2	mut	10.2792158126831	2.27715463936329	4.51406137949299
61	mut_M3	mut	7.75679016113281	4.27968454360962	1.81246773730442
62	ctrl_M1	ctrl	27.7510356903076	3.41569136083126	8.12457355150319
62	ctrl_M2	ctrl	25.658052444458	4.67569163441658	5.48754161963881
62	ctrl_M3	ctrl	15.502649307251	3.83048236370087	4.04717939812492
62	mut_M1	mut	28.7064094543457	6.15814960002899	4.66153168058966
62	mut_M2	mut	33.6921234130859	5.71262729167938	5.89783328979987
62	mut_M3	mut	34.4659423828125	5.20259988307953	6.6247536149967
63	ctrl_M1	ctrl	12.2210245132446	3.49342823028564	3.49828984814878
63	ctrl_M2	ctrl	11.5544910430908	3.51328566670418	3.28879918664004
63	ctrl_M3	ctrl	8.14734840393066	4.3091669678688	1.8907014893322
63	mut_M1	mut	13.7690849304199	7.47106176614761	1.84298903708834
63	mut_M2	mut	14.3463754653931	4.00832444429398	3.57914526749843
63	mut_M3	mut	17.899377822876	3.02629041671753	5.91462660820589
64	ctrl_M1	ctrl	6.92766571044922	4.37004935741425	1.58526028972549
64	ctrl_M2	ctrl	7.72017669677734	3.36176943778992	2.29646227667913
64	ctrl_M3	ctrl	9.87512493133545	4.82928460836411	2.04484219344459
64	mut_M1	mut	12.7200689315796	9.61960172653198	1.32230723196119
64	mut_M2	mut	10.4490175247192	9.39680802822113	1.1119752040627
64	mut_M3	mut	11.2009944915771	6.54256129264832	1.71201980242254
65	ctrl_M1	ctrl	15.851110458374	5.33758985996246	2.96971308666371
65	ctrl_M2	ctrl	15.6347455978394	4.24876010417938	3.67983722650284
65	ctrl_M3	ctrl	13.1483373641968	4.11275693774223	3.19696436313467
65	mut_M1	mut	17.9035396575928	6.52291220426559	2.74471571852292
65	mut_M2	mut	14.7363309860229	8.23522424697876	1.78942680175701
65	mut_M3	mut	16.8914527893066	7.68789738416672	2.19714857590252
66	ctrl_M1	ctrl	14.1995630264282	5.96539354324341	2.38032292815134
66	ctrl_M2	ctrl	8.51629161834717	6.60005471110344	1.29033651857764
66	ctrl_M3	ctrl	14.1263971328735	5.56380045413971	2.53898342496501
66	mut_M1	mut	21.7389373779297	7.91589426994324	2.74623897649476
66	mut_M2	mut	17.5475292205811	6.11367815732956	2.87020820674763
66	mut_M3	mut	22.0857524871826	8.05853521823883	2.74066587649776
67	ctrl_M1	ctrl	11.8976964950562	3.36306113004684	3.537758023117
67	ctrl_M2	ctrl	7.74910640716553	3.86027330160141	2.00739838911169
67	ctrl_M3	ctrl	9.52753162384033	3.47568064928055	2.74119879966892
67	mut_M1	mut	5.55383491516113	5.87001395225525	0.946136578266115
67	mut_M2	mut	9.14421081542969	3.21037864685059	2.84832782089435
67	mut_M3	mut	11.5247383117676	2.98478254675865	3.86116513723352
68	ctrl_M1	ctrl	8.27513313293457	4.56521487236023	1.8126492102345
68	ctrl_M2	ctrl	5.52378416061401	1.90255478024483	2.90335091423922
68	ctrl_M3	ctrl	9.28020477294922	7.0557427406311	1.315269719162
68	mut_M1	mut	14.0704822540283	5.4835706949234	2.56593432214789
68	mut_M2	mut	18.5864353179932	5.58263742923737	3.32932875430032
68	mut_M3	mut	12.0224418640137	9.43251156806946	1.27457483378144
69	ctrl_M1	ctrl	9.50686264038086	4.04512739181519	2.35020104919732
69	ctrl_M2	ctrl	10.1804256439209	6.55552184581757	1.55295427021054
69	ctrl_M3	ctrl	7.92145347595215	6.58847081661224	1.2023204923332
69	mut_M1	mut	9.18892765045166	5.84271723031998	1.57271476407706
69	mut_M2	mut	19.3061656951904	6.51690691709518	2.96247375339157
69	mut_M3	mut	24.2456569671631	5.57689160108566	4.34752164851889
70	ctrl_M1	ctrl	2.83335256576538	8.24030244350433	0.343840846278507
70	ctrl_M2	ctrl	8.83675479888916	6.13625705242157	1.44008875824423
70	ctrl_M3	ctrl	11.1576194763184	4.69819712638855	2.3748725683835
70	mut_M1	mut	15.1225728988647	11.1845247745514	1.35209793922347
70	mut_M2	mut	18.9442691802979	3.79762119054794	4.98845678116844
70	mut_M3	mut	13.752480506897	7.21906268596649	1.90502300716007
71	ctrl_M1	ctrl	9.89358139038086	1.07415498793125	9.21057156699073
71	ctrl_M2	ctrl	5.64534616470337	0.771128103137016	7.32089278258386
71	ctrl_M3	ctrl	3.7862696647644	0.421468332409859	8.98352111798148
71	mut_M1	mut	5.93459033966064	0.698168382048607	8.50022787088556
71	mut_M2	mut	4.71952056884766	1.04032151401043	4.53659806635542
71	mut_M3	mut	8.94467830657959	1.36008751392365	6.57654615236894
72	ctrl_M1	ctrl	2.01416325569153	3.38121050596237	0.595692948469131
72	ctrl_M2	ctrl	5.53656005859375	1.71606893837452	3.22630398743657
72	ctrl_M3	ctrl	2.87052392959595	1.33213278651237	2.15483318079063
72	mut_M1	mut	2.66233587265015	2.68687665462494	0.990866427778681
72	mut_M2	mut	9.46200370788574	4.11778283119202	2.29783941887646
72	mut_M3	mut	4.93050956726074	2.18167535960674	2.25996482269914
73	ctrl_M1	ctrl	1.17065000534058	0.157806858420372	7.41824542392292
73	ctrl_M2	ctrl	0.480529189109802	0.252797067165375	1.90084954108842
73	ctrl_M3	ctrl	0.893839180469513	0.227715857326984	3.9252390718931
73	mut_M1	mut	2.07373905181885	0.511536292731762	4.05394315375834
73	mut_M2	mut	3.36751484870911	1.35735070705414	2.48094676726373
73	mut_M3	mut	2.58416748046875	1.18642663955688	2.17810979146077
