Name	Chromosome	Start	End	mc_diff	mc_qvalue	hmc_diff	hmc_qvalue	Annotation
10:116113438-116114341	10	116113438	116114341	0.029603665090873088	0.0007715390578064018	-0.027769656253947	0.0012284406232689817	cpg_islands
10:127090960-127091967	10	127090960	127091967	-0.1158815627517494	8.940519631237165e-11	-0.10889495797162893	3.941458384952966e-12	cpg_islands
10:42196982-42197868	10	42196982	42197868	0.06441937132582642	7.049279718826783e-06	-0.04903425658202171	0.0027757633355158956	cpg_islands
10:79739313-79739593	10	79739313	79739593	0.06262056450330489	9.503718175324047e-06	-0.05886925075769392	1.2114896071730357e-05	cpg_islands
10:80131424-80132234	10	80131424	80132234	-0.08733393376884663	2.100870765019115e-12	-0.03620207131031064	0.011096691874914253	cpg_islands
10:80932193-80932449	10	80932193	80932449	-0.09933892105380374	1.171494277012812e-05	-0.05773768071681688	0.006297148478773857	cpg_islands
10:81147994-81148594	10	81147994	81148594	0.06193141332697327	6.886320356165438e-05	-0.05806908227601526	0.00045266190004062475	cpg_islands
10:81346554-81347061	10	81346554	81347061	-0.18045856318008555	1.3054227319946742e-20	-0.0381406926980475	0.04642385193097776	cpg_islands
10:81587685-81588086	10	81587685	81588086	0.07396585759136676	0.00021336120262995586	-0.05562348128357272	0.000989383578742676	cpg_islands
10:90049795-90050172	10	90049795	90050172	0.042851964798965025	0.0005672397946892771	-0.028326466217291138	0.03679808122435333	cpg_islands
11:116623688-116624381	11	116623688	116624381	-0.152854078024985	5.373973616468861e-08	-0.09833526893709514	0.00013705077999081914	cpg_islands
11:120188049-120188407	11	120188049	120188407	-0.08488839463539866	2.0921963456690227e-16	-0.03176719062047166	7.581327942566536e-05	cpg_islands
11:20020717-20021262	11	20020717	20021262	0.04416564135772039	6.22691186795627e-06	-0.03474652003512621	0.0010312054211130666	cpg_islands
11:36139498-36139733	11	36139498	36139733	-0.402985903839807	7.885063590411994e-61	-0.040447906890246216	0.020618056242800636	cpg_islands
11:70226432-70226878	11	70226432	70226878	-0.1839761742925718	1.8630158618877737e-27	-0.058260893866180344	9.165819009979896e-05	cpg_islands
11:75165307-75169327	11	75165307	75169327	-0.17789005588276185	9.18855907412715e-36	-0.07828847398337999	3.941458384952966e-12	cpg_islands
11:95830487-95831358	11	95830487	95831358	-0.07188848513843193	3.472983081669966e-10	-0.024750625480111414	0.0014724888286398253	cpg_islands
11:98386680-98386882	11	98386680	98386882	-0.1482302639366525	3.691399644844243e-06	-0.06564485143301388	0.029450334440784223	cpg_islands
11:98936171-98936439	11	98936171	98936439	0.0892711301097755	0.00038916831284233094	-0.07259816320096973	0.006477559227820362	cpg_islands
12:108463314-108463666	12	108463314	108463666	0.053670978798823654	3.168960011807914e-05	-0.04927638297230179	4.466228811016841e-05	cpg_islands
12:112175530-112175832	12	112175530	112175832	-0.05976436429125098	6.549615787152656e-05	0.03385249687890001	0.005995622311297538	cpg_islands
12:113187654-113189171	12	113187654	113189171	-0.03460305925253693	0.012286748662525554	0.028956499104005468	0.037304570676042086	cpg_islands
12:71317978-71318774	12	71317978	71318774	0.07559896866573423	3.397054887930668e-21	-0.06462085246172514	6.658448766674986e-19	cpg_islands
12:72303786-72304071	12	72303786	72304071	0.06671547764979768	0.0009333238329245972	-0.04531157889371881	0.01797669414858571	cpg_islands
12:76403462-76406165	12	76403462	76406165	-0.011161720715120223	0.024232997609257113	-0.011680802628669284	0.019301935617750714	cpg_islands
13:37930867-37931184	13	37930867	37931184	-0.038178387245013545	0.045246919851095045	0.035282157748802	0.006576288433565603	cpg_islands
13:53118692-53118926	13	53118692	53118926	-0.06457717521186701	0.00018549643298043812	0.046122128878451976	0.001068600688512115	cpg_islands
13:64273916-64275619	13	64273916	64275619	-0.18995485065811224	1.4823573351495786e-48	-0.055839408737919594	3.919411449000968e-07	cpg_islands
13:95961237-95961458	13	95961237	95961458	-0.13761010819275227	1.0832692874548915e-14	-0.02987911700303241	0.029781106297236827	cpg_islands
14:122406527-122407139	14	122406527	122407139	-0.18209056254805883	2.3349054157962588e-20	-0.06452916162700269	8.871956583469175e-05	cpg_islands
14:57691292-57691751	14	57691292	57691751	0.06267669218810434	8.229053405256737e-05	-0.04803100884189433	8.646022426383089e-05	cpg_islands
15:101412210-101412817	15	101412210	101412817	-0.08532864107306715	0.0023566594876822185	0.057197686522632935	0.01565504852469786	cpg_islands
15:37232987-37234441	15	37232987	37234441	-0.044455157377194354	0.009110681097973318	-0.025681689968896027	0.022370243471995146	cpg_islands
15:73058048-73058500	15	73058048	73058500	0.030421907394743708	0.00022213515552204106	-0.017062049565720494	0.015442423789057396	cpg_islands
15:76173076-76173438	15	76173076	76173438	0.027249111616351684	0.00041020728328785953	-0.021224874261127926	0.0064647345217643355	cpg_islands
15:98894822-98895074	15	98894822	98895074	-0.27353608739914737	1.493385747096925e-52	-0.09296437344894562	6.588857170796646e-10	cpg_islands
16:76293287-76293490	16	76293287	76293490	0.04362930374969376	0.019945306623179924	-0.048265390953587256	0.013368343819142724	cpg_islands
17:23819189-23820217	17	23819189	23820217	0.02288180567842113	0.0007853962202649868	-0.016827622799309355	0.045572715719114164	cpg_islands
17:27639117-27639359	17	27639117	27639359	0.06362071632963852	0.0024056720673380338	0.05989316102721348	0.00010419419486001326	cpg_islands
17:39843168-39846346	17	39843168	39846346	0.015477675371483868	2.056931711373587e-33	0.0010905871937992142	2.9114171424713187e-06	cpg_islands
17:6132178-6132558	17	6132178	6132558	0.23394651012753848	0.00010982931329180157	-0.20992190992787113	0.0027886415997729385	cpg_islands
17:6466927-6467139	17	6466927	6467139	0.1269380677710784	1.1853447910735858e-06	-0.11964534220346923	9.071312814464392e-06	cpg_islands
17:70852767-70853824	17	70852767	70853824	-0.07392138135415972	1.3315184778665199e-08	-0.028937308306213275	0.010326889203938386	cpg_islands
17:87694517-87694875	17	87694517	87694875	0.04428691423082243	0.011573656334172275	-0.045016188898574686	0.014438063596473184	cpg_islands
17:88486451-88486745	17	88486451	88486745	0.09355537815548431	2.169794717792433e-06	-0.08947298552965771	1.671144090087032e-05	cpg_islands
17:91087924-91088778	17	91087924	91088778	-0.06150820222097231	1.3326449807853756e-08	0.05181316120366039	3.919411449000968e-07	cpg_islands
18:25487218-25487562	18	25487218	25487562	-0.15708624663858634	3.117642127231863e-08	-0.10331322447150126	0.01582226286795447	cpg_islands
18:38197778-38198120	18	38197778	38198120	0.05196651272361197	0.0001665530208994955	-0.06097205250693871	1.7676076099752718e-06	cpg_islands
18:38199080-38199450	18	38199080	38199450	0.07749148223396118	1.2555174059836382e-07	-0.06421111072142707	2.0597762821852298e-05	cpg_islands
19:21792702-21792943	19	21792702	21792943	0.06147309029120751	0.011731112951314068	-0.05845070754702142	0.03793808436845466	cpg_islands
19:47151658-47151964	19	47151658	47151964	0.1129426999586309	0.000554588071419332	0.09882737244072479	9.148711977254111e-05	cpg_islands
19:58799413-58799838	19	58799413	58799838	0.031143427602687734	0.003391553715613918	-0.02657285694713459	0.0015355552736319685	cpg_islands
1:17091517-17091971	1	17091517	17091971	0.06059577467933197	0.0001247481697603555	-0.049314145619842875	0.009375783002198037	cpg_islands
1:36103537-36104186	1	36103537	36104186	0.0221386084051014	0.03109944281001708	-0.022979615037529787	0.015298278090552503	cpg_islands
1:54957230-54957497	1	54957230	54957497	0.09778157611864746	1.7341512204994726e-06	-0.04789090020471047	0.038969197490571914	cpg_islands
1:75369572-75369788	1	75369572	75369788	0.08281479902684971	3.810103800108185e-06	0.11828081414956157	1.2101598986589426e-11	cpg_islands
2:105660037-105660246	2	105660037	105660246	-0.2207957618117864	4.485327812071643e-14	-0.05879502398892727	0.004602866757074733	cpg_islands
2:105672527-105672800	2	105672527	105672800	0.3148683990459085	1.4177160166801704e-20	0.07473421161118882	0.004318708153433139	cpg_islands
2:167188125-167190391	2	167188125	167190391	-0.10173310556105952	3.063706588182984e-08	0.0869424915716992	3.439354240493172e-08	cpg_islands
2:28911901-28912165	2	28911901	28912165	-0.16918433780545622	5.55447388320514e-14	-0.047007371243443605	0.010815803802064046	cpg_islands
2:29845329-29846472	2	29845329	29846472	-0.26339492896787653	1.7650670866043245e-63	-0.030817393717426374	0.004602866757074733	cpg_islands
3:105458909-105459252	3	105458909	105459252	0.07064125398500898	1.9466460438540917e-06	-0.06279725014677004	6.308861403265623e-05	cpg_islands
3:84190483-84191108	3	84190483	84191108	-0.16493328425621603	9.656901346130152e-07	-0.11890316609525631	0.004272738565198049	cpg_islands
3:89227366-89227789	3	89227366	89227789	-0.11784747548142716	2.2248174533852186e-16	-0.030201674702454533	0.008468227057438524	cpg_islands
4:106463881-106464248	4	106463881	106464248	-0.1641577594326976	1.4846243697085618e-06	-0.10028153498548235	0.003537311944971579	cpg_islands
4:41497500-41499385	4	41497500	41499385	-0.14681983715387065	3.799426333749257e-85	-0.02091108180594739	0.0064647345217643355	cpg_islands
4:46664594-46664942	4	46664594	46664942	-0.15493159912306373	0.0015083782110516671	-0.20338411171038515	0.002088622305079816	cpg_islands
5:109555411-109557155	5	109555411	109557155	0.041980894726995066	0.014281229581665188	-0.027348091376137126	0.038457046838018386	cpg_islands
5:110386444-110387322	5	110386444	110387322	-0.10340930997756646	1.6710435605483583e-05	-0.04590225272506763	0.018876470699016032	cpg_islands
5:114610856-114611179	5	114610856	114611179	-0.06284673682404907	6.635372053330108e-05	0.05375988901352899	0.001068600688512115	cpg_islands
5:115126991-115127398	5	115126991	115127398	0.05895158613631979	0.029412177555723562	-0.06696592604304269	0.001068600688512115	cpg_islands
5:118328086-118328318	5	118328086	118328318	-0.10203601634884699	2.43716971344843e-08	-0.05180649597289266	0.0016918107890082476	cpg_islands
5:120694414-120695104	5	120694414	120695104	-0.12795046121567227	4.0896394599586773e-05	-0.07065820993745484	0.045572715719114164	cpg_islands
5:121948370-121948923	5	121948370	121948923	-0.112529899995707	4.2005078321526364e-23	-0.05804251064771734	3.066401050380864e-09	cpg_islands
5:123029214-123029476	5	123029214	123029476	0.05977439621059455	0.001858532435990131	-0.06983214943765627	6.0737135601624545e-05	cpg_islands
5:4755938-4756186	5	4755938	4756186	-0.07199946481898689	0.012720475426832188	-0.10100291356788418	8.871956583469175e-05	cpg_islands
5:76857300-76858505	5	76857300	76858505	-0.11468917908582099	3.5192419141844334e-16	0.0448490319997442	6.37539460389433e-05	cpg_islands
5:98185131-98186715	5	98185131	98186715	-0.3415005945817876	2.0832452834356667e-24	-0.11096713131439857	0.000989383578742676	cpg_islands
6:48024605-48025400	6	48024605	48025400	-0.04296004886205074	0.006420766284562429	-0.02934400710192707	0.0030756338418121026	cpg_islands
6:48063944-48064147	6	48063944	48064147	0.11446619842007366	2.155342322711292e-08	-0.09766586092281876	2.4215476150028876e-06	cpg_islands
6:48596933-48597805	6	48596933	48597805	0.05014817568725516	6.707682269614796e-11	-0.05163181826131748	8.151411645449455e-12	cpg_islands
6:58906723-58907147	6	58906723	58907147	-0.060491234931751015	0.001858532435990131	-0.016797746461953453	0.009475539062569191	cpg_islands
6:64734532-64735014	6	64734532	64735014	0.10866985326262732	1.1160600767104245e-07	-0.004459374251760652	0.013368343819142724	cpg_islands
7:105617746-105617948	7	105617746	105617948	0.11186643424457732	4.973644873644706e-05	-0.07703556209823026	0.008020472796511049	cpg_islands
7:105762140-105762813	7	105762140	105762813	-0.20052532296987075	4.9912780771965557e-26	0.03994635248071968	0.008904803855021346	cpg_islands
7:137198500-137198811	7	137198500	137198811	-0.06187984716594752	0.00029217316060416545	0.062234443167912615	0.00012332793594853775	cpg_islands
7:141070293-141071018	7	141070293	141071018	-0.027969788231508738	0.0338111623104342	-0.0349539726721829	0.021927840415574013	cpg_islands
7:16144921-16145340	7	16144921	16145340	0.07064646880980474	2.519389653616037e-05	-0.06630247542497203	8.819635363191698e-05	cpg_islands
7:30360397-30360802	7	30360397	30360802	0.066020623504637	0.00033942232917489755	-0.061795810394611544	0.0005328172807163405	cpg_islands
7:4146944-4147148	7	4146944	4147148	0.11419976058944559	0.02374437698393193	-0.11476867954792075	0.019022838444299955	cpg_islands
7:74504303-74504598	7	74504303	74504598	0.05329942091810724	0.0004395900538908275	-0.053213298925664676	0.0012864886601590575	cpg_islands
7:79508517-79509111	7	79508517	79509111	-0.1357975682962628	6.224248445641106e-10	-0.09175339583411612	8.210959761006854e-06	cpg_islands
8:116624065-116624309	8	116624065	116624309	0.0471605202174783	0.009248687571712764	-0.06084103996749997	0.00011265883379616349	cpg_islands
8:121752998-121753739	8	121752998	121753739	0.04742786747260119	0.0007853962202649868	-0.03866245576026048	0.008993618760877706	cpg_islands
8:122864937-122865178	8	122864937	122865178	0.08257964014097274	0.0012534609197221997	-0.05180202527593418	0.010666738833122642	cpg_islands
8:14894518-14894910	8	14894518	14894910	0.056891264372560646	0.0033076257787033898	-0.05952886924881565	0.0007635448760172828	cpg_islands
8:15027485-15029176	8	15027485	15029176	-0.20944162495565383	1.4760738410509966e-21	-0.09450360481193859	0.00013705077999081914	cpg_islands
8:44950565-44950826	8	44950565	44950826	0.09470683309485284	1.2753821205170635e-08	-0.08781698143691011	5.300334033055204e-07	cpg_islands
8:44951615-44951884	8	44951615	44951884	0.06261795812119275	2.534940919969612e-07	-0.05133619265849826	6.308861403265623e-05	cpg_islands
8:45009918-45010202	8	45009918	45010202	0.028937279164904184	0.034845308487811644	-0.03249342529683259	0.01565504852469786	cpg_islands
8:45023241-45024207	8	45023241	45024207	0.029351249955486325	0.00021336120262995586	-0.02783627988681922	0.0013094455765807814	cpg_islands
8:61515757-61515960	8	61515757	61515960	-0.2554874632210797	6.599882854822103e-32	-0.06201233334923925	0.010890354149266073	cpg_islands
8:70330649-70332330	8	70330649	70332330	-0.15628217215397205	5.4444618361558e-25	-0.06131007097618399	0.0003236870279608911	cpg_islands
8:84705336-84705936	8	84705336	84705936	-0.39134306851444833	4.620774651329086e-28	-0.13196049012307404	6.308861403265623e-05	cpg_islands
8:87662427-87663031	8	87662427	87663031	-0.27320000966244606	2.138781923944145e-50	-0.09455250344661997	2.1675799119217742e-10	cpg_islands
8:87958428-87962795	8	87958428	87962795	-0.047379374359895796	3.91800698225706e-05	-0.043526805866741375	0.003598775436365533	cpg_islands
9:122166543-122166962	9	122166543	122166962	0.10919951918684678	8.238224757457401e-06	-0.1184980261463589	2.1307830118371823e-06	cpg_islands
9:79719513-79719819	9	79719513	79719819	-0.10386659164782232	7.08638418655525e-07	-0.08502506990634148	2.8354020143433383e-05	cpg_islands
X:12076861-12081915	X	12076861	12081915	-0.03529650250241559	0.03352293330954065	-0.035467220665493425	8.871956583469175e-05	cpg_islands
X:12086982-12092060	X	12086982	12092060	-0.13635129065575963	5.0778437803800806e-08	-0.2035580402543834	5.0088723010731134e-14	cpg_islands
X:12136636-12137563	X	12136636	12137563	-0.19484916696708265	8.753505514987164e-11	-0.06653670339065454	0.04850859808544862	cpg_islands
Y:90741077-90744975	Y	90741077	90744975	0.009920469569081547	0.020058815936852246	-0.007841377936595076	0.0023205049046036022	cpg_islands
