loop_id	direction	ctcf_anchor_count	ctcf_anchor	ctcf_end_type	other_end_type	loop_type_extended
loop_9622	down_in_mutant	1	1	Active_Promoter	Other	Active_Promoter-Other
loop_291	down_in_mutant	1	2	Active_Enhancer	Active_Enhancer	Active_Enhancer-Active_Enhancer
loop_251	down_in_mutant	1	2	Active_Promoter	Active_Promoter	Active_Promoter-Active_Promoter
loop_10883	down_in_mutant	1	2	Poised_Enhancer	Active_Promoter	Active_Promoter-Poised_Enhancer
loop_318	down_in_mutant	1	2	Active_Enhancer	Active_Enhancer	Active_Enhancer-Active_Enhancer
loop_1539	down_in_mutant	1	1	Poised_Enhancer	Active_Promoter	Active_Promoter-Poised_Enhancer
loop_413	down_in_mutant	1	1	Poised_Enhancer	Poised_Enhancer	Poised_Enhancer-Poised_Enhancer
loop_827	down_in_mutant	1	1	Active_Promoter	Active_Enhancer	Active_Promoter-Active_Enhancer
loop_15541	down_in_mutant	1	2	Active_Promoter	Active_Enhancer	Active_Promoter-Active_Enhancer
loop_971	down_in_mutant	1	1	Active_Promoter	Active_Enhancer	Active_Promoter-Active_Enhancer
loop_1054	down_in_mutant	1	2	Poised_Enhancer	Other	Poised_Enhancer-Other
loop_8008	down_in_mutant	1	2	CTCF_Site	Other	CTCF_Site-Other
loop_1100	up_in_mutant	1	1	Poised_Enhancer	Other	Poised_Enhancer-Other
loop_1231	down_in_mutant	1	2	Active_Promoter	Poised_Enhancer	Active_Promoter-Poised_Enhancer
loop_1262	down_in_mutant	1	2	Active_Promoter	Active_Promoter	Active_Promoter-Active_Promoter
loop_1327	down_in_mutant	1	1	Active_Promoter	Active_Promoter	Active_Promoter-Active_Promoter
loop_13443	down_in_mutant	1	2	Active_Enhancer	Poised_Enhancer	Active_Enhancer-Poised_Enhancer
loop_13840	down_in_mutant	1	1	Poised_Enhancer	Poised_Enhancer	Poised_Enhancer-Poised_Enhancer
loop_1566	down_in_mutant	1	2	Poised_Enhancer	Active_Promoter	Active_Promoter-Poised_Enhancer
loop_1610	down_in_mutant	1	1	Poised_Enhancer	Active_Enhancer	Active_Enhancer-Poised_Enhancer
loop_1662	down_in_mutant	1	2	Poised_Enhancer	Active_Enhancer	Active_Enhancer-Poised_Enhancer
loop_1715	down_in_mutant	1	2	CTCF_Site	Other	CTCF_Site-Other
loop_1720	down_in_mutant	1	1	CTCF_Site	Other	CTCF_Site-Other
loop_2207	down_in_mutant	1	2	Active_Enhancer	Active_Enhancer	Active_Enhancer-Active_Enhancer
loop_18710	down_in_mutant	1	2	Active_Promoter	Active_Enhancer	Active_Promoter-Active_Enhancer
loop_1882	up_in_mutant	1	1	CTCF_Site	Polycomb	Polycomb-CTCF_Site
loop_1986	down_in_mutant	1	2	Bivalent_Promoter	Poised_Enhancer	Bivalent_Promoter-Poised_Enhancer
loop_2010	down_in_mutant	1	2	Active_Promoter	Active_Promoter	Active_Promoter-Active_Promoter
loop_2134	down_in_mutant	1	2	Poised_Enhancer	Other	Poised_Enhancer-Other
loop_10324	down_in_mutant	1	2	Active_Enhancer	Active_Enhancer	Active_Enhancer-Active_Enhancer
loop_10216	down_in_mutant	1	2	Active_Enhancer	Active_Enhancer	Active_Enhancer-Active_Enhancer
loop_2243	up_in_mutant	1	2	Poised_Enhancer	Active_Enhancer	Active_Enhancer-Poised_Enhancer
loop_2824	down_in_mutant	1	1	Active_Enhancer	Active_Enhancer	Active_Enhancer-Active_Enhancer
loop_2833	down_in_mutant	1	2	Poised_Enhancer	Active_Promoter	Active_Promoter-Poised_Enhancer
loop_2573	down_in_mutant	1	1	Poised_Enhancer	Active_Promoter	Active_Promoter-Poised_Enhancer
loop_19480	down_in_mutant	1	1	CTCF_Site	Other	CTCF_Site-Other
loop_4416	down_in_mutant	1	2	Active_Promoter	Poised_Enhancer	Active_Promoter-Poised_Enhancer
loop_3189	down_in_mutant	1	2	Poised_Enhancer	Active_Enhancer	Active_Enhancer-Poised_Enhancer
loop_2816	down_in_mutant	1	1	CTCF_Site	Other	CTCF_Site-Other
loop_22112	up_in_mutant	1	1	CTCF_Site	Repressed_Promoter	Repressed_Promoter-CTCF_Site
loop_15947	down_in_mutant	1	1	Active_Enhancer	Active_Enhancer	Active_Enhancer-Active_Enhancer
loop_3034	down_in_mutant	1	1	Poised_Enhancer	Active_Enhancer	Active_Enhancer-Poised_Enhancer
loop_3050	down_in_mutant	1	2	CTCF_Site	Other	CTCF_Site-Other
loop_17280	down_in_mutant	1	1	Polycomb	Repressed_Promoter	Repressed_Promoter-Polycomb
loop_17332	down_in_mutant	1	2	Active_Enhancer	Other	Active_Enhancer-Other
loop_3263	down_in_mutant	1	1	Active_Promoter	Other	Active_Promoter-Other
loop_3768	down_in_mutant	1	2	CTCF_Site	Other	CTCF_Site-Other
loop_10314	down_in_mutant	1	1	Active_Promoter	Poised_Enhancer	Active_Promoter-Poised_Enhancer
loop_18627	up_in_mutant	1	2	Polycomb	Repressed_Promoter	Repressed_Promoter-Polycomb
loop_21870	up_in_mutant	1	2	CTCF_Site	Other	CTCF_Site-Other
loop_4284	up_in_mutant	1	2	CTCF_Site	Other	CTCF_Site-Other
loop_3757	up_in_mutant	1	2	Active_Enhancer	Other	Active_Enhancer-Other
loop_3779	up_in_mutant	1	2	Poised_Enhancer	Repressed_Promoter	Repressed_Promoter-Poised_Enhancer
loop_19616	up_in_mutant	1	2	CTCF_Site	Other	CTCF_Site-Other
loop_3839	up_in_mutant	1	2	Active_Enhancer	Active_Promoter	Active_Promoter-Active_Enhancer
loop_19791	up_in_mutant	1	2	CTCF_Site	Polycomb	Polycomb-CTCF_Site
loop_3915	up_in_mutant	1	2	Polycomb	Polycomb	Polycomb-Polycomb
loop_3933	up_in_mutant	1	1	Poised_Enhancer	Poised_Enhancer	Poised_Enhancer-Poised_Enhancer
loop_22237	up_in_mutant	1	2	Polycomb	Repressed_Promoter	Repressed_Promoter-Polycomb
loop_22261	up_in_mutant	1	1	Polycomb	Other	Polycomb-Other
loop_4049	up_in_mutant	1	2	CTCF_Site	Other	CTCF_Site-Other
loop_22271	up_in_mutant	1	1	CTCF_Site	Other	CTCF_Site-Other
loop_4829	up_in_mutant	1	2	Polycomb	Repressed_Promoter	Repressed_Promoter-Polycomb
loop_22331	up_in_mutant	1	2	Polycomb	Other	Polycomb-Other
loop_4131	up_in_mutant	1	2	Poised_Enhancer	Active_Enhancer	Active_Enhancer-Poised_Enhancer
loop_4348	up_in_mutant	1	1	Repressed_Promoter	Polycomb	Repressed_Promoter-Polycomb
loop_4374	up_in_mutant	1	1	Polycomb	Other	Polycomb-Other
loop_4648	up_in_mutant	1	1	Polycomb	Poised_Enhancer	Polycomb-Poised_Enhancer
loop_22053	up_in_mutant	1	2	Polycomb	Polycomb	Polycomb-Polycomb
loop_5694	up_in_mutant	1	1	Polycomb	Active_Promoter	Active_Promoter-Polycomb
loop_4810	down_in_mutant	1	1	Active_Enhancer	Active_Enhancer	Active_Enhancer-Active_Enhancer
loop_4824	up_in_mutant	1	2	CTCF_Site	Other	CTCF_Site-Other
loop_4909	up_in_mutant	1	2	Poised_Enhancer	Polycomb	Polycomb-Poised_Enhancer
loop_4947	up_in_mutant	1	2	Poised_Enhancer	Poised_Enhancer	Poised_Enhancer-Poised_Enhancer
loop_5010	up_in_mutant	1	1	CTCF_Site	Other	CTCF_Site-Other
loop_5014	up_in_mutant	1	2	CTCF_Site	Other	CTCF_Site-Other
loop_5021	down_in_mutant	1	2	Poised_Enhancer	Poised_Enhancer	Poised_Enhancer-Poised_Enhancer
loop_22228	up_in_mutant	1	1	Active_Promoter	Poised_Enhancer	Active_Promoter-Poised_Enhancer
loop_2086	down_in_mutant	1	1	Poised_Enhancer	Other	Poised_Enhancer-Other
loop_5204	up_in_mutant	1	2	Repressed_Promoter	Active_Promoter	Active_Promoter-Repressed_Promoter
loop_5005	up_in_mutant	1	1	CTCF_Site	Other	CTCF_Site-Other
loop_21710	up_in_mutant	1	2	CTCF_Site	Other	CTCF_Site-Other
loop_18879	up_in_mutant	1	1	Poised_Enhancer	Polycomb	Polycomb-Poised_Enhancer
loop_18865	up_in_mutant	1	1	Poised_Enhancer	Other	Poised_Enhancer-Other
loop_22404	up_in_mutant	1	1	Poised_Enhancer	Repressed_Promoter	Repressed_Promoter-Poised_Enhancer
loop_5357	up_in_mutant	1	1	Poised_Enhancer	Other	Poised_Enhancer-Other
loop_6403	up_in_mutant	1	2	Polycomb	Polycomb	Polycomb-Polycomb
loop_6481	up_in_mutant	1	2	CTCF_Site	Repressed_Promoter	Repressed_Promoter-CTCF_Site
loop_9594	down_in_mutant	1	2	CTCF_Site	Other	CTCF_Site-Other
loop_5188	up_in_mutant	1	1	CTCF_Site	Other	CTCF_Site-Other
loop_22451	up_in_mutant	1	1	Polycomb	Other	Polycomb-Other
loop_5526	up_in_mutant	1	2	Polycomb	Polycomb	Polycomb-Polycomb
loop_6605	up_in_mutant	1	2	CTCF_Site	Polycomb	Polycomb-CTCF_Site
loop_5536	up_in_mutant	1	2	CTCF_Site	Poised_Enhancer	Poised_Enhancer-CTCF_Site
loop_5561	up_in_mutant	1	2	CTCF_Site	Repressed_Promoter	Repressed_Promoter-CTCF_Site
loop_11228	up_in_mutant	1	2	Polycomb	Polycomb	Polycomb-Polycomb
loop_5622	up_in_mutant	1	2	CTCF_Site	Other	CTCF_Site-Other
loop_5626	up_in_mutant	1	2	Repressed_Promoter	Other	Repressed_Promoter-Other
loop_5682	up_in_mutant	1	2	Poised_Enhancer	Active_Promoter	Active_Promoter-Poised_Enhancer
loop_6811	up_in_mutant	1	2	CTCF_Site	Poised_Enhancer	Poised_Enhancer-CTCF_Site
loop_5728	up_in_mutant	1	1	Repressed_Promoter	Polycomb	Repressed_Promoter-Polycomb
loop_5753	up_in_mutant	1	2	Polycomb	Active_Enhancer	Polycomb-Active_Enhancer
loop_21115	up_in_mutant	1	1	CTCF_Site	Repressed_Promoter	Repressed_Promoter-CTCF_Site
loop_15862	up_in_mutant	1	1	Repressed_Promoter	Active_Enhancer	Repressed_Promoter-Active_Enhancer
loop_5940	up_in_mutant	1	1	CTCF_Site	Other	CTCF_Site-Other
loop_5973	up_in_mutant	1	1	Polycomb	Polycomb	Polycomb-Polycomb
loop_6012	up_in_mutant	1	1	Active_Promoter	Repressed_Promoter	Active_Promoter-Repressed_Promoter
loop_6068	up_in_mutant	1	1	CTCF_Site	Other	CTCF_Site-Other
loop_6070	up_in_mutant	1	1	CTCF_Site	Other	CTCF_Site-Other
loop_6124	up_in_mutant	1	1	CTCF_Site	Other	CTCF_Site-Other
loop_17798	up_in_mutant	1	1	Polycomb	Polycomb	Polycomb-Polycomb
loop_6140	up_in_mutant	1	1	CTCF_Site	Active_Enhancer	Active_Enhancer-CTCF_Site
loop_21576	up_in_mutant	1	1	CTCF_Site	Other	CTCF_Site-Other
loop_22323	up_in_mutant	1	2	Polycomb	Other	Polycomb-Other
loop_22635	up_in_mutant	1	2	Polycomb	Poised_Enhancer	Polycomb-Poised_Enhancer
loop_22636	up_in_mutant	1	2	Poised_Enhancer	Other	Poised_Enhancer-Other
loop_6376	down_in_mutant	1	1	Poised_Enhancer	Active_Enhancer	Active_Enhancer-Poised_Enhancer
loop_7580	down_in_mutant	1	2	Active_Enhancer	Other	Active_Enhancer-Other
loop_6419	down_in_mutant	1	1	CTCF_Site	Active_Promoter	Active_Promoter-CTCF_Site
loop_7663	down_in_mutant	1	2	Active_Enhancer	Active_Enhancer	Active_Enhancer-Active_Enhancer
loop_6531	down_in_mutant	1	2	Active_Enhancer	Active_Enhancer	Active_Enhancer-Active_Enhancer
loop_6564	down_in_mutant	1	2	CTCF_Site	Other	CTCF_Site-Other
loop_6570	up_in_mutant	1	2	CTCF_Site	Poised_Enhancer	Poised_Enhancer-CTCF_Site
loop_6618	up_in_mutant	1	1	CTCF_Site	Other	CTCF_Site-Other
loop_7927	up_in_mutant	1	2	CTCF_Site	Polycomb	Polycomb-CTCF_Site
loop_6672	up_in_mutant	1	1	Poised_Enhancer	Other	Poised_Enhancer-Other
loop_6733	down_in_mutant	1	1	Active_Enhancer	Active_Enhancer	Active_Enhancer-Active_Enhancer
loop_8225	up_in_mutant	1	2	Poised_Enhancer	Other	Poised_Enhancer-Other
loop_6889	down_in_mutant	1	1	Active_Enhancer	Poised_Enhancer	Active_Enhancer-Poised_Enhancer
loop_6901	up_in_mutant	1	2	CTCF_Site	Other	CTCF_Site-Other
loop_8152	up_in_mutant	1	1	CTCF_Site	Repressed_Promoter	Repressed_Promoter-CTCF_Site
loop_8427	down_in_mutant	1	1	Active_Enhancer	Active_Enhancer	Active_Enhancer-Active_Enhancer
loop_8474	down_in_mutant	1	1	Active_Enhancer	Active_Enhancer	Active_Enhancer-Active_Enhancer
loop_7156	up_in_mutant	1	1	CTCF_Site	Repressed_Promoter	Repressed_Promoter-CTCF_Site
loop_7194	up_in_mutant	1	1	CTCF_Site	Other	CTCF_Site-Other
loop_7284	down_in_mutant	1	2	Poised_Enhancer	Other	Poised_Enhancer-Other
loop_8739	up_in_mutant	1	2	Repressed_Promoter	Other	Repressed_Promoter-Other
loop_7336	down_in_mutant	1	2	Active_Promoter	Other	Active_Promoter-Other
loop_8954	up_in_mutant	1	2	Poised_Enhancer	Other	Poised_Enhancer-Other
loop_8947	up_in_mutant	1	2	CTCF_Site	Other	CTCF_Site-Other
loop_9106	down_in_mutant	1	2	Active_Enhancer	Active_Enhancer	Active_Enhancer-Active_Enhancer
loop_7691	down_in_mutant	1	2	Poised_Enhancer	Poised_Enhancer	Poised_Enhancer-Poised_Enhancer
loop_9380	down_in_mutant	1	2	Active_Enhancer	Polycomb	Polycomb-Active_Enhancer
loop_8067	up_in_mutant	1	2	Poised_Enhancer	Repressed_Promoter	Repressed_Promoter-Poised_Enhancer
loop_199	up_in_mutant	1	2	CTCF_Site	Other	CTCF_Site-Other
loop_9513	up_in_mutant	1	1	CTCF_Site	Polycomb	Polycomb-CTCF_Site
loop_9863	down_in_mutant	1	2	Active_Enhancer	Active_Enhancer	Active_Enhancer-Active_Enhancer
loop_9943	down_in_mutant	1	2	Active_Enhancer	Active_Promoter	Active_Promoter-Active_Enhancer
loop_8234	down_in_mutant	1	2	Poised_Enhancer	Other	Poised_Enhancer-Other
loop_8236	up_in_mutant	1	2	Poised_Enhancer	Other	Poised_Enhancer-Other
loop_8343	up_in_mutant	1	2	CTCF_Site	Other	CTCF_Site-Other
loop_8349	up_in_mutant	1	2	Poised_Enhancer	Other	Poised_Enhancer-Other
loop_8366	up_in_mutant	1	1	Polycomb	Other	Polycomb-Other
loop_10119	down_in_mutant	1	2	Active_Enhancer	Active_Enhancer	Active_Enhancer-Active_Enhancer
loop_8410	up_in_mutant	1	1	CTCF_Site	Polycomb	Polycomb-CTCF_Site
loop_10215	down_in_mutant	1	1	Active_Enhancer	Other	Active_Enhancer-Other
loop_10186	up_in_mutant	1	1	Polycomb	Repressed_Promoter	Repressed_Promoter-Polycomb
loop_8445	up_in_mutant	1	1	Active_Promoter	Other	Active_Promoter-Other
loop_8612	down_in_mutant	1	1	Polycomb	Polycomb	Polycomb-Polycomb
loop_10490	down_in_mutant	1	1	Active_Promoter	Poised_Enhancer	Active_Promoter-Poised_Enhancer
loop_8726	down_in_mutant	1	2	Poised_Enhancer	Active_Promoter	Active_Promoter-Poised_Enhancer
loop_8748	up_in_mutant	1	1	Poised_Enhancer	Polycomb	Polycomb-Poised_Enhancer
loop_10726	up_in_mutant	1	1	Polycomb	Polycomb	Polycomb-Polycomb
loop_8890	down_in_mutant	1	1	CTCF_Site	Active_Enhancer	Active_Enhancer-CTCF_Site
loop_8910	down_in_mutant	1	2	CTCF_Site	Other	CTCF_Site-Other
loop_10954	up_in_mutant	1	2	Repressed_Promoter	Polycomb	Repressed_Promoter-Polycomb
loop_8951	down_in_mutant	1	1	Poised_Enhancer	Active_Enhancer	Active_Enhancer-Poised_Enhancer
loop_9021	down_in_mutant	1	1	Active_Enhancer	Poised_Enhancer	Active_Enhancer-Poised_Enhancer
loop_9072	up_in_mutant	1	2	CTCF_Site	Poised_Enhancer	Poised_Enhancer-CTCF_Site
loop_20807	up_in_mutant	1	1	Polycomb	Polycomb	Polycomb-Polycomb
loop_11110	up_in_mutant	1	2	Polycomb	Polycomb	Polycomb-Polycomb
loop_9176	up_in_mutant	1	1	Repressed_Promoter	Polycomb	Repressed_Promoter-Polycomb
loop_11409	down_in_mutant	1	1	Poised_Enhancer	Other	Poised_Enhancer-Other
loop_11417	down_in_mutant	1	2	CTCF_Site	Other	CTCF_Site-Other
loop_9586	up_in_mutant	1	1	Polycomb	Polycomb	Polycomb-Polycomb
loop_9713	up_in_mutant	1	2	Active_Promoter	Active_Enhancer	Active_Promoter-Active_Enhancer
loop_12304	up_in_mutant	1	1	CTCF_Site	Poised_Enhancer	Poised_Enhancer-CTCF_Site
loop_10151	up_in_mutant	1	1	Poised_Enhancer	Other	Poised_Enhancer-Other
loop_10203	down_in_mutant	1	1	Poised_Enhancer	Poised_Enhancer	Poised_Enhancer-Poised_Enhancer
loop_12439	up_in_mutant	1	2	Repressed_Promoter	Poised_Enhancer	Repressed_Promoter-Poised_Enhancer
loop_10236	down_in_mutant	1	2	CTCF_Site	Other	CTCF_Site-Other
loop_12637	up_in_mutant	1	2	CTCF_Site	Repressed_Promoter	Repressed_Promoter-CTCF_Site
loop_12527	up_in_mutant	1	2	CTCF_Site	Repressed_Promoter	Repressed_Promoter-CTCF_Site
loop_10252	up_in_mutant	1	1	Poised_Enhancer	Other	Poised_Enhancer-Other
loop_12672	up_in_mutant	1	2	CTCF_Site	Poised_Enhancer	Poised_Enhancer-CTCF_Site
loop_12696	down_in_mutant	1	2	CTCF_Site	Other	CTCF_Site-Other
loop_10413	down_in_mutant	1	2	Poised_Enhancer	Active_Enhancer	Active_Enhancer-Poised_Enhancer
loop_10488	down_in_mutant	1	1	Active_Promoter	Active_Promoter	Active_Promoter-Active_Promoter
loop_12981	up_in_mutant	1	2	Repressed_Promoter	Polycomb	Repressed_Promoter-Polycomb
loop_10518	down_in_mutant	1	1	Active_Enhancer	Active_Enhancer	Active_Enhancer-Active_Enhancer
loop_10523	up_in_mutant	1	1	Bivalent_Promoter	Other	Bivalent_Promoter-Other
loop_13104	up_in_mutant	1	1	Polycomb	Polycomb	Polycomb-Polycomb
loop_13039	down_in_mutant	1	2	Active_Promoter	Active_Enhancer	Active_Promoter-Active_Enhancer
loop_22026	up_in_mutant	1	1	Poised_Enhancer	Bivalent_Promoter	Bivalent_Promoter-Poised_Enhancer
loop_10556	down_in_mutant	1	1	Active_Enhancer	Poised_Enhancer	Active_Enhancer-Poised_Enhancer
loop_10608	up_in_mutant	1	1	CTCF_Site	Other	CTCF_Site-Other
loop_13248	up_in_mutant	1	2	Poised_Enhancer	Other	Poised_Enhancer-Other
loop_13452	down_in_mutant	1	1	CTCF_Site	Other	CTCF_Site-Other
loop_10836	up_in_mutant	1	2	Polycomb	Polycomb	Polycomb-Polycomb
loop_10860	down_in_mutant	1	2	Poised_Enhancer	Other	Poised_Enhancer-Other
loop_13638	down_in_mutant	1	2	Active_Enhancer	Bivalent_Promoter	Bivalent_Promoter-Active_Enhancer
loop_12748	up_in_mutant	1	1	Repressed_Promoter	Polycomb	Repressed_Promoter-Polycomb
loop_11064	down_in_mutant	1	1	Active_Enhancer	Active_Enhancer	Active_Enhancer-Active_Enhancer
loop_11090	up_in_mutant	1	1	Poised_Enhancer	Poised_Enhancer	Poised_Enhancer-Poised_Enhancer
loop_11095	up_in_mutant	1	2	Poised_Enhancer	Polycomb	Polycomb-Poised_Enhancer
loop_11158	down_in_mutant	1	1	Poised_Enhancer	Active_Enhancer	Active_Enhancer-Poised_Enhancer
loop_14142	up_in_mutant	1	1	CTCF_Site	Other	CTCF_Site-Other
loop_13991	up_in_mutant	1	1	Polycomb	Other	Polycomb-Other
loop_14298	up_in_mutant	1	2	CTCF_Site	Other	CTCF_Site-Other
loop_14438	down_in_mutant	1	1	Repressed_Promoter	Repressed_Promoter	Repressed_Promoter-Repressed_Promoter
loop_11566	up_in_mutant	1	1	Poised_Enhancer	Polycomb	Polycomb-Poised_Enhancer
loop_14629	up_in_mutant	1	1	CTCF_Site	Other	CTCF_Site-Other
loop_11732	down_in_mutant	1	2	Active_Enhancer	Active_Enhancer	Active_Enhancer-Active_Enhancer
loop_15029	down_in_mutant	1	2	Poised_Enhancer	Poised_Enhancer	Poised_Enhancer-Poised_Enhancer
loop_11917	up_in_mutant	1	2	CTCF_Site	Poised_Enhancer	Poised_Enhancer-CTCF_Site
loop_15086	up_in_mutant	1	2	CTCF_Site	Repressed_Promoter	Repressed_Promoter-CTCF_Site
loop_12035	up_in_mutant	1	1	Poised_Enhancer	Poised_Enhancer	Poised_Enhancer-Poised_Enhancer
loop_12039	down_in_mutant	1	2	Poised_Enhancer	Other	Poised_Enhancer-Other
loop_12073	up_in_mutant	1	1	CTCF_Site	Poised_Enhancer	Poised_Enhancer-CTCF_Site
loop_15314	up_in_mutant	1	1	Poised_Enhancer	Other	Poised_Enhancer-Other
loop_12147	down_in_mutant	1	1	Active_Enhancer	Active_Enhancer	Active_Enhancer-Active_Enhancer
loop_12261	down_in_mutant	1	2	Active_Promoter	Active_Enhancer	Active_Promoter-Active_Enhancer
loop_15870	down_in_mutant	1	1	Active_Enhancer	Other	Active_Enhancer-Other
loop_14425	down_in_mutant	1	1	Active_Enhancer	Polycomb	Polycomb-Active_Enhancer
loop_15859	down_in_mutant	1	1	Active_Enhancer	Poised_Enhancer	Active_Enhancer-Poised_Enhancer
loop_19947	up_in_mutant	1	1	Polycomb	Repressed_Promoter	Repressed_Promoter-Polycomb
loop_15879	up_in_mutant	1	1	Active_Promoter	Other	Active_Promoter-Other
loop_12577	down_in_mutant	1	2	Active_Enhancer	Active_Promoter	Active_Promoter-Active_Enhancer
loop_15878	up_in_mutant	1	1	Polycomb	Other	Polycomb-Other
loop_15912	up_in_mutant	1	2	CTCF_Site	Polycomb	Polycomb-CTCF_Site
loop_12735	up_in_mutant	1	2	CTCF_Site	Other	CTCF_Site-Other
loop_12740	up_in_mutant	1	2	Poised_Enhancer	Repressed_Promoter	Repressed_Promoter-Poised_Enhancer
loop_12758	down_in_mutant	1	1	Poised_Enhancer	Poised_Enhancer	Poised_Enhancer-Poised_Enhancer
loop_12925	up_in_mutant	1	2	CTCF_Site	Other	CTCF_Site-Other
loop_16551	down_in_mutant	1	2	Active_Promoter	Active_Enhancer	Active_Promoter-Active_Enhancer
loop_16574	up_in_mutant	1	2	CTCF_Site	Poised_Enhancer	Poised_Enhancer-CTCF_Site
loop_13105	up_in_mutant	1	1	Repressed_Promoter	Poised_Enhancer	Repressed_Promoter-Poised_Enhancer
loop_13108	up_in_mutant	1	1	CTCF_Site	Repressed_Promoter	Repressed_Promoter-CTCF_Site
loop_13149	up_in_mutant	1	1	Polycomb	Other	Polycomb-Other
loop_16964	down_in_mutant	1	1	Poised_Enhancer	Active_Enhancer	Active_Enhancer-Poised_Enhancer
loop_13399	down_in_mutant	1	1	CTCF_Site	Other	CTCF_Site-Other
loop_13428	up_in_mutant	1	1	Poised_Enhancer	Other	Poised_Enhancer-Other
loop_16932	up_in_mutant	1	1	Polycomb	Other	Polycomb-Other
loop_17011	down_in_mutant	1	2	Active_Promoter	Active_Enhancer	Active_Promoter-Active_Enhancer
loop_17115	down_in_mutant	1	2	CTCF_Site	Other	CTCF_Site-Other
loop_13540	down_in_mutant	1	1	Polycomb	Repressed_Promoter	Repressed_Promoter-Polycomb
loop_20207	up_in_mutant	1	2	Repressed_Promoter	Polycomb	Repressed_Promoter-Polycomb
loop_17171	up_in_mutant	1	1	Active_Promoter	Active_Enhancer	Active_Promoter-Active_Enhancer
loop_17197	up_in_mutant	1	1	Polycomb	Poised_Enhancer	Polycomb-Poised_Enhancer
loop_13635	up_in_mutant	1	1	CTCF_Site	Other	CTCF_Site-Other
loop_17265	up_in_mutant	1	2	CTCF_Site	Other	CTCF_Site-Other
loop_17288	up_in_mutant	1	2	CTCF_Site	Polycomb	Polycomb-CTCF_Site
loop_13952	down_in_mutant	1	1	Active_Enhancer	Active_Enhancer	Active_Enhancer-Active_Enhancer
loop_17804	up_in_mutant	1	1	Polycomb	Polycomb	Polycomb-Polycomb
loop_14054	down_in_mutant	1	2	Active_Enhancer	Active_Promoter	Active_Promoter-Active_Enhancer
loop_17877	up_in_mutant	1	1	CTCF_Site	Other	CTCF_Site-Other
loop_17831	up_in_mutant	1	2	Repressed_Promoter	Poised_Enhancer	Repressed_Promoter-Poised_Enhancer
loop_18035	up_in_mutant	1	1	CTCF_Site	Poised_Enhancer	Poised_Enhancer-CTCF_Site
loop_18342	down_in_mutant	1	2	Active_Promoter	Active_Enhancer	Active_Promoter-Active_Enhancer
loop_18321	up_in_mutant	1	2	CTCF_Site	Repressed_Promoter	Repressed_Promoter-CTCF_Site
loop_14488	up_in_mutant	1	2	Polycomb	Repressed_Promoter	Repressed_Promoter-Polycomb
loop_18556	down_in_mutant	1	1	Active_Enhancer	Active_Enhancer	Active_Enhancer-Active_Enhancer
loop_14620	up_in_mutant	1	1	CTCF_Site	Polycomb	Polycomb-CTCF_Site
loop_18607	up_in_mutant	1	2	Poised_Enhancer	Repressed_Promoter	Repressed_Promoter-Poised_Enhancer
loop_7961	down_in_mutant	1	2	Active_Promoter	Active_Promoter	Active_Promoter-Active_Promoter
loop_14732	up_in_mutant	1	2	Poised_Enhancer	Active_Promoter	Active_Promoter-Poised_Enhancer
loop_18774	up_in_mutant	1	1	Poised_Enhancer	Other	Poised_Enhancer-Other
loop_8618	down_in_mutant	1	2	Active_Enhancer	Active_Enhancer	Active_Enhancer-Active_Enhancer
loop_18848	up_in_mutant	1	1	CTCF_Site	Poised_Enhancer	Poised_Enhancer-CTCF_Site
loop_14919	down_in_mutant	1	2	Active_Enhancer	Active_Enhancer	Active_Enhancer-Active_Enhancer
loop_15036	up_in_mutant	1	1	Poised_Enhancer	Other	Poised_Enhancer-Other
loop_11138	up_in_mutant	1	2	Poised_Enhancer	Polycomb	Polycomb-Poised_Enhancer
loop_15272	up_in_mutant	1	2	Polycomb	Polycomb	Polycomb-Polycomb
loop_15285	down_in_mutant	1	1	Poised_Enhancer	Active_Promoter	Active_Promoter-Poised_Enhancer
loop_12736	down_in_mutant	1	2	Active_Enhancer	Active_Promoter	Active_Promoter-Active_Enhancer
loop_20985	up_in_mutant	1	1	Poised_Enhancer	Polycomb	Polycomb-Poised_Enhancer
loop_15334	up_in_mutant	1	2	CTCF_Site	Active_Promoter	Active_Promoter-CTCF_Site
loop_19605	up_in_mutant	1	2	Polycomb	Poised_Enhancer	Polycomb-Poised_Enhancer
loop_14236	up_in_mutant	1	2	Repressed_Promoter	Polycomb	Repressed_Promoter-Polycomb
loop_15615	up_in_mutant	1	2	Polycomb	Other	Polycomb-Other
loop_15664	up_in_mutant	1	1	Active_Promoter	Poised_Enhancer	Active_Promoter-Poised_Enhancer
loop_15856	up_in_mutant	1	1	Poised_Enhancer	Active_Promoter	Active_Promoter-Poised_Enhancer
loop_15888	up_in_mutant	1	2	Repressed_Promoter	Other	Repressed_Promoter-Other
loop_17230	down_in_mutant	1	2	Polycomb	Repressed_Promoter	Repressed_Promoter-Polycomb
loop_15959	down_in_mutant	1	1	Poised_Enhancer	Other	Poised_Enhancer-Other
loop_20430	up_in_mutant	1	1	Repressed_Promoter	Other	Repressed_Promoter-Other
loop_21672	up_in_mutant	1	2	Poised_Enhancer	Poised_Enhancer	Poised_Enhancer-Poised_Enhancer
loop_18743	up_in_mutant	1	1	Poised_Enhancer	Other	Poised_Enhancer-Other
loop_16160	up_in_mutant	1	2	Active_Promoter	Bivalent_Promoter	Active_Promoter-Bivalent_Promoter
loop_16230	up_in_mutant	1	1	Active_Promoter	Poised_Enhancer	Active_Promoter-Poised_Enhancer
loop_19079	up_in_mutant	1	2	Poised_Enhancer	Poised_Enhancer	Poised_Enhancer-Poised_Enhancer
loop_16537	up_in_mutant	1	1	CTCF_Site	Poised_Enhancer	Poised_Enhancer-CTCF_Site
loop_6796	up_in_mutant	1	1	Poised_Enhancer	Poised_Enhancer	Poised_Enhancer-Poised_Enhancer
loop_12879	up_in_mutant	1	2	CTCF_Site	Other	CTCF_Site-Other
loop_16751	up_in_mutant	1	1	CTCF_Site	Other	CTCF_Site-Other
loop_14481	up_in_mutant	1	2	CTCF_Site	Polycomb	Polycomb-CTCF_Site
loop_16901	up_in_mutant	1	1	CTCF_Site	Active_Promoter	Active_Promoter-CTCF_Site
loop_16909	up_in_mutant	1	1	CTCF_Site	Other	CTCF_Site-Other
loop_16952	up_in_mutant	1	1	CTCF_Site	Other	CTCF_Site-Other
loop_16317	up_in_mutant	1	1	Active_Enhancer	Active_Promoter	Active_Promoter-Active_Enhancer
loop_17083	down_in_mutant	1	1	CTCF_Site	Other	CTCF_Site-Other
loop_17183	down_in_mutant	1	2	Active_Promoter	Active_Enhancer	Active_Promoter-Active_Enhancer
loop_17086	up_in_mutant	1	2	Active_Enhancer	Other	Active_Enhancer-Other
loop_17091	up_in_mutant	1	2	Poised_Enhancer	Other	Poised_Enhancer-Other
loop_21635	up_in_mutant	1	2	Repressed_Promoter	Other	Repressed_Promoter-Other
loop_8348	up_in_mutant	1	2	Repressed_Promoter	Other	Repressed_Promoter-Other
loop_8340	up_in_mutant	1	1	Poised_Enhancer	Other	Poised_Enhancer-Other
loop_18800	up_in_mutant	1	2	CTCF_Site	Polycomb	Polycomb-CTCF_Site
loop_8394	up_in_mutant	1	2	CTCF_Site	Other	CTCF_Site-Other
loop_17290	up_in_mutant	1	1	Poised_Enhancer	Active_Promoter	Active_Promoter-Poised_Enhancer
loop_9044	up_in_mutant	1	1	CTCF_Site	Other	CTCF_Site-Other
loop_21726	up_in_mutant	1	2	Repressed_Promoter	Poised_Enhancer	Repressed_Promoter-Poised_Enhancer
loop_9092	up_in_mutant	1	2	Repressed_Promoter	Other	Repressed_Promoter-Other
loop_9798	up_in_mutant	1	2	CTCF_Site	Polycomb	Polycomb-CTCF_Site
loop_17346	up_in_mutant	1	2	Polycomb	Repressed_Promoter	Repressed_Promoter-Polycomb
loop_21855	up_in_mutant	1	1	Poised_Enhancer	Repressed_Promoter	Repressed_Promoter-Poised_Enhancer
loop_19239	up_in_mutant	1	1	Polycomb	Other	Polycomb-Other
loop_19238	up_in_mutant	1	1	CTCF_Site	Other	CTCF_Site-Other
loop_20876	up_in_mutant	1	2	CTCF_Site	Poised_Enhancer	Poised_Enhancer-CTCF_Site
loop_17433	up_in_mutant	1	1	Polycomb	Other	Polycomb-Other
loop_12734	up_in_mutant	1	2	CTCF_Site	Poised_Enhancer	Poised_Enhancer-CTCF_Site
loop_21990	up_in_mutant	1	2	CTCF_Site	Other	CTCF_Site-Other
loop_19511	up_in_mutant	1	2	Poised_Enhancer	Other	Poised_Enhancer-Other
loop_17519	up_in_mutant	1	2	CTCF_Site	Other	CTCF_Site-Other
loop_17567	up_in_mutant	1	1	CTCF_Site	Bivalent_Promoter	Bivalent_Promoter-CTCF_Site
loop_17569	up_in_mutant	1	2	CTCF_Site	Other	CTCF_Site-Other
loop_22104	up_in_mutant	1	1	Poised_Enhancer	Other	Poised_Enhancer-Other
loop_17626	up_in_mutant	1	1	CTCF_Site	Active_Promoter	Active_Promoter-CTCF_Site
loop_17629	up_in_mutant	1	1	Poised_Enhancer	Poised_Enhancer	Poised_Enhancer-Poised_Enhancer
loop_22190	up_in_mutant	1	1	CTCF_Site	Repressed_Promoter	Repressed_Promoter-CTCF_Site
loop_22225	up_in_mutant	1	2	Poised_Enhancer	Repressed_Promoter	Repressed_Promoter-Poised_Enhancer
loop_17706	up_in_mutant	1	1	CTCF_Site	Other	CTCF_Site-Other
loop_22291	up_in_mutant	1	1	Polycomb	Polycomb	Polycomb-Polycomb
loop_22297	up_in_mutant	1	2	Poised_Enhancer	Poised_Enhancer	Poised_Enhancer-Poised_Enhancer
loop_22299	up_in_mutant	1	1	CTCF_Site	Polycomb	Polycomb-CTCF_Site
loop_17761	up_in_mutant	1	1	CTCF_Site	Poised_Enhancer	Poised_Enhancer-CTCF_Site
loop_17774	up_in_mutant	1	1	CTCF_Site	Other	CTCF_Site-Other
loop_21674	up_in_mutant	1	2	Polycomb	Polycomb	Polycomb-Polycomb
loop_17792	down_in_mutant	1	1	Active_Enhancer	Active_Promoter	Active_Promoter-Active_Enhancer
loop_12836	up_in_mutant	1	2	CTCF_Site	Other	CTCF_Site-Other
loop_22093	up_in_mutant	1	1	Polycomb	Polycomb	Polycomb-Polycomb
loop_15375	up_in_mutant	1	1	Repressed_Promoter	Repressed_Promoter	Repressed_Promoter-Repressed_Promoter
loop_17960	up_in_mutant	1	2	Poised_Enhancer	Other	Poised_Enhancer-Other
loop_55	down_in_mutant	1	2	Polycomb	Polycomb	Polycomb-Polycomb
loop_58	up_in_mutant	1	2	CTCF_Site	Other	CTCF_Site-Other
loop_293	down_in_mutant	1	1	Active_Promoter	Active_Promoter	Active_Promoter-Active_Promoter
loop_305	down_in_mutant	1	1	Active_Enhancer	Active_Enhancer	Active_Enhancer-Active_Enhancer
loop_412	down_in_mutant	1	2	CTCF_Site	Poised_Enhancer	Poised_Enhancer-CTCF_Site
loop_11032	down_in_mutant	1	2	Poised_Enhancer	Active_Enhancer	Active_Enhancer-Poised_Enhancer
loop_440	down_in_mutant	1	2	Poised_Enhancer	Poised_Enhancer	Poised_Enhancer-Poised_Enhancer
loop_575	down_in_mutant	1	2	Active_Enhancer	Active_Enhancer	Active_Enhancer-Active_Enhancer
loop_585	down_in_mutant	1	1	Active_Enhancer	Poised_Enhancer	Active_Enhancer-Poised_Enhancer
loop_590	down_in_mutant	1	1	Active_Enhancer	Poised_Enhancer	Active_Enhancer-Poised_Enhancer
loop_627	down_in_mutant	1	1	Poised_Enhancer	Active_Enhancer	Active_Enhancer-Poised_Enhancer
loop_757	down_in_mutant	1	2	Active_Enhancer	Active_Enhancer	Active_Enhancer-Active_Enhancer
loop_863	down_in_mutant	1	1	CTCF_Site	Active_Enhancer	Active_Enhancer-CTCF_Site
loop_962	down_in_mutant	1	1	CTCF_Site	Active_Enhancer	Active_Enhancer-CTCF_Site
loop_1095	down_in_mutant	1	1	Poised_Enhancer	Active_Enhancer	Active_Enhancer-Poised_Enhancer
loop_1109	down_in_mutant	1	2	CTCF_Site	Poised_Enhancer	Poised_Enhancer-CTCF_Site
loop_1177	up_in_mutant	1	2	CTCF_Site	Other	CTCF_Site-Other
loop_1226	down_in_mutant	1	2	Active_Enhancer	Active_Enhancer	Active_Enhancer-Active_Enhancer
loop_1354	down_in_mutant	1	1	CTCF_Site	Active_Promoter	Active_Promoter-CTCF_Site
loop_1385	down_in_mutant	1	2	Repressed_Promoter	Repressed_Promoter	Repressed_Promoter-Repressed_Promoter
loop_1461	up_in_mutant	1	2	Poised_Enhancer	Other	Poised_Enhancer-Other
loop_1516	down_in_mutant	1	2	CTCF_Site	Other	CTCF_Site-Other
loop_1543	up_in_mutant	1	2	Repressed_Promoter	Polycomb	Repressed_Promoter-Polycomb
loop_1594	down_in_mutant	1	1	CTCF_Site	Active_Promoter	Active_Promoter-CTCF_Site
loop_1612	down_in_mutant	1	2	Poised_Enhancer	Active_Promoter	Active_Promoter-Poised_Enhancer
loop_1631	down_in_mutant	1	2	CTCF_Site	Poised_Enhancer	Poised_Enhancer-CTCF_Site
loop_17448	down_in_mutant	1	2	Active_Enhancer	Poised_Enhancer	Active_Enhancer-Poised_Enhancer
loop_1730	down_in_mutant	1	1	CTCF_Site	Other	CTCF_Site-Other
loop_1881	down_in_mutant	1	2	Poised_Enhancer	Poised_Enhancer	Poised_Enhancer-Poised_Enhancer
loop_1926	down_in_mutant	1	2	Active_Enhancer	Active_Enhancer	Active_Enhancer-Active_Enhancer
loop_2337	down_in_mutant	1	2	Active_Promoter	Poised_Enhancer	Active_Promoter-Poised_Enhancer
loop_1972	down_in_mutant	1	1	Active_Enhancer	Active_Enhancer	Active_Enhancer-Active_Enhancer
loop_2035	down_in_mutant	1	1	CTCF_Site	Active_Promoter	Active_Promoter-CTCF_Site
loop_2037	down_in_mutant	1	1	Active_Promoter	Active_Promoter	Active_Promoter-Active_Promoter
loop_2061	down_in_mutant	1	2	Active_Enhancer	Active_Promoter	Active_Promoter-Active_Enhancer
loop_2062	down_in_mutant	1	2	Poised_Enhancer	Poised_Enhancer	Poised_Enhancer-Poised_Enhancer
loop_2073	down_in_mutant	1	2	Poised_Enhancer	Poised_Enhancer	Poised_Enhancer-Poised_Enhancer
loop_2088	down_in_mutant	1	2	Poised_Enhancer	Active_Promoter	Active_Promoter-Poised_Enhancer
loop_2117	down_in_mutant	1	2	Polycomb	Polycomb	Polycomb-Polycomb
loop_2155	down_in_mutant	1	2	Active_Enhancer	Active_Promoter	Active_Promoter-Active_Enhancer
loop_18727	down_in_mutant	1	1	Active_Enhancer	Active_Enhancer	Active_Enhancer-Active_Enhancer
loop_2314	down_in_mutant	1	1	Active_Enhancer	Active_Enhancer	Active_Enhancer-Active_Enhancer
loop_2325	up_in_mutant	1	2	Polycomb	Poised_Enhancer	Polycomb-Poised_Enhancer
loop_8679	down_in_mutant	1	1	CTCF_Site	Repressed_Promoter	Repressed_Promoter-CTCF_Site
loop_2338	down_in_mutant	1	2	Active_Enhancer	Active_Enhancer	Active_Enhancer-Active_Enhancer
loop_2368	down_in_mutant	1	1	Active_Enhancer	Active_Enhancer	Active_Enhancer-Active_Enhancer
loop_2387	down_in_mutant	1	1	Active_Enhancer	Active_Enhancer	Active_Enhancer-Active_Enhancer
loop_2415	down_in_mutant	1	2	CTCF_Site	Repressed_Promoter	Repressed_Promoter-CTCF_Site
loop_2565	down_in_mutant	1	1	Poised_Enhancer	Active_Enhancer	Active_Enhancer-Poised_Enhancer
loop_2573	down_in_mutant	1	2	Active_Promoter	Bivalent_Promoter	Active_Promoter-Bivalent_Promoter
loop_2614	down_in_mutant	1	2	Active_Promoter	Active_Promoter	Active_Promoter-Active_Promoter
loop_2650	up_in_mutant	1	1	CTCF_Site	Poised_Enhancer	Poised_Enhancer-CTCF_Site
loop_2670	down_in_mutant	1	1	Active_Promoter	Active_Promoter	Active_Promoter-Active_Promoter
loop_2791	up_in_mutant	1	2	CTCF_Site	Poised_Enhancer	Poised_Enhancer-CTCF_Site
loop_11085	down_in_mutant	1	1	Poised_Enhancer	Other	Poised_Enhancer-Other
loop_2811	down_in_mutant	1	2	Poised_Enhancer	Other	Poised_Enhancer-Other
loop_2931	down_in_mutant	1	2	Poised_Enhancer	Active_Enhancer	Active_Enhancer-Poised_Enhancer
loop_2966	down_in_mutant	1	2	Active_Enhancer	Active_Promoter	Active_Promoter-Active_Enhancer
loop_3007	down_in_mutant	1	1	Active_Promoter	Active_Promoter	Active_Promoter-Active_Promoter
loop_3091	down_in_mutant	1	2	Poised_Enhancer	Active_Enhancer	Active_Enhancer-Poised_Enhancer
loop_3226	down_in_mutant	1	2	Active_Enhancer	Active_Enhancer	Active_Enhancer-Active_Enhancer
loop_3233	down_in_mutant	1	1	Repressed_Promoter	Repressed_Promoter	Repressed_Promoter-Repressed_Promoter
loop_3386	down_in_mutant	1	1	Active_Enhancer	Active_Enhancer	Active_Enhancer-Active_Enhancer
loop_3466	down_in_mutant	1	1	Poised_Enhancer	Active_Enhancer	Active_Enhancer-Poised_Enhancer
loop_3566	down_in_mutant	1	2	CTCF_Site	Active_Enhancer	Active_Enhancer-CTCF_Site
loop_3659	down_in_mutant	1	2	Bivalent_Promoter	Other	Bivalent_Promoter-Other
loop_3755	down_in_mutant	1	2	CTCF_Site	Active_Enhancer	Active_Enhancer-CTCF_Site
loop_3802	down_in_mutant	1	2	CTCF_Site	Other	CTCF_Site-Other
loop_3837	down_in_mutant	1	2	Active_Promoter	Poised_Enhancer	Active_Promoter-Poised_Enhancer
loop_3840	down_in_mutant	1	2	Poised_Enhancer	Active_Promoter	Active_Promoter-Poised_Enhancer
loop_3870	down_in_mutant	1	2	Active_Enhancer	Poised_Enhancer	Active_Enhancer-Poised_Enhancer
loop_3882	down_in_mutant	1	1	Poised_Enhancer	Other	Poised_Enhancer-Other
loop_3892	down_in_mutant	1	2	Repressed_Promoter	Bivalent_Promoter	Repressed_Promoter-Bivalent_Promoter
loop_3989	up_in_mutant	1	1	CTCF_Site	Other	CTCF_Site-Other
loop_4100	up_in_mutant	1	1	CTCF_Site	Polycomb	Polycomb-CTCF_Site
loop_4114	up_in_mutant	1	2	Poised_Enhancer	Repressed_Promoter	Repressed_Promoter-Poised_Enhancer
loop_4134	up_in_mutant	1	2	Polycomb	Repressed_Promoter	Repressed_Promoter-Polycomb
loop_4252	up_in_mutant	1	2	Poised_Enhancer	Other	Poised_Enhancer-Other
loop_4364	up_in_mutant	1	2	Repressed_Promoter	Other	Repressed_Promoter-Other
loop_4376	up_in_mutant	1	2	Active_Enhancer	Poised_Enhancer	Active_Enhancer-Poised_Enhancer
loop_4378	up_in_mutant	1	2	CTCF_Site	Other	CTCF_Site-Other
loop_4399	up_in_mutant	1	2	Active_Promoter	Polycomb	Active_Promoter-Polycomb
loop_4414	up_in_mutant	1	1	Active_Promoter	Repressed_Promoter	Active_Promoter-Repressed_Promoter
loop_4444	up_in_mutant	1	1	CTCF_Site	Other	CTCF_Site-Other
loop_4536	up_in_mutant	1	1	Poised_Enhancer	Active_Promoter	Active_Promoter-Poised_Enhancer
loop_4584	up_in_mutant	1	2	CTCF_Site	Other	CTCF_Site-Other
loop_19130	up_in_mutant	1	2	Polycomb	Polycomb	Polycomb-Polycomb
loop_4590	down_in_mutant	1	2	CTCF_Site	Other	CTCF_Site-Other
loop_4654	up_in_mutant	1	2	Polycomb	Polycomb	Polycomb-Polycomb
loop_4776	up_in_mutant	1	1	Poised_Enhancer	Repressed_Promoter	Repressed_Promoter-Poised_Enhancer
loop_4777	up_in_mutant	1	1	Poised_Enhancer	Poised_Enhancer	Poised_Enhancer-Poised_Enhancer
loop_4780	up_in_mutant	1	1	Poised_Enhancer	Poised_Enhancer	Poised_Enhancer-Poised_Enhancer
loop_4846	up_in_mutant	1	2	CTCF_Site	Polycomb	Polycomb-CTCF_Site
loop_4867	up_in_mutant	1	2	CTCF_Site	Poised_Enhancer	Poised_Enhancer-CTCF_Site
loop_6340	up_in_mutant	1	1	Bivalent_Promoter	Other	Bivalent_Promoter-Other
loop_5027	down_in_mutant	1	1	Active_Enhancer	Active_Enhancer	Active_Enhancer-Active_Enhancer
loop_5085	up_in_mutant	1	1	Poised_Enhancer	Poised_Enhancer	Poised_Enhancer-Poised_Enhancer
loop_5182	up_in_mutant	1	1	Poised_Enhancer	Polycomb	Polycomb-Poised_Enhancer
loop_5288	up_in_mutant	1	2	Polycomb	Polycomb	Polycomb-Polycomb
loop_5330	down_in_mutant	1	1	Repressed_Promoter	Polycomb	Repressed_Promoter-Polycomb
loop_5377	up_in_mutant	1	2	Active_Promoter	Poised_Enhancer	Active_Promoter-Poised_Enhancer
loop_11006	down_in_mutant	1	2	Poised_Enhancer	Poised_Enhancer	Poised_Enhancer-Poised_Enhancer
loop_5419	up_in_mutant	1	1	CTCF_Site	Other	CTCF_Site-Other
loop_5473	down_in_mutant	1	2	Active_Promoter	Poised_Enhancer	Active_Promoter-Poised_Enhancer
loop_5657	up_in_mutant	1	1	Polycomb	Other	Polycomb-Other
loop_5755	up_in_mutant	1	1	Active_Promoter	Active_Enhancer	Active_Promoter-Active_Enhancer
loop_3721	up_in_mutant	1	2	CTCF_Site	Other	CTCF_Site-Other
loop_5860	up_in_mutant	1	1	CTCF_Site	Other	CTCF_Site-Other
loop_5876	down_in_mutant	1	2	CTCF_Site	Active_Enhancer	Active_Enhancer-CTCF_Site
loop_5903	up_in_mutant	1	2	Poised_Enhancer	Active_Promoter	Active_Promoter-Poised_Enhancer
loop_5905	up_in_mutant	1	1	CTCF_Site	Polycomb	Polycomb-CTCF_Site
loop_5931	up_in_mutant	1	2	Polycomb	Other	Polycomb-Other
loop_6065	up_in_mutant	1	2	CTCF_Site	Other	CTCF_Site-Other
loop_6097	up_in_mutant	1	1	Poised_Enhancer	Active_Promoter	Active_Promoter-Poised_Enhancer
loop_6391	up_in_mutant	1	1	Repressed_Promoter	Polycomb	Repressed_Promoter-Polycomb
loop_6136	up_in_mutant	1	2	Repressed_Promoter	Poised_Enhancer	Repressed_Promoter-Poised_Enhancer
loop_6169	up_in_mutant	1	1	Polycomb	Polycomb	Polycomb-Polycomb
loop_6192	up_in_mutant	1	2	CTCF_Site	Poised_Enhancer	Poised_Enhancer-CTCF_Site
loop_6248	up_in_mutant	1	2	Polycomb	Other	Polycomb-Other
loop_6301	down_in_mutant	1	2	Active_Promoter	Active_Enhancer	Active_Promoter-Active_Enhancer
loop_6312	up_in_mutant	1	1	Poised_Enhancer	Polycomb	Polycomb-Poised_Enhancer
loop_6349	up_in_mutant	1	2	CTCF_Site	Active_Promoter	Active_Promoter-CTCF_Site
loop_6406	up_in_mutant	1	2	Polycomb	Repressed_Promoter	Repressed_Promoter-Polycomb
loop_6415	down_in_mutant	1	1	CTCF_Site	Other	CTCF_Site-Other
loop_6428	up_in_mutant	1	1	Active_Enhancer	Other	Active_Enhancer-Other
loop_6503	up_in_mutant	1	2	CTCF_Site	Other	CTCF_Site-Other
loop_6529	down_in_mutant	1	2	Active_Promoter	Active_Promoter	Active_Promoter-Active_Promoter
loop_6534	up_in_mutant	1	1	CTCF_Site	Poised_Enhancer	Poised_Enhancer-CTCF_Site
loop_6591	up_in_mutant	1	1	Polycomb	Other	Polycomb-Other
loop_6647	up_in_mutant	1	1	CTCF_Site	Other	CTCF_Site-Other
loop_6678	down_in_mutant	1	2	Active_Promoter	Poised_Enhancer	Active_Promoter-Poised_Enhancer
loop_6707	up_in_mutant	1	1	Poised_Enhancer	Poised_Enhancer	Poised_Enhancer-Poised_Enhancer
loop_6776	up_in_mutant	1	2	Poised_Enhancer	Active_Promoter	Active_Promoter-Poised_Enhancer
loop_6777	up_in_mutant	1	1	Poised_Enhancer	Poised_Enhancer	Poised_Enhancer-Poised_Enhancer
loop_6779	up_in_mutant	1	2	Repressed_Promoter	Poised_Enhancer	Repressed_Promoter-Poised_Enhancer
loop_6951	up_in_mutant	1	1	Active_Promoter	Bivalent_Promoter	Active_Promoter-Bivalent_Promoter
loop_6982	up_in_mutant	1	2	CTCF_Site	Other	CTCF_Site-Other
loop_6985	up_in_mutant	1	2	CTCF_Site	Other	CTCF_Site-Other
loop_7029	up_in_mutant	1	1	CTCF_Site	Other	CTCF_Site-Other
loop_7077	up_in_mutant	1	2	Poised_Enhancer	Polycomb	Polycomb-Poised_Enhancer
loop_7086	up_in_mutant	1	1	Poised_Enhancer	Other	Poised_Enhancer-Other
loop_7135	up_in_mutant	1	2	Polycomb	Repressed_Promoter	Repressed_Promoter-Polycomb
loop_7198	up_in_mutant	1	1	Polycomb	Active_Promoter	Active_Promoter-Polycomb
loop_7201	up_in_mutant	1	2	Repressed_Promoter	Other	Repressed_Promoter-Other
loop_19268	up_in_mutant	1	2	Poised_Enhancer	Active_Promoter	Active_Promoter-Poised_Enhancer
loop_7237	up_in_mutant	1	1	Poised_Enhancer	Active_Promoter	Active_Promoter-Poised_Enhancer
loop_7238	up_in_mutant	1	1	Repressed_Promoter	Poised_Enhancer	Repressed_Promoter-Poised_Enhancer
loop_7247	up_in_mutant	1	2	Poised_Enhancer	Bivalent_Promoter	Bivalent_Promoter-Poised_Enhancer
loop_7277	up_in_mutant	1	1	Poised_Enhancer	Other	Poised_Enhancer-Other
loop_7304	up_in_mutant	1	2	CTCF_Site	Other	CTCF_Site-Other
loop_7414	up_in_mutant	1	2	Polycomb	Active_Promoter	Active_Promoter-Polycomb
loop_8295	down_in_mutant	1	1	CTCF_Site	Active_Promoter	Active_Promoter-CTCF_Site
loop_8530	up_in_mutant	1	2	Polycomb	Repressed_Promoter	Repressed_Promoter-Polycomb
loop_8345	down_in_mutant	1	2	Poised_Enhancer	Other	Poised_Enhancer-Other
loop_8517	down_in_mutant	1	1	Active_Enhancer	Active_Enhancer	Active_Enhancer-Active_Enhancer
loop_8807	down_in_mutant	1	2	Active_Enhancer	Active_Enhancer	Active_Enhancer-Active_Enhancer
loop_9021	down_in_mutant	1	2	Active_Enhancer	Poised_Enhancer	Active_Enhancer-Poised_Enhancer
loop_9070	up_in_mutant	1	2	Repressed_Promoter	Other	Repressed_Promoter-Other
loop_9080	up_in_mutant	1	1	CTCF_Site	Other	CTCF_Site-Other
loop_9786	up_in_mutant	1	1	Polycomb	Other	Polycomb-Other
loop_9794	down_in_mutant	1	1	CTCF_Site	Other	CTCF_Site-Other
loop_9842	up_in_mutant	1	2	Polycomb	Repressed_Promoter	Repressed_Promoter-Polycomb
loop_10034	down_in_mutant	1	2	Active_Enhancer	Active_Enhancer	Active_Enhancer-Active_Enhancer
loop_10149	down_in_mutant	1	2	Active_Enhancer	Active_Enhancer	Active_Enhancer-Active_Enhancer
loop_10234	down_in_mutant	1	1	Active_Promoter	Active_Promoter	Active_Promoter-Active_Promoter
loop_10316	up_in_mutant	1	2	Poised_Enhancer	Other	Poised_Enhancer-Other
loop_10326	down_in_mutant	1	1	Polycomb	Other	Polycomb-Other
loop_10049	down_in_mutant	1	2	Active_Enhancer	Active_Promoter	Active_Promoter-Active_Enhancer
loop_10634	up_in_mutant	1	1	Polycomb	Polycomb	Polycomb-Polycomb
loop_10765	up_in_mutant	1	1	Polycomb	Other	Polycomb-Other
loop_10686	down_in_mutant	1	1	CTCF_Site	Active_Promoter	Active_Promoter-CTCF_Site
loop_11195	up_in_mutant	1	2	Polycomb	Polycomb	Polycomb-Polycomb
loop_10710	up_in_mutant	1	2	Repressed_Promoter	Polycomb	Repressed_Promoter-Polycomb
loop_11499	down_in_mutant	1	2	Active_Enhancer	Active_Promoter	Active_Promoter-Active_Enhancer
loop_11617	down_in_mutant	1	1	CTCF_Site	Other	CTCF_Site-Other
loop_11630	up_in_mutant	1	1	Poised_Enhancer	Other	Poised_Enhancer-Other
loop_12026	down_in_mutant	1	2	Active_Enhancer	Active_Promoter	Active_Promoter-Active_Enhancer
loop_12591	down_in_mutant	1	1	Poised_Enhancer	Poised_Enhancer	Poised_Enhancer-Poised_Enhancer
loop_12622	up_in_mutant	1	1	Poised_Enhancer	Active_Promoter	Active_Promoter-Poised_Enhancer
loop_13117	down_in_mutant	1	2	Active_Promoter	Active_Promoter	Active_Promoter-Active_Promoter
loop_13251	up_in_mutant	1	2	Poised_Enhancer	Active_Enhancer	Active_Enhancer-Poised_Enhancer
loop_13282	down_in_mutant	1	2	CTCF_Site	Poised_Enhancer	Poised_Enhancer-CTCF_Site
loop_12621	down_in_mutant	1	1	Repressed_Promoter	Repressed_Promoter	Repressed_Promoter-Repressed_Promoter
loop_13884	down_in_mutant	1	2	Active_Enhancer	Poised_Enhancer	Active_Enhancer-Poised_Enhancer
loop_12973	down_in_mutant	1	2	Active_Enhancer	Bivalent_Promoter	Bivalent_Promoter-Active_Enhancer
loop_14266	up_in_mutant	1	2	Polycomb	Polycomb	Polycomb-Polycomb
loop_4846	down_in_mutant	1	2	Poised_Enhancer	Poised_Enhancer	Poised_Enhancer-Poised_Enhancer
loop_14320	down_in_mutant	1	2	Poised_Enhancer	Poised_Enhancer	Poised_Enhancer-Poised_Enhancer
loop_14389	down_in_mutant	1	2	Poised_Enhancer	Poised_Enhancer	Poised_Enhancer-Poised_Enhancer
loop_14396	down_in_mutant	1	1	Active_Enhancer	Active_Enhancer	Active_Enhancer-Active_Enhancer
loop_14413	down_in_mutant	1	2	Poised_Enhancer	Poised_Enhancer	Poised_Enhancer-Poised_Enhancer
loop_14416	down_in_mutant	1	2	Polycomb	Poised_Enhancer	Polycomb-Poised_Enhancer
loop_14423	down_in_mutant	1	2	Active_Enhancer	Active_Enhancer	Active_Enhancer-Active_Enhancer
loop_14509	up_in_mutant	1	1	Polycomb	Repressed_Promoter	Repressed_Promoter-Polycomb
loop_14511	down_in_mutant	1	1	Active_Promoter	Active_Promoter	Active_Promoter-Active_Promoter
loop_14891	up_in_mutant	1	2	Polycomb	Poised_Enhancer	Polycomb-Poised_Enhancer
loop_15216	up_in_mutant	1	2	Poised_Enhancer	Other	Poised_Enhancer-Other
loop_15220	down_in_mutant	1	2	CTCF_Site	Other	CTCF_Site-Other
loop_15234	down_in_mutant	1	1	CTCF_Site	Active_Enhancer	Active_Enhancer-CTCF_Site
loop_15280	up_in_mutant	1	1	Polycomb	Active_Promoter	Active_Promoter-Polycomb
loop_15290	up_in_mutant	1	2	Polycomb	Repressed_Promoter	Repressed_Promoter-Polycomb
loop_15299	up_in_mutant	1	2	CTCF_Site	Other	CTCF_Site-Other
loop_15320	down_in_mutant	1	1	CTCF_Site	Other	CTCF_Site-Other
loop_15733	up_in_mutant	1	2	Polycomb	Polycomb	Polycomb-Polycomb
loop_989	down_in_mutant	1	1	Poised_Enhancer	Active_Enhancer	Active_Enhancer-Poised_Enhancer
loop_2312	down_in_mutant	1	2	Active_Promoter	Active_Enhancer	Active_Promoter-Active_Enhancer
loop_16054	up_in_mutant	1	2	CTCF_Site	Polycomb	Polycomb-CTCF_Site
loop_16715	up_in_mutant	1	1	CTCF_Site	Other	CTCF_Site-Other
loop_15335	down_in_mutant	1	1	Active_Enhancer	Other	Active_Enhancer-Other
loop_17121	up_in_mutant	1	2	Poised_Enhancer	Poised_Enhancer	Poised_Enhancer-Poised_Enhancer
loop_17137	down_in_mutant	1	2	Active_Enhancer	Active_Promoter	Active_Promoter-Active_Enhancer
loop_17192	down_in_mutant	1	1	Active_Enhancer	Active_Enhancer	Active_Enhancer-Active_Enhancer
loop_17215	down_in_mutant	1	2	Active_Promoter	Active_Enhancer	Active_Promoter-Active_Enhancer
loop_17220	down_in_mutant	1	1	CTCF_Site	Poised_Enhancer	Poised_Enhancer-CTCF_Site
loop_17228	down_in_mutant	1	2	Active_Enhancer	Active_Promoter	Active_Promoter-Active_Enhancer
loop_17284	down_in_mutant	1	2	Poised_Enhancer	Active_Enhancer	Active_Enhancer-Poised_Enhancer
loop_17350	down_in_mutant	1	1	CTCF_Site	Other	CTCF_Site-Other
loop_18484	down_in_mutant	1	2	Active_Enhancer	Active_Enhancer	Active_Enhancer-Active_Enhancer
loop_18594	down_in_mutant	1	2	Active_Enhancer	Poised_Enhancer	Active_Enhancer-Poised_Enhancer
loop_1312	down_in_mutant	1	1	Active_Enhancer	Active_Enhancer	Active_Enhancer-Active_Enhancer
loop_18658	up_in_mutant	1	1	CTCF_Site	Other	CTCF_Site-Other
loop_18733	down_in_mutant	1	1	Polycomb	Polycomb	Polycomb-Polycomb
loop_18737	down_in_mutant	1	2	CTCF_Site	Poised_Enhancer	Poised_Enhancer-CTCF_Site
loop_18738	down_in_mutant	1	1	Active_Promoter	Poised_Enhancer	Active_Promoter-Poised_Enhancer
loop_6645	down_in_mutant	1	2	Polycomb	Other	Polycomb-Other
loop_19097	down_in_mutant	1	1	Active_Promoter	Poised_Enhancer	Active_Promoter-Poised_Enhancer
loop_19320	up_in_mutant	1	1	Poised_Enhancer	Poised_Enhancer	Poised_Enhancer-Poised_Enhancer
loop_19371	down_in_mutant	1	2	Active_Enhancer	Other	Active_Enhancer-Other
loop_17366	up_in_mutant	1	1	Polycomb	Polycomb	Polycomb-Polycomb
loop_19478	down_in_mutant	1	1	CTCF_Site	Active_Promoter	Active_Promoter-CTCF_Site
loop_19688	down_in_mutant	1	1	Active_Enhancer	Other	Active_Enhancer-Other
loop_19692	down_in_mutant	1	1	Active_Enhancer	Poised_Enhancer	Active_Enhancer-Poised_Enhancer
loop_19910	down_in_mutant	1	1	Repressed_Promoter	Polycomb	Repressed_Promoter-Polycomb
loop_20005	up_in_mutant	1	2	Poised_Enhancer	Polycomb	Polycomb-Poised_Enhancer
loop_20083	up_in_mutant	1	2	Poised_Enhancer	Poised_Enhancer	Poised_Enhancer-Poised_Enhancer
loop_20127	up_in_mutant	1	1	Repressed_Promoter	Other	Repressed_Promoter-Other
loop_20200	up_in_mutant	1	2	CTCF_Site	Poised_Enhancer	Poised_Enhancer-CTCF_Site
loop_20319	down_in_mutant	1	2	CTCF_Site	Other	CTCF_Site-Other
loop_20413	down_in_mutant	1	1	Poised_Enhancer	Active_Promoter	Active_Promoter-Poised_Enhancer
loop_20558	up_in_mutant	1	2	Polycomb	Other	Polycomb-Other
loop_20610	down_in_mutant	1	1	Poised_Enhancer	Poised_Enhancer	Poised_Enhancer-Poised_Enhancer
loop_20777	down_in_mutant	1	1	Poised_Enhancer	Active_Enhancer	Active_Enhancer-Poised_Enhancer
loop_20834	down_in_mutant	1	2	Polycomb	Repressed_Promoter	Repressed_Promoter-Polycomb
loop_20882	down_in_mutant	1	2	Active_Promoter	Active_Enhancer	Active_Promoter-Active_Enhancer
loop_20888	down_in_mutant	1	2	Poised_Enhancer	Poised_Enhancer	Poised_Enhancer-Poised_Enhancer
loop_21214	down_in_mutant	1	2	CTCF_Site	Active_Promoter	Active_Promoter-CTCF_Site
loop_21312	up_in_mutant	1	2	Polycomb	Other	Polycomb-Other
loop_21503	up_in_mutant	1	1	CTCF_Site	Polycomb	Polycomb-CTCF_Site
loop_21646	up_in_mutant	1	2	Active_Promoter	Poised_Enhancer	Active_Promoter-Poised_Enhancer
loop_21670	up_in_mutant	1	2	Polycomb	Repressed_Promoter	Repressed_Promoter-Polycomb
loop_21678	up_in_mutant	1	2	CTCF_Site	Other	CTCF_Site-Other
loop_21705	up_in_mutant	1	2	CTCF_Site	Active_Enhancer	Active_Enhancer-CTCF_Site
loop_21708	up_in_mutant	1	2	Polycomb	Other	Polycomb-Other
loop_21785	up_in_mutant	1	2	Polycomb	Poised_Enhancer	Polycomb-Poised_Enhancer
loop_21787	up_in_mutant	1	2	CTCF_Site	Other	CTCF_Site-Other
loop_21799	down_in_mutant	1	2	Poised_Enhancer	Other	Poised_Enhancer-Other
loop_21831	up_in_mutant	1	2	Polycomb	Repressed_Promoter	Repressed_Promoter-Polycomb
loop_21833	up_in_mutant	1	2	CTCF_Site	Other	CTCF_Site-Other
loop_21838	up_in_mutant	1	2	Active_Enhancer	Other	Active_Enhancer-Other
loop_21872	up_in_mutant	1	2	CTCF_Site	Active_Promoter	Active_Promoter-CTCF_Site
loop_21876	up_in_mutant	1	1	Polycomb	Polycomb	Polycomb-Polycomb
loop_4554	up_in_mutant	1	2	Polycomb	Bivalent_Promoter	Bivalent_Promoter-Polycomb
loop_21905	up_in_mutant	1	1	Repressed_Promoter	Poised_Enhancer	Repressed_Promoter-Poised_Enhancer
loop_21988	up_in_mutant	1	1	Polycomb	Polycomb	Polycomb-Polycomb
loop_22012	up_in_mutant	1	2	CTCF_Site	Other	CTCF_Site-Other
loop_22015	up_in_mutant	1	2	CTCF_Site	Poised_Enhancer	Poised_Enhancer-CTCF_Site
loop_22018	up_in_mutant	1	2	Bivalent_Promoter	Other	Bivalent_Promoter-Other
loop_22041	up_in_mutant	1	2	Repressed_Promoter	Poised_Enhancer	Repressed_Promoter-Poised_Enhancer
loop_22087	up_in_mutant	1	1	CTCF_Site	Other	CTCF_Site-Other
loop_19904	up_in_mutant	1	2	Polycomb	Repressed_Promoter	Repressed_Promoter-Polycomb
loop_22157	up_in_mutant	1	2	Poised_Enhancer	Polycomb	Polycomb-Poised_Enhancer
loop_22159	up_in_mutant	1	2	Polycomb	Polycomb	Polycomb-Polycomb
loop_22179	up_in_mutant	1	1	Polycomb	Repressed_Promoter	Repressed_Promoter-Polycomb
loop_22189	up_in_mutant	1	1	Poised_Enhancer	Poised_Enhancer	Poised_Enhancer-Poised_Enhancer
loop_22309	up_in_mutant	1	1	CTCF_Site	Polycomb	Polycomb-CTCF_Site
loop_18261	up_in_mutant	1	1	Polycomb	Polycomb	Polycomb-Polycomb
loop_22406	up_in_mutant	1	2	Repressed_Promoter	Other	Repressed_Promoter-Other
loop_22453	up_in_mutant	1	1	Polycomb	Poised_Enhancer	Polycomb-Poised_Enhancer
loop_22484	up_in_mutant	1	1	CTCF_Site	Other	CTCF_Site-Other
loop_22524	up_in_mutant	1	1	Repressed_Promoter	Other	Repressed_Promoter-Other
loop_22614	up_in_mutant	1	2	Polycomb	Poised_Enhancer	Polycomb-Poised_Enhancer
loop_22625	up_in_mutant	1	2	Repressed_Promoter	Poised_Enhancer	Repressed_Promoter-Poised_Enhancer
loop_57	down_in_mutant	1	2	Active_Promoter	Active_Promoter	Active_Promoter-Active_Promoter
loop_62	down_in_mutant	1	1	Active_Promoter	Active_Promoter	Active_Promoter-Active_Promoter
loop_72	down_in_mutant	1	2	Active_Promoter	Active_Enhancer	Active_Promoter-Active_Enhancer
loop_265	down_in_mutant	1	1	CTCF_Site	Other	CTCF_Site-Other
loop_359	down_in_mutant	1	2	Active_Enhancer	Poised_Enhancer	Active_Enhancer-Poised_Enhancer
loop_393	down_in_mutant	1	2	Active_Promoter	Active_Promoter	Active_Promoter-Active_Promoter
loop_420	down_in_mutant	1	1	CTCF_Site	Poised_Enhancer	Poised_Enhancer-CTCF_Site
loop_552	down_in_mutant	1	1	Polycomb	Polycomb	Polycomb-Polycomb
loop_629	down_in_mutant	1	1	Poised_Enhancer	Active_Enhancer	Active_Enhancer-Poised_Enhancer
loop_647	down_in_mutant	1	1	Poised_Enhancer	Active_Enhancer	Active_Enhancer-Poised_Enhancer
loop_658	down_in_mutant	1	1	Repressed_Promoter	Polycomb	Repressed_Promoter-Polycomb
loop_827	down_in_mutant	1	2	Active_Promoter	Active_Promoter	Active_Promoter-Active_Promoter
loop_948	down_in_mutant	1	1	Polycomb	Repressed_Promoter	Repressed_Promoter-Polycomb
loop_971	up_in_mutant	1	1	Active_Promoter	Other	Active_Promoter-Other
loop_1024	down_in_mutant	1	2	Active_Enhancer	Active_Promoter	Active_Promoter-Active_Enhancer
loop_1076	down_in_mutant	1	1	Poised_Enhancer	Poised_Enhancer	Poised_Enhancer-Poised_Enhancer
loop_1079	down_in_mutant	1	1	Poised_Enhancer	Active_Promoter	Active_Promoter-Poised_Enhancer
loop_1153	down_in_mutant	1	1	Poised_Enhancer	Other	Poised_Enhancer-Other
loop_1168	down_in_mutant	1	1	CTCF_Site	Active_Promoter	Active_Promoter-CTCF_Site
loop_1175	down_in_mutant	1	2	Repressed_Promoter	Repressed_Promoter	Repressed_Promoter-Repressed_Promoter
loop_1218	up_in_mutant	1	1	Poised_Enhancer	Poised_Enhancer	Poised_Enhancer-Poised_Enhancer
loop_1359	down_in_mutant	1	2	Poised_Enhancer	Other	Poised_Enhancer-Other
loop_1482	down_in_mutant	1	2	Repressed_Promoter	Repressed_Promoter	Repressed_Promoter-Repressed_Promoter
loop_1484	down_in_mutant	1	2	Repressed_Promoter	Repressed_Promoter	Repressed_Promoter-Repressed_Promoter
loop_1514	down_in_mutant	1	1	Polycomb	Other	Polycomb-Other
loop_1601	down_in_mutant	1	2	CTCF_Site	Poised_Enhancer	Poised_Enhancer-CTCF_Site
loop_1616	down_in_mutant	1	2	Active_Enhancer	Other	Active_Enhancer-Other
loop_1672	down_in_mutant	1	2	Active_Promoter	Poised_Enhancer	Active_Promoter-Poised_Enhancer
loop_1689	down_in_mutant	1	1	CTCF_Site	Poised_Enhancer	Poised_Enhancer-CTCF_Site
loop_1699	down_in_mutant	1	1	CTCF_Site	Active_Promoter	Active_Promoter-CTCF_Site
loop_1712	up_in_mutant	1	2	CTCF_Site	Poised_Enhancer	Poised_Enhancer-CTCF_Site
loop_1722	down_in_mutant	1	1	Poised_Enhancer	Active_Enhancer	Active_Enhancer-Poised_Enhancer
loop_1816	down_in_mutant	1	2	CTCF_Site	Other	CTCF_Site-Other
loop_1836	down_in_mutant	1	1	Poised_Enhancer	Other	Poised_Enhancer-Other
loop_1846	down_in_mutant	1	2	Poised_Enhancer	Other	Poised_Enhancer-Other
loop_1905	down_in_mutant	1	2	Poised_Enhancer	Polycomb	Polycomb-Poised_Enhancer
loop_1916	down_in_mutant	1	1	Poised_Enhancer	Active_Enhancer	Active_Enhancer-Poised_Enhancer
loop_1932	down_in_mutant	1	1	Active_Promoter	Active_Promoter	Active_Promoter-Active_Promoter
loop_2049	down_in_mutant	1	2	Poised_Enhancer	Poised_Enhancer	Poised_Enhancer-Poised_Enhancer
loop_2101	down_in_mutant	1	1	Repressed_Promoter	Repressed_Promoter	Repressed_Promoter-Repressed_Promoter
loop_2112	down_in_mutant	1	2	Active_Enhancer	Bivalent_Promoter	Bivalent_Promoter-Active_Enhancer
loop_2211	down_in_mutant	1	1	Polycomb	Polycomb	Polycomb-Polycomb
loop_2323	down_in_mutant	1	1	Poised_Enhancer	Polycomb	Polycomb-Poised_Enhancer
loop_2330	down_in_mutant	1	2	Active_Enhancer	Active_Enhancer	Active_Enhancer-Active_Enhancer
loop_2331	down_in_mutant	1	1	Active_Enhancer	Active_Enhancer	Active_Enhancer-Active_Enhancer
loop_2350	down_in_mutant	1	2	Repressed_Promoter	Repressed_Promoter	Repressed_Promoter-Repressed_Promoter
loop_2396	down_in_mutant	1	2	Active_Promoter	Active_Promoter	Active_Promoter-Active_Promoter
loop_2414	down_in_mutant	1	1	Active_Enhancer	Active_Promoter	Active_Promoter-Active_Enhancer
loop_2470	down_in_mutant	1	1	Active_Promoter	Poised_Enhancer	Active_Promoter-Poised_Enhancer
loop_2502	down_in_mutant	1	2	Polycomb	Repressed_Promoter	Repressed_Promoter-Polycomb
loop_2506	up_in_mutant	1	1	Active_Promoter	Active_Promoter	Active_Promoter-Active_Promoter
loop_2507	down_in_mutant	1	1	Repressed_Promoter	Repressed_Promoter	Repressed_Promoter-Repressed_Promoter
loop_2559	down_in_mutant	1	2	CTCF_Site	Other	CTCF_Site-Other
loop_2646	down_in_mutant	1	1	Repressed_Promoter	Polycomb	Repressed_Promoter-Polycomb
loop_2706	down_in_mutant	1	2	Active_Promoter	Active_Promoter	Active_Promoter-Active_Promoter
loop_2811	up_in_mutant	1	2	Polycomb	Repressed_Promoter	Repressed_Promoter-Polycomb
loop_2855	down_in_mutant	1	1	Polycomb	Polycomb	Polycomb-Polycomb
loop_2910	down_in_mutant	1	2	CTCF_Site	Active_Enhancer	Active_Enhancer-CTCF_Site
loop_3005	down_in_mutant	1	1	Active_Promoter	Active_Promoter	Active_Promoter-Active_Promoter
loop_3006	down_in_mutant	1	1	Active_Promoter	Active_Enhancer	Active_Promoter-Active_Enhancer
loop_3030	down_in_mutant	1	1	Repressed_Promoter	Polycomb	Repressed_Promoter-Polycomb
loop_3056	down_in_mutant	1	2	Active_Enhancer	Active_Enhancer	Active_Enhancer-Active_Enhancer
loop_3081	down_in_mutant	1	1	CTCF_Site	Poised_Enhancer	Poised_Enhancer-CTCF_Site
loop_3107	up_in_mutant	1	2	Repressed_Promoter	Repressed_Promoter	Repressed_Promoter-Repressed_Promoter
loop_3121	down_in_mutant	1	1	Poised_Enhancer	Active_Promoter	Active_Promoter-Poised_Enhancer
loop_3157	down_in_mutant	1	2	Active_Promoter	Active_Promoter	Active_Promoter-Active_Promoter
loop_3218	up_in_mutant	1	1	Active_Enhancer	Poised_Enhancer	Active_Enhancer-Poised_Enhancer
loop_3250	up_in_mutant	1	1	Polycomb	Polycomb	Polycomb-Polycomb
loop_3369	down_in_mutant	1	1	Poised_Enhancer	Active_Promoter	Active_Promoter-Poised_Enhancer
loop_3377	up_in_mutant	1	1	Active_Promoter	Active_Promoter	Active_Promoter-Active_Promoter
loop_3392	down_in_mutant	1	1	Repressed_Promoter	Repressed_Promoter	Repressed_Promoter-Repressed_Promoter
loop_3394	down_in_mutant	1	2	Repressed_Promoter	Repressed_Promoter	Repressed_Promoter-Repressed_Promoter
loop_3427	down_in_mutant	1	1	Active_Promoter	Active_Promoter	Active_Promoter-Active_Promoter
loop_3770	down_in_mutant	1	2	Repressed_Promoter	Polycomb	Repressed_Promoter-Polycomb
loop_3773	up_in_mutant	1	1	Active_Promoter	Active_Promoter	Active_Promoter-Active_Promoter
loop_3778	down_in_mutant	1	2	Repressed_Promoter	Repressed_Promoter	Repressed_Promoter-Repressed_Promoter
loop_3788	down_in_mutant	1	1	Active_Enhancer	Active_Enhancer	Active_Enhancer-Active_Enhancer
loop_3804	down_in_mutant	1	1	Poised_Enhancer	Active_Enhancer	Active_Enhancer-Poised_Enhancer
loop_3817	down_in_mutant	1	1	CTCF_Site	Polycomb	Polycomb-CTCF_Site
loop_3829	up_in_mutant	1	2	Polycomb	Poised_Enhancer	Polycomb-Poised_Enhancer
loop_3932	up_in_mutant	1	1	CTCF_Site	Other	CTCF_Site-Other
loop_3983	down_in_mutant	1	1	Repressed_Promoter	Repressed_Promoter	Repressed_Promoter-Repressed_Promoter
loop_4140	down_in_mutant	1	1	Polycomb	Polycomb	Polycomb-Polycomb
loop_4185	down_in_mutant	1	1	Active_Enhancer	Active_Enhancer	Active_Enhancer-Active_Enhancer
loop_4209	down_in_mutant	1	1	Active_Promoter	Active_Promoter	Active_Promoter-Active_Promoter
loop_4212	down_in_mutant	1	1	Repressed_Promoter	Repressed_Promoter	Repressed_Promoter-Repressed_Promoter
loop_4257	up_in_mutant	1	2	Polycomb	Other	Polycomb-Other
loop_4268	up_in_mutant	1	2	CTCF_Site	Other	CTCF_Site-Other
loop_4270	down_in_mutant	1	1	Polycomb	Poised_Enhancer	Polycomb-Poised_Enhancer
loop_4359	up_in_mutant	1	1	Active_Enhancer	Polycomb	Polycomb-Active_Enhancer
loop_4421	down_in_mutant	1	1	CTCF_Site	Other	CTCF_Site-Other
loop_4570	up_in_mutant	1	1	CTCF_Site	Polycomb	Polycomb-CTCF_Site
loop_4737	up_in_mutant	1	2	CTCF_Site	Poised_Enhancer	Poised_Enhancer-CTCF_Site
loop_4872	down_in_mutant	1	2	Poised_Enhancer	Bivalent_Promoter	Bivalent_Promoter-Poised_Enhancer
loop_4884	up_in_mutant	1	1	CTCF_Site	Other	CTCF_Site-Other
loop_4931	up_in_mutant	1	2	CTCF_Site	Other	CTCF_Site-Other
loop_4935	up_in_mutant	1	2	Polycomb	Other	Polycomb-Other
loop_4963	up_in_mutant	1	1	Polycomb	Active_Promoter	Active_Promoter-Polycomb
loop_5033	up_in_mutant	1	1	Polycomb	Repressed_Promoter	Repressed_Promoter-Polycomb
loop_5188	up_in_mutant	1	2	Poised_Enhancer	Other	Poised_Enhancer-Other
loop_5205	down_in_mutant	1	1	Active_Promoter	Active_Promoter	Active_Promoter-Active_Promoter
loop_5302	up_in_mutant	1	2	Active_Promoter	Poised_Enhancer	Active_Promoter-Poised_Enhancer
loop_5306	up_in_mutant	1	1	CTCF_Site	Active_Enhancer	Active_Enhancer-CTCF_Site
loop_5419	up_in_mutant	1	1	Repressed_Promoter	Other	Repressed_Promoter-Other
loop_5459	down_in_mutant	1	1	Poised_Enhancer	Active_Enhancer	Active_Enhancer-Poised_Enhancer
loop_5621	down_in_mutant	1	1	Active_Promoter	Poised_Enhancer	Active_Promoter-Poised_Enhancer
loop_5664	up_in_mutant	1	1	Poised_Enhancer	Polycomb	Polycomb-Poised_Enhancer
loop_5706	down_in_mutant	1	1	CTCF_Site	Active_Enhancer	Active_Enhancer-CTCF_Site
loop_5818	up_in_mutant	1	1	Repressed_Promoter	Polycomb	Repressed_Promoter-Polycomb
loop_5842	up_in_mutant	1	2	Active_Promoter	Active_Promoter	Active_Promoter-Active_Promoter
loop_5883	up_in_mutant	1	2	Polycomb	Poised_Enhancer	Polycomb-Poised_Enhancer
loop_6049	up_in_mutant	1	1	CTCF_Site	Other	CTCF_Site-Other
loop_6097	up_in_mutant	1	2	Polycomb	Polycomb	Polycomb-Polycomb
loop_6107	down_in_mutant	1	2	Active_Promoter	Active_Promoter	Active_Promoter-Active_Promoter
loop_6166	up_in_mutant	1	2	Polycomb	Polycomb	Polycomb-Polycomb
loop_6209	up_in_mutant	1	1	CTCF_Site	Repressed_Promoter	Repressed_Promoter-CTCF_Site
loop_6262	down_in_mutant	1	1	Active_Enhancer	Poised_Enhancer	Active_Enhancer-Poised_Enhancer
loop_6305	up_in_mutant	1	2	CTCF_Site	Other	CTCF_Site-Other
loop_6375	up_in_mutant	1	1	Polycomb	Polycomb	Polycomb-Polycomb
loop_6403	up_in_mutant	1	2	CTCF_Site	Other	CTCF_Site-Other
loop_6420	up_in_mutant	1	1	Active_Enhancer	Repressed_Promoter	Repressed_Promoter-Active_Enhancer
loop_6453	up_in_mutant	1	2	Poised_Enhancer	Poised_Enhancer	Poised_Enhancer-Poised_Enhancer
loop_6535	up_in_mutant	1	2	Polycomb	Other	Polycomb-Other
loop_6611	up_in_mutant	1	2	Polycomb	Polycomb	Polycomb-Polycomb
loop_6642	up_in_mutant	1	2	Polycomb	Other	Polycomb-Other
loop_6659	up_in_mutant	1	1	Repressed_Promoter	Polycomb	Repressed_Promoter-Polycomb
loop_6773	up_in_mutant	1	2	CTCF_Site	Poised_Enhancer	Poised_Enhancer-CTCF_Site
loop_6870	up_in_mutant	1	2	CTCF_Site	Other	CTCF_Site-Other
loop_6872	up_in_mutant	1	2	Polycomb	Active_Promoter	Active_Promoter-Polycomb
loop_7004	down_in_mutant	1	2	Active_Enhancer	Poised_Enhancer	Active_Enhancer-Poised_Enhancer
loop_7058	up_in_mutant	1	1	Poised_Enhancer	Poised_Enhancer	Poised_Enhancer-Poised_Enhancer
loop_7072	up_in_mutant	1	1	Active_Promoter	Other	Active_Promoter-Other
loop_7110	down_in_mutant	1	2	CTCF_Site	Other	CTCF_Site-Other
loop_7196	up_in_mutant	1	2	Repressed_Promoter	Polycomb	Repressed_Promoter-Polycomb
loop_7217	up_in_mutant	1	1	Polycomb	Polycomb	Polycomb-Polycomb
loop_7233	down_in_mutant	1	2	CTCF_Site	Other	CTCF_Site-Other
loop_7238	up_in_mutant	1	1	Active_Enhancer	Active_Promoter	Active_Promoter-Active_Enhancer
loop_7276	up_in_mutant	1	1	Repressed_Promoter	Other	Repressed_Promoter-Other
loop_7362	up_in_mutant	1	2	Repressed_Promoter	Active_Promoter	Active_Promoter-Repressed_Promoter
loop_7373	up_in_mutant	1	2	Active_Enhancer	Active_Enhancer	Active_Enhancer-Active_Enhancer
loop_7386	up_in_mutant	1	2	Repressed_Promoter	Other	Repressed_Promoter-Other
loop_7427	up_in_mutant	1	1	Active_Promoter	Polycomb	Active_Promoter-Polycomb
loop_7567	up_in_mutant	1	1	Polycomb	Repressed_Promoter	Repressed_Promoter-Polycomb
loop_7642	up_in_mutant	1	2	CTCF_Site	Bivalent_Promoter	Bivalent_Promoter-CTCF_Site
loop_7698	up_in_mutant	1	1	CTCF_Site	Other	CTCF_Site-Other
loop_7770	up_in_mutant	1	1	Polycomb	Bivalent_Promoter	Bivalent_Promoter-Polycomb
loop_7797	up_in_mutant	1	1	Poised_Enhancer	Poised_Enhancer	Poised_Enhancer-Poised_Enhancer
loop_7859	up_in_mutant	1	2	Polycomb	Other	Polycomb-Other
loop_7872	up_in_mutant	1	1	Polycomb	Polycomb	Polycomb-Polycomb
loop_7942	up_in_mutant	1	1	Poised_Enhancer	Poised_Enhancer	Poised_Enhancer-Poised_Enhancer
loop_8340	down_in_mutant	1	2	Poised_Enhancer	Other	Poised_Enhancer-Other
loop_8383	down_in_mutant	1	1	Active_Enhancer	Active_Promoter	Active_Promoter-Active_Enhancer
loop_8482	down_in_mutant	1	2	Active_Promoter	Active_Enhancer	Active_Promoter-Active_Enhancer
loop_8686	up_in_mutant	1	2	CTCF_Site	Other	CTCF_Site-Other
loop_8694	up_in_mutant	1	2	CTCF_Site	Other	CTCF_Site-Other
loop_8720	down_in_mutant	1	1	Active_Enhancer	Active_Promoter	Active_Promoter-Active_Enhancer
loop_8752	down_in_mutant	1	1	Active_Enhancer	Active_Enhancer	Active_Enhancer-Active_Enhancer
loop_8892	up_in_mutant	1	2	Repressed_Promoter	Polycomb	Repressed_Promoter-Polycomb
loop_8984	down_in_mutant	1	1	Active_Enhancer	Active_Enhancer	Active_Enhancer-Active_Enhancer
loop_9005	down_in_mutant	1	2	Active_Enhancer	Active_Enhancer	Active_Enhancer-Active_Enhancer
loop_9006	up_in_mutant	1	1	CTCF_Site	Other	CTCF_Site-Other
loop_9165	down_in_mutant	1	2	Repressed_Promoter	Polycomb	Repressed_Promoter-Polycomb
loop_9615	down_in_mutant	1	2	Repressed_Promoter	Repressed_Promoter	Repressed_Promoter-Repressed_Promoter
loop_9660	down_in_mutant	1	1	Active_Promoter	Active_Promoter	Active_Promoter-Active_Promoter
loop_9666	down_in_mutant	1	1	Poised_Enhancer	Active_Enhancer	Active_Enhancer-Poised_Enhancer
loop_9753	down_in_mutant	1	2	Active_Enhancer	Active_Enhancer	Active_Enhancer-Active_Enhancer
loop_9856	down_in_mutant	1	2	Active_Enhancer	Active_Enhancer	Active_Enhancer-Active_Enhancer
loop_10050	down_in_mutant	1	1	Active_Promoter	Active_Promoter	Active_Promoter-Active_Promoter
loop_10060	down_in_mutant	1	2	Active_Enhancer	Active_Promoter	Active_Promoter-Active_Enhancer
loop_10074	down_in_mutant	1	1	Polycomb	Other	Polycomb-Other
loop_10109	down_in_mutant	1	2	Active_Promoter	Active_Promoter	Active_Promoter-Active_Promoter
loop_11403	down_in_mutant	1	2	CTCF_Site	Other	CTCF_Site-Other
loop_11426	down_in_mutant	1	2	CTCF_Site	Other	CTCF_Site-Other
loop_11739	up_in_mutant	1	2	CTCF_Site	Repressed_Promoter	Repressed_Promoter-CTCF_Site
loop_11874	down_in_mutant	1	2	CTCF_Site	Poised_Enhancer	Poised_Enhancer-CTCF_Site
loop_12014	down_in_mutant	1	2	Poised_Enhancer	Other	Poised_Enhancer-Other
loop_12020	down_in_mutant	1	2	Active_Enhancer	Active_Promoter	Active_Promoter-Active_Enhancer
loop_12048	down_in_mutant	1	2	Active_Enhancer	Active_Enhancer	Active_Enhancer-Active_Enhancer
loop_12079	down_in_mutant	1	1	Active_Enhancer	Active_Enhancer	Active_Enhancer-Active_Enhancer
loop_12082	down_in_mutant	1	2	CTCF_Site	Poised_Enhancer	Poised_Enhancer-CTCF_Site
loop_12088	down_in_mutant	1	2	CTCF_Site	Active_Enhancer	Active_Enhancer-CTCF_Site
loop_12626	up_in_mutant	1	2	CTCF_Site	Other	CTCF_Site-Other
loop_13135	down_in_mutant	1	1	Active_Enhancer	Active_Enhancer	Active_Enhancer-Active_Enhancer
loop_13211	up_in_mutant	1	1	Active_Promoter	Other	Active_Promoter-Other
loop_13348	down_in_mutant	1	1	Repressed_Promoter	Repressed_Promoter	Repressed_Promoter-Repressed_Promoter
loop_13363	down_in_mutant	1	1	Active_Promoter	Active_Enhancer	Active_Promoter-Active_Enhancer
loop_13995	up_in_mutant	1	2	Polycomb	Other	Polycomb-Other
loop_14040	up_in_mutant	1	1	Poised_Enhancer	Other	Poised_Enhancer-Other
loop_14394	up_in_mutant	1	2	Polycomb	Polycomb	Polycomb-Polycomb
loop_14444	up_in_mutant	1	2	CTCF_Site	Polycomb	Polycomb-CTCF_Site
loop_14487	down_in_mutant	1	1	Active_Enhancer	Poised_Enhancer	Active_Enhancer-Poised_Enhancer
loop_14534	down_in_mutant	1	2	Active_Promoter	Active_Promoter	Active_Promoter-Active_Promoter
loop_14561	up_in_mutant	1	1	CTCF_Site	Other	CTCF_Site-Other
loop_14618	down_in_mutant	1	1	Poised_Enhancer	Active_Enhancer	Active_Enhancer-Poised_Enhancer
loop_14620	down_in_mutant	1	1	CTCF_Site	Other	CTCF_Site-Other
loop_14623	down_in_mutant	1	2	Active_Promoter	Active_Enhancer	Active_Promoter-Active_Enhancer
loop_14949	up_in_mutant	1	2	Poised_Enhancer	Repressed_Promoter	Repressed_Promoter-Poised_Enhancer
loop_15032	down_in_mutant	1	2	CTCF_Site	Poised_Enhancer	Poised_Enhancer-CTCF_Site
loop_15100	up_in_mutant	1	1	CTCF_Site	Active_Enhancer	Active_Enhancer-CTCF_Site
loop_15305	down_in_mutant	1	1	Active_Promoter	Active_Enhancer	Active_Promoter-Active_Enhancer
loop_15341	down_in_mutant	1	2	Active_Promoter	Active_Enhancer	Active_Promoter-Active_Enhancer
loop_15407	up_in_mutant	1	2	Poised_Enhancer	Poised_Enhancer	Poised_Enhancer-Poised_Enhancer
loop_15412	down_in_mutant	1	1	Poised_Enhancer	Active_Enhancer	Active_Enhancer-Poised_Enhancer
loop_15505	down_in_mutant	1	2	Active_Promoter	Active_Enhancer	Active_Promoter-Active_Enhancer
loop_15524	up_in_mutant	1	1	Repressed_Promoter	Active_Promoter	Active_Promoter-Repressed_Promoter
loop_15538	down_in_mutant	1	2	Active_Promoter	Poised_Enhancer	Active_Promoter-Poised_Enhancer
loop_15970	up_in_mutant	1	1	Polycomb	Polycomb	Polycomb-Polycomb
loop_16013	up_in_mutant	1	1	Polycomb	Poised_Enhancer	Polycomb-Poised_Enhancer
loop_16103	down_in_mutant	1	2	Polycomb	Polycomb	Polycomb-Polycomb
loop_16122	down_in_mutant	1	1	CTCF_Site	Poised_Enhancer	Poised_Enhancer-CTCF_Site
loop_16145	down_in_mutant	1	2	Repressed_Promoter	Polycomb	Repressed_Promoter-Polycomb
loop_16455	down_in_mutant	1	2	Active_Promoter	Active_Enhancer	Active_Promoter-Active_Enhancer
loop_16479	down_in_mutant	1	1	Active_Enhancer	Active_Enhancer	Active_Enhancer-Active_Enhancer
loop_16827	down_in_mutant	1	2	Active_Enhancer	Active_Enhancer	Active_Enhancer-Active_Enhancer
loop_16855	up_in_mutant	1	2	CTCF_Site	Other	CTCF_Site-Other
loop_16912	up_in_mutant	1	1	CTCF_Site	Other	CTCF_Site-Other
loop_16952	down_in_mutant	1	1	Poised_Enhancer	Poised_Enhancer	Poised_Enhancer-Poised_Enhancer
loop_17015	down_in_mutant	1	1	Poised_Enhancer	Other	Poised_Enhancer-Other
loop_17042	down_in_mutant	1	2	Repressed_Promoter	Polycomb	Repressed_Promoter-Polycomb
loop_17078	down_in_mutant	1	2	Poised_Enhancer	Active_Enhancer	Active_Enhancer-Poised_Enhancer
loop_17092	down_in_mutant	1	2	Active_Enhancer	Active_Enhancer	Active_Enhancer-Active_Enhancer
loop_17105	down_in_mutant	1	1	Poised_Enhancer	Active_Enhancer	Active_Enhancer-Poised_Enhancer
loop_17254	up_in_mutant	1	1	Active_Enhancer	Poised_Enhancer	Active_Enhancer-Poised_Enhancer
loop_17312	down_in_mutant	1	2	CTCF_Site	Other	CTCF_Site-Other
loop_17347	down_in_mutant	1	2	Poised_Enhancer	Active_Enhancer	Active_Enhancer-Poised_Enhancer
loop_17457	down_in_mutant	1	1	Repressed_Promoter	Polycomb	Repressed_Promoter-Polycomb
loop_17530	down_in_mutant	1	2	Repressed_Promoter	Repressed_Promoter	Repressed_Promoter-Repressed_Promoter
loop_17626	down_in_mutant	1	2	Active_Enhancer	Active_Enhancer	Active_Enhancer-Active_Enhancer
loop_17665	up_in_mutant	1	2	Active_Enhancer	Active_Enhancer	Active_Enhancer-Active_Enhancer
loop_17676	down_in_mutant	1	1	Repressed_Promoter	Repressed_Promoter	Repressed_Promoter-Repressed_Promoter
loop_17711	up_in_mutant	1	2	CTCF_Site	Polycomb	Polycomb-CTCF_Site
loop_17745	down_in_mutant	1	1	Poised_Enhancer	Active_Enhancer	Active_Enhancer-Poised_Enhancer
loop_17830	down_in_mutant	1	2	Active_Enhancer	Poised_Enhancer	Active_Enhancer-Poised_Enhancer
loop_17879	down_in_mutant	1	1	Polycomb	Polycomb	Polycomb-Polycomb
loop_17903	up_in_mutant	1	1	Polycomb	Other	Polycomb-Other
loop_17935	down_in_mutant	1	1	Poised_Enhancer	Active_Enhancer	Active_Enhancer-Poised_Enhancer
loop_17997	down_in_mutant	1	2	Repressed_Promoter	Repressed_Promoter	Repressed_Promoter-Repressed_Promoter
loop_18370	up_in_mutant	1	1	Poised_Enhancer	Active_Enhancer	Active_Enhancer-Poised_Enhancer
loop_18432	up_in_mutant	1	2	Bivalent_Promoter	Poised_Enhancer	Bivalent_Promoter-Poised_Enhancer
loop_18470	up_in_mutant	1	1	Repressed_Promoter	Repressed_Promoter	Repressed_Promoter-Repressed_Promoter
loop_18532	up_in_mutant	1	1	Polycomb	Other	Polycomb-Other
loop_18578	up_in_mutant	1	2	Polycomb	Polycomb	Polycomb-Polycomb
loop_18643	down_in_mutant	1	2	Active_Promoter	Active_Promoter	Active_Promoter-Active_Promoter
loop_18880	down_in_mutant	1	1	Active_Promoter	Active_Enhancer	Active_Promoter-Active_Enhancer
loop_18884	up_in_mutant	1	2	Repressed_Promoter	Polycomb	Repressed_Promoter-Polycomb
loop_19018	down_in_mutant	1	1	Poised_Enhancer	Other	Poised_Enhancer-Other
loop_19115	up_in_mutant	1	1	CTCF_Site	Active_Promoter	Active_Promoter-CTCF_Site
loop_19159	down_in_mutant	1	1	Polycomb	Repressed_Promoter	Repressed_Promoter-Polycomb
loop_19218	down_in_mutant	1	1	CTCF_Site	Polycomb	Polycomb-CTCF_Site
loop_19260	up_in_mutant	1	2	Polycomb	Repressed_Promoter	Repressed_Promoter-Polycomb
loop_19592	up_in_mutant	1	1	Repressed_Promoter	Other	Repressed_Promoter-Other
loop_19633	down_in_mutant	1	1	Active_Promoter	Active_Promoter	Active_Promoter-Active_Promoter
loop_19657	up_in_mutant	1	2	Repressed_Promoter	Polycomb	Repressed_Promoter-Polycomb
loop_19681	up_in_mutant	1	1	Repressed_Promoter	Repressed_Promoter	Repressed_Promoter-Repressed_Promoter
loop_19692	down_in_mutant	1	1	CTCF_Site	Poised_Enhancer	Poised_Enhancer-CTCF_Site
loop_19793	up_in_mutant	1	1	CTCF_Site	Other	CTCF_Site-Other
loop_19874	up_in_mutant	1	1	Polycomb	Poised_Enhancer	Polycomb-Poised_Enhancer
loop_19906	up_in_mutant	1	1	Active_Promoter	Other	Active_Promoter-Other
loop_19920	up_in_mutant	1	1	CTCF_Site	Other	CTCF_Site-Other
loop_20007	up_in_mutant	1	1	Poised_Enhancer	Poised_Enhancer	Poised_Enhancer-Poised_Enhancer
loop_20047	up_in_mutant	1	2	Poised_Enhancer	Other	Poised_Enhancer-Other
loop_20048	up_in_mutant	1	1	Repressed_Promoter	Other	Repressed_Promoter-Other
loop_20108	up_in_mutant	1	1	Repressed_Promoter	Polycomb	Repressed_Promoter-Polycomb
loop_20130	up_in_mutant	1	2	Repressed_Promoter	Other	Repressed_Promoter-Other
loop_20179	up_in_mutant	1	1	Polycomb	Polycomb	Polycomb-Polycomb
loop_20186	up_in_mutant	1	2	Polycomb	Other	Polycomb-Other
loop_20257	up_in_mutant	1	1	Poised_Enhancer	Poised_Enhancer	Poised_Enhancer-Poised_Enhancer
loop_20289	up_in_mutant	1	2	Bivalent_Promoter	Poised_Enhancer	Bivalent_Promoter-Poised_Enhancer
loop_20293	up_in_mutant	1	2	Poised_Enhancer	Poised_Enhancer	Poised_Enhancer-Poised_Enhancer
loop_20333	up_in_mutant	1	2	CTCF_Site	Other	CTCF_Site-Other
loop_20350	up_in_mutant	1	2	Poised_Enhancer	Polycomb	Polycomb-Poised_Enhancer
loop_20357	up_in_mutant	1	2	Active_Promoter	Poised_Enhancer	Active_Promoter-Poised_Enhancer
