loop_id	chr1	start1	end1	chr2	start2	end2	coord_string	shift_status	logFC	logCPM	F	PValue	FDR	significant	exploratory	category	direction	plot_color
loop_18	chr8	36525000	36550000	chr8	36825000	36850000	chr8:36525000-36550000_chr8:36825000-36850000	TRUE	0.333126764248066	5.15302652391996	26.890607989062	0.000212803321309857	0.0300508108643183	TRUE	TRUE	weak_differential	up_in_mutant	#d73027
loop_35	chr8	48200000	48225000	chr8	49700000	49725000	chr8:48200000-48225000_chr8:49700000-49725000	TRUE	-0.305856976768784	4.13177445881545	26.1239043554272	0.000241109866328386	0.0322254610379367	TRUE	TRUE	weak_differential	down_in_mutant	#4575b4
loop_39	chr8	71125000	71150000	chr8	71975000	72000000	chr8:71125000-71150000_chr8:71975000-72000000	FALSE	0.294498175005561	4.37863041950784	29.9268725507411	0.00013290392289432	0.0232482187122889	TRUE	TRUE	weak_differential	up_in_mutant	#d73027
loop_51	chr8	48200000	48225000	chr8	50275000	50300000	chr8:48200000-48225000_chr8:50275000-50300000	TRUE	-0.778369948212038	3.17220065311482	64.8871050314599	3.07129890399239e-06	0.00379233148786496	TRUE	TRUE	moderate_differential	down_in_mutant	#4575b4
loop_57	chr8	47850000	47875000	chr8	50275000	50300000	chr8:47850000-47875000_chr8:50275000-50300000	FALSE	-0.526699063345898	2.8551818856674	34.0180797092722	7.42968839084109e-05	0.0177223396604711	TRUE	TRUE	moderate_differential	down_in_mutant	#4575b4
loop_58	chr8	12375000	12400000	chr8	92350000	92375000	chr8:12375000-12400000_chr8:92350000-92375000	TRUE	-0.971315924387862	0.128114533675607	30.0837889285991	0.000129900057306616	0.0232482187122889	TRUE	TRUE	moderate_differential	down_in_mutant	#4575b4
loop_59	chr8	57300000	57325000	chr8	108700000	108725000	chr8:57300000-57325000_chr8:108700000-108725000	TRUE	-1.26277552432515	1.18403002108797	73.4627249053024	1.59835639650007e-06	0.0022367399412622	TRUE	TRUE	strong_differential	down_in_mutant	#4575b4
loop_60	chr8	89025000	89050000	chr8	108700000	108725000	chr8:89025000-89050000_chr8:108700000-108725000	TRUE	-1.31418547582669	0.48850084777916	36.3133012627211	5.4873287262202e-05	0.014939203019758	TRUE	TRUE	strong_differential	down_in_mutant	#4575b4
loop_62	chr8	57300000	57325000	chr8	89025000	89050000	chr8:57300000-57325000_chr8:89025000-89050000	TRUE	-2.00769909675552	-0.0652004660598235	93.1225165213068	4.47440457716651e-07	0.00141654620476664	TRUE	TRUE	strong_differential	down_in_mutant	#4575b4
loop_123	chr9	41575000	41600000	chr9	41950000	41975000	chr9:41575000-41600000_chr9:41950000-41975000	FALSE	0.233273199512899	5.71096408541522	24.7568799892134	0.000303237061235145	0.0347827822534805	TRUE	TRUE	weak_differential	up_in_mutant	#d73027
loop_225	chr11	85825000	85850000	chr11	96325000	96350000	chr11:85825000-85850000_chr11:96325000-96350000	TRUE	-0.711085675572845	2.89991993806132	86.2508769712137	6.75829801447922e-07	0.00157626037357704	TRUE	TRUE	moderate_differential	down_in_mutant	#4575b4
loop_584	chr1	24700000	24725000	chr1	25600000	25625000	chr1:24700000-24725000_chr1:25600000-25625000	FALSE	-0.282712102152828	4.5229657303113	27.3300401299828	0.000198330718731685	0.0293576746073575	TRUE	TRUE	weak_differential	down_in_mutant	#4575b4
loop_611	chr1	138825000	138850000	chr1	184700000	184725000	chr1:138825000-138850000_chr1:184700000-184725000	FALSE	-1.17816135652886	-0.382932016540996	31.8852934086683	0.000100055537331798	0.0203861789965565	TRUE	TRUE	strong_differential	down_in_mutant	#4575b4
loop_655	chr18	40250000	40275000	chr18	40600000	40625000	chr18:40250000-40275000_chr18:40600000-40625000	TRUE	0.266917596679017	5.0859477876566	20.9926143022269	0.000598742423971657	0.0455680071746872	TRUE	TRUE	weak_differential	up_in_mutant	#d73027
loop_715	chr19	25600000	25625000	chr19	59150000	59175000	chr19:25600000-25625000_chr19:59150000-59175000	FALSE	-0.895280520017971	1.49522226681031	51.4650170545773	1.00719208399418e-05	0.00725494353885231	TRUE	TRUE	moderate_differential	down_in_mutant	#4575b4
loop_732	chr2	37500000	37525000	chr2	37750000	37775000	chr2:37500000-37525000_chr2:37750000-37775000	FALSE	-0.216361459658628	6.04670950523888	21.5776977550937	0.000535887309122892	0.0437218851519947	TRUE	TRUE	weak_differential	down_in_mutant	#4575b4
loop_815	chr2	37400000	37425000	chr2	90700000	90725000	chr2:37400000-37425000_chr2:90700000-90725000	FALSE	0.499691710541615	2.59499186790369	20.3983483520292	0.000671577575642669	0.0484435906883686	TRUE	TRUE	weak_differential	up_in_mutant	#d73027
loop_816	chr2	105125000	105150000	chr2	116050000	116075000	chr2:105125000-105150000_chr2:116050000-116075000	FALSE	-0.668478519833618	1.28406880853979	23.8004825780066	0.000357917083684474	0.0373782960379144	TRUE	TRUE	moderate_differential	down_in_mutant	#4575b4
loop_964	chr4	34650000	34675000	chr4	40975000	41000000	chr4:34650000-34675000_chr4:40975000-41000000	FALSE	0.62518332416956	2.92175163428571	46.4707993336544	1.67441012922005e-05	0.00949933595201568	TRUE	TRUE	moderate_differential	up_in_mutant	#d73027
loop_966	chr4	44700000	44725000	chr4	154625000	154650000	chr4:44700000-44725000_chr4:154625000-154650000	FALSE	-1.07245055489017	-0.168741022392723	32.9978974495611	8.55322798072949e-05	0.019455386982868	TRUE	TRUE	strong_differential	down_in_mutant	#4575b4
loop_1109	chr6	42225000	42250000	chr6	42850000	42875000	chr6:42225000-42250000_chr6:42850000-42875000	FALSE	-0.280902893179447	4.31472915039711	23.8859339729251	0.000352568973650916	0.0373532799028656	TRUE	TRUE	weak_differential	down_in_mutant	#4575b4
loop_1195	chr7	49675000	49700000	chr7	70150000	70175000	chr7:49675000-49700000_chr7:70150000-70175000	TRUE	-0.696674172927541	0.623901075480834	20.8428655142873	0.000616278905242742	0.0459008838985966	TRUE	TRUE	moderate_differential	down_in_mutant	#4575b4
loop_1223	chr10	17075000	17100000	chr10	17700000	17725000	chr10:17075000-17100000_chr10:17700000-17725000	FALSE	-0.270299538316402	5.19785332822234	21.8425597565642	0.000509984573783398	0.0428203447531492	TRUE	TRUE	weak_differential	down_in_mutant	#4575b4
loop_1260	chr10	46000000	46025000	chr10	50350000	50375000	chr10:46000000-46025000_chr10:50350000-50375000	FALSE	-0.400819622839298	4.0800081394049	21.2738566458561	0.000567514161051083	0.0442260505233012	TRUE	TRUE	weak_differential	down_in_mutant	#4575b4
loop_1268	chr10	42575000	42600000	chr10	50900000	50925000	chr10:42575000-42600000_chr10:50900000-50925000	TRUE	-0.702232013364356	1.78993282270739	47.3226298150656	1.53073870135241e-05	0.00892548224446901	TRUE	TRUE	moderate_differential	down_in_mutant	#4575b4
loop_1270	chr10	22825000	22850000	chr10	50875000	50900000	chr10:22825000-22850000_chr10:50875000-50900000	FALSE	-0.422267075443121	2.28955587606304	23.0369126773851	0.000409901840853893	0.0388828366597266	TRUE	TRUE	weak_differential	down_in_mutant	#4575b4
loop_1271	chr10	22825000	22850000	chr10	103025000	103050000	chr10:22825000-22850000_chr10:103025000-103050000	FALSE	-0.707195567120944	1.88323009049011	37.6373486257718	4.63508732224283e-05	0.0143081055854705	TRUE	TRUE	moderate_differential	down_in_mutant	#4575b4
loop_1277	chr8	26425000	26450000	chr8	26975000	27000000	chr8:26425000-26450000_chr8:26975000-27000000	FALSE	-0.222585591599639	5.59238272108882	20.4234646880594	0.000668284312636682	0.0483722620915744	TRUE	TRUE	weak_differential	down_in_mutant	#4575b4
loop_1282	chr8	40175000	40200000	chr8	40275000	40300000	chr8:40175000-40200000_chr8:40275000-40300000	FALSE	0.308134639407857	7.04092968016511	21.3372182779978	0.000560742581010635	0.0442260505233012	TRUE	TRUE	weak_differential	up_in_mutant	#d73027
loop_1294	chr8	49475000	49500000	chr8	49800000	49825000	chr8:49475000-49500000_chr8:49800000-49825000	TRUE	-0.577623803711098	5.5042361365523	74.7067029921383	1.46151161464056e-06	0.0022367399412622	TRUE	TRUE	moderate_differential	down_in_mutant	#4575b4
loop_1297	chr8	57550000	57575000	chr8	57950000	57975000	chr8:57550000-57575000_chr8:57950000-57975000	TRUE	-0.282625816372786	4.47330806056053	22.8295521412051	0.000425498744973718	0.039346450025301	TRUE	TRUE	weak_differential	down_in_mutant	#4575b4
loop_1298	chr8	49525000	49550000	chr8	49825000	49850000	chr8:49525000-49550000_chr8:49825000-49850000	TRUE	-0.531581037913629	5.52012122539831	57.8273151132356	5.57272416143058e-06	0.00487404386969122	TRUE	TRUE	moderate_differential	down_in_mutant	#4575b4
loop_1310	chr8	48525000	48550000	chr8	49825000	49850000	chr8:48525000-48550000_chr8:49825000-49850000	FALSE	-0.606222476164762	4.36649188575834	63.9045706586665	3.32542637594178e-06	0.00387800139207744	TRUE	TRUE	moderate_differential	down_in_mutant	#4575b4
loop_1314	chr8	71125000	71150000	chr8	72100000	72125000	chr8:71125000-71150000_chr8:72100000-72125000	FALSE	0.386219870675121	4.34744460285625	42.4765285185371	2.59840759752373e-05	0.011857211712961	TRUE	TRUE	weak_differential	up_in_mutant	#d73027
loop_1324	chr8	12375000	12400000	chr8	57300000	57325000	chr8:12375000-12400000_chr8:57300000-57325000	TRUE	-0.973642771076229	0.507270415080326	25.9374816577907	0.000248703000721535	0.0322254610379367	TRUE	TRUE	moderate_differential	down_in_mutant	#4575b4
loop_1325	chr8	57325000	57350000	chr8	89025000	89050000	chr8:57325000-57350000_chr8:89025000-89050000	TRUE	-1.79635431192262	-0.0905498754111606	77.3354509646251	1.21931601578412e-06	0.0022367399412622	TRUE	TRUE	strong_differential	down_in_mutant	#4575b4
loop_1372	chr14	39525000	39550000	chr14	40250000	40275000	chr14:39525000-39550000_chr14:40250000-40275000	TRUE	0.264483233185043	4.61757000482355	24.0166869461527	0.000344597159880405	0.0373532799028656	TRUE	TRUE	weak_differential	up_in_mutant	#d73027
loop_1446	chr9	40850000	40875000	chr9	74850000	74875000	chr9:40850000-40875000_chr9:74850000-74875000	FALSE	-0.70073650896796	1.29063508117404	35.665063745015	5.96723174318761e-05	0.0155236594351187	TRUE	TRUE	moderate_differential	down_in_mutant	#4575b4
loop_1512	chr11	95125000	95150000	chr11	96300000	96325000	chr11:95125000-95150000_chr11:96300000-96325000	TRUE	-0.478277577110739	3.12613401093213	38.0937130392594	4.37814727524125e-05	0.0141387214545522	TRUE	TRUE	weak_differential	down_in_mutant	#4575b4
loop_1516	chr11	85875000	85900000	chr11	96325000	96350000	chr11:85875000-85900000_chr11:96325000-96350000	TRUE	-0.680888985246812	3.15394036069866	74.0021808399733	1.53706715665371e-06	0.0022367399412622	TRUE	TRUE	moderate_differential	down_in_mutant	#4575b4
loop_1521	chr11	23400000	23425000	chr11	30825000	30850000	chr11:23400000-23425000_chr11:30825000-30850000	TRUE	0.397823057659728	3.70212240023921	24.6033258809925	0.00031131977421427	0.0353865123172726	TRUE	TRUE	weak_differential	up_in_mutant	#d73027
loop_1586	chr13	65275000	65300000	chr13	66925000	66950000	chr13:65275000-65300000_chr13:66925000-66950000	TRUE	-0.373678759490001	3.70621003563925	25.1385470675324	0.000284186010121919	0.0338940257867568	TRUE	TRUE	weak_differential	down_in_mutant	#4575b4
loop_1782	chr17	74625000	74650000	chr17	80250000	80275000	chr17:74625000-74650000_chr17:80250000-80275000	TRUE	0.342753759944046	3.61797200067713	24.326333569604	0.000326542598137532	0.0362353474874504	TRUE	TRUE	weak_differential	up_in_mutant	#d73027
loop_2061	chr2	70550000	70575000	chr2	74675000	74700000	chr2:70550000-70575000_chr2:74675000-74700000	TRUE	-0.81435560868903	1.98493047535247	49.2688529969905	1.25292839188493e-05	0.00810504986530183	TRUE	TRUE	moderate_differential	down_in_mutant	#4575b4
loop_2070	chr2	148025000	148050000	chr2	172550000	172575000	chr2:148025000-148050000_chr2:172550000-172575000	FALSE	-0.783590382483065	1.17829359545733	38.9309242370548	3.94947112579558e-05	0.0139417069502811	TRUE	TRUE	moderate_differential	down_in_mutant	#4575b4
loop_2162	chr3	66975000	67000000	chr3	99250000	99275000	chr3:66975000-67000000_chr3:99250000-99275000	TRUE	-0.631409119246399	1.80535448213817	23.7009755425222	0.000364229539857582	0.0374585148991231	TRUE	TRUE	moderate_differential	down_in_mutant	#4575b4
loop_2167	chr3	96325000	96350000	chr3	127625000	127650000	chr3:96325000-96350000_chr3:127625000-127650000	TRUE	-0.775689703733717	1.55482274101687	31.8486934672931	0.000100439048440306	0.0203861789965565	TRUE	TRUE	moderate_differential	down_in_mutant	#4575b4
loop_2250	chr4	13125000	13150000	chr4	14425000	14450000	chr4:13125000-13150000_chr4:14425000-14450000	TRUE	-0.469375079554381	3.66793863033834	38.7882387066668	4.01849324343725e-05	0.0139417069502811	TRUE	TRUE	weak_differential	down_in_mutant	#4575b4
loop_2329	chr5	75175000	75200000	chr5	76675000	76700000	chr5:75175000-75200000_chr5:76675000-76700000	FALSE	-0.558153256743829	2.80443432089231	41.5623629386387	2.8867021608704e-05	0.0123851974764148	TRUE	TRUE	moderate_differential	down_in_mutant	#4575b4
loop_2330	chr5	32925000	32950000	chr5	34825000	34850000	chr5:32925000-32950000_chr5:34825000-34850000	TRUE	0.377730818414886	3.81994321629036	30.6555307464556	0.000119329548937074	0.0223169101301851	TRUE	TRUE	weak_differential	up_in_mutant	#d73027
loop_2333	chr5	35375000	35400000	chr5	37800000	37825000	chr5:35375000-35400000_chr5:37800000-37825000	FALSE	-0.503098116060695	1.84019163243739	24.3010881704065	0.00032798418477517	0.0362353474874504	TRUE	TRUE	moderate_differential	down_in_mutant	#4575b4
loop_2335	chr5	110675000	110700000	chr5	144800000	144825000	chr5:110675000-110700000_chr5:144800000-144825000	TRUE	0.471285196114776	2.44159110583791	23.8513566605064	0.000354721863296375	0.0373532799028656	TRUE	TRUE	weak_differential	up_in_mutant	#d73027
loop_2550	chr8	4150000	4175000	chr8	4500000	4525000	chr8:4150000-4175000_chr8:4500000-4525000	TRUE	-0.269336025327703	5.44552650675935	33.471119209425	8.0050259499666e-05	0.0186703888573054	TRUE	TRUE	weak_differential	down_in_mutant	#4575b4
loop_2586	chr8	89025000	89050000	chr8	91800000	91825000	chr8:89025000-89050000_chr8:91800000-91825000	FALSE	-0.747824757412843	1.67968768609482	29.355508559929	0.000144824182725135	0.0244189885990721	TRUE	TRUE	moderate_differential	down_in_mutant	#4575b4
loop_2588	chr8	78425000	78450000	chr8	89025000	89050000	chr8:78425000-78450000_chr8:89025000-89050000	TRUE	-1.35315780232522	-0.0991255449176752	35.2678089349973	6.29342242853099e-05	0.0159162927948547	TRUE	TRUE	strong_differential	down_in_mutant	#4575b4
loop_2729	chr11	85825000	85850000	chr11	96300000	96325000	chr11:85825000-85850000_chr11:96300000-96325000	TRUE	-0.739012623139261	2.90711807697635	75.8560337921481	1.347433712306e-06	0.0022367399412622	TRUE	TRUE	moderate_differential	down_in_mutant	#4575b4
loop_2766	chr13	48525000	48550000	chr13	49175000	49200000	chr13:48525000-48550000_chr13:49175000-49200000	FALSE	-0.379041612453851	3.72778557089605	26.2140377944267	0.00023756426269712	0.0319660989633029	TRUE	TRUE	weak_differential	down_in_mutant	#4575b4
loop_2797	chr13	12400000	12425000	chr13	49700000	49725000	chr13:12400000-12425000_chr13:49700000-49725000	TRUE	0.510586219021633	2.19975064244409	21.318225552826	0.000562776605546288	0.0442260505233012	TRUE	TRUE	moderate_differential	up_in_mutant	#d73027
loop_2798	chr13	98350000	98375000	chr13	116275000	116300000	chr13:98350000-98375000_chr13:116275000-116300000	FALSE	-0.705567264715423	1.3511882647741	21.3174106061075	0.000562878240076089	0.0442260505233012	TRUE	TRUE	moderate_differential	down_in_mutant	#4575b4
loop_3054	chr18	7000000	7025000	chr18	7500000	7525000	chr18:7000000-7025000_chr18:7500000-7525000	TRUE	0.261803377342749	5.84488308133699	22.8908637616007	0.000420812634051102	0.0392590133394075	TRUE	TRUE	weak_differential	up_in_mutant	#d73027
loop_3100	chr19	43600000	43625000	chr19	59150000	59175000	chr19:43600000-43625000_chr19:59150000-59175000	TRUE	-0.616306378294882	1.7380838049654	38.1947633143099	4.32379742503218e-05	0.0141387214545522	TRUE	TRUE	moderate_differential	down_in_mutant	#4575b4
loop_3102	chr19	25600000	25625000	chr19	59175000	59200000	chr19:25600000-25625000_chr19:59175000-59200000	FALSE	-0.890281662427113	1.47592263839062	43.9134939263926	2.21050155283667e-05	0.0105621375536239	TRUE	TRUE	moderate_differential	down_in_mutant	#4575b4
loop_3208	chr2	147350000	147375000	chr2	172550000	172575000	chr2:147350000-147375000_chr2:172550000-172575000	TRUE	-0.762544348724794	1.15677593572301	29.294497593484	0.000146176299939345	0.0244189885990721	TRUE	TRUE	moderate_differential	down_in_mutant	#4575b4
loop_3228	chr3	151825000	151850000	chr3	152075000	152100000	chr3:151825000-151850000_chr3:152075000-152100000	FALSE	0.258816439770243	5.89510129806612	27.3215569980194	0.000198598913546033	0.0293576746073575	TRUE	TRUE	weak_differential	up_in_mutant	#d73027
loop_3291	chr3	35825000	35850000	chr3	36975000	37000000	chr3:35825000-35850000_chr3:36975000-37000000	TRUE	0.407124621294818	4.08687345041073	29.3565583394947	0.000144793347098499	0.0244189885990721	TRUE	TRUE	weak_differential	up_in_mutant	#d73027
loop_3471	chr6	42200000	42225000	chr6	42850000	42875000	chr6:42200000-42225000_chr6:42850000-42875000	FALSE	-0.330340115478846	4.33754246080964	32.1328285449355	9.64621321379212e-05	0.0203861789965565	TRUE	TRUE	weak_differential	down_in_mutant	#4575b4
loop_3596	chr10	108450000	108475000	chr10	109000000	109025000	chr10:108450000-108475000_chr10:109000000-109025000	FALSE	-0.315074710081474	4.23362401589506	31.5940724693211	0.000104154331667247	0.0203861789965565	TRUE	TRUE	weak_differential	down_in_mutant	#4575b4
loop_3622	chr8	26375000	26400000	chr8	26675000	26700000	chr8:26375000-26400000_chr8:26675000-26700000	FALSE	-0.214555273896727	5.76017883256763	20.4257630206319	0.000667985116094207	0.0483722620915744	TRUE	TRUE	weak_differential	down_in_mutant	#4575b4
loop_3642	chr8	33200000	33225000	chr8	33675000	33700000	chr8:33200000-33225000_chr8:33675000-33700000	FALSE	0.269042272479264	5.51303041715683	27.0858414338111	0.000206226451506862	0.0295775368310501	TRUE	TRUE	weak_differential	up_in_mutant	#d73027
loop_3661	chr8	80475000	80500000	chr8	80975000	81000000	chr8:80475000-80500000_chr8:80975000-81000000	TRUE	-0.350323664718761	3.61805356225745	26.2192632252572	0.000237360647030765	0.0319660989633029	TRUE	TRUE	weak_differential	down_in_mutant	#4575b4
loop_3664	chr8	48200000	48225000	chr8	50150000	50175000	chr8:48200000-48225000_chr8:50150000-50175000	FALSE	-0.53381622452861	3.31428365304621	49.1022283826326	1.27419677745205e-05	0.00810504986530183	TRUE	TRUE	moderate_differential	down_in_mutant	#4575b4
loop_3718	chr14	31050000	31075000	chr14	32175000	32200000	chr14:31050000-31075000_chr14:32175000-32200000	FALSE	0.305863947846386	3.72316844649335	20.4449673884265	0.000665492446809842	0.0483722620915744	TRUE	TRUE	weak_differential	up_in_mutant	#d73027
loop_3726	chr14	6875000	6900000	chr14	7725000	7750000	chr14:6875000-6900000_chr14:7725000-7750000	FALSE	0.340584929654899	5.05010826238916	33.074310066883	8.45512052685993e-05	0.019455386982868	TRUE	TRUE	weak_differential	up_in_mutant	#d73027
loop_3785	chr9	104200000	104225000	chr9	110175000	110200000	chr9:104200000-104225000_chr9:110175000-110200000	FALSE	0.420990589996574	2.36597897953004	20.8390933499302	0.000616647575599269	0.0459008838985966	TRUE	TRUE	weak_differential	up_in_mutant	#d73027
loop_3883	chr13	99325000	99350000	chr13	100075000	100100000	chr13:99325000-99350000_chr13:100075000-100100000	TRUE	-0.313106218552577	3.78426208758195	21.3363470931415	0.00056083594026439	0.0442260505233012	TRUE	TRUE	weak_differential	down_in_mutant	#4575b4
loop_3890	chr13	25175000	25200000	chr13	29825000	29850000	chr13:25175000-25200000_chr13:29825000-29850000	FALSE	0.489546621873995	2.91734267335551	22.2890922767607	0.000469551225832482	0.0414132343758388	TRUE	TRUE	weak_differential	up_in_mutant	#d73027
loop_3951	chr12	51400000	51425000	chr12	55675000	55700000	chr12:51400000-51425000_chr12:55675000-55700000	TRUE	0.328589988286789	3.72684604199696	27.1599057067229	0.000203794048969924	0.0295775368310501	TRUE	TRUE	weak_differential	up_in_mutant	#d73027
loop_4217	chr18	7000000	7025000	chr18	7475000	7500000	chr18:7000000-7025000_chr18:7475000-7500000	TRUE	0.286397450571197	5.87146816411782	25.0388435444101	0.000289024278380141	0.0340837563341435	TRUE	TRUE	weak_differential	up_in_mutant	#d73027
loop_4241	chr18	30300000	30325000	chr18	32200000	32225000	chr18:30300000-30325000_chr18:32200000-32225000	FALSE	0.369359567342971	3.10132558244764	25.6712962029801	0.000259877681808562	0.0327366926662672	TRUE	TRUE	weak_differential	up_in_mutant	#d73027
loop_4396	chr2	74650000	74675000	chr2	148025000	148050000	chr2:74650000-74675000_chr2:148025000-148050000	TRUE	-0.741631901573171	0.642477622883257	23.3929205225947	0.000384688148469815	0.0386363106436837	TRUE	TRUE	moderate_differential	down_in_mutant	#4575b4
loop_4540	chr4	32750000	32775000	chr4	34625000	34650000	chr4:32750000-32775000_chr4:34625000-34650000	TRUE	0.432076375592215	3.77560584234281	29.6641955416767	0.000138233008306182	0.0239805708872319	TRUE	TRUE	weak_differential	up_in_mutant	#d73027
loop_4599	chr5	110675000	110700000	chr5	144775000	144800000	chr5:110675000-110700000_chr5:144775000-144800000	TRUE	0.477437915825342	2.30960309044325	24.8212533077574	0.000299930761290991	0.0347827822534805	TRUE	TRUE	weak_differential	up_in_mutant	#d73027
loop_4819	chr8	34200000	34225000	chr8	34375000	34400000	chr8:34200000-34225000_chr8:34375000-34400000	TRUE	0.328223450544882	6.31691096336748	43.7506152443382	2.25071892450479e-05	0.0105621375536239	TRUE	TRUE	weak_differential	up_in_mutant	#d73027
loop_4829	chr8	36175000	36200000	chr8	36500000	36525000	chr8:36175000-36200000_chr8:36500000-36525000	FALSE	0.249738407670153	5.36408799547022	21.9601014206782	0.000498958778931978	0.0423428030025978	TRUE	TRUE	weak_differential	up_in_mutant	#d73027
loop_4832	chr8	34950000	34975000	chr8	35450000	35475000	chr8:34950000-34975000_chr8:35450000-35475000	FALSE	0.252850032716236	5.44007188181304	22.1039874763348	0.000485837947309125	0.0419476300453847	TRUE	TRUE	weak_differential	up_in_mutant	#d73027
loop_4884	chr8	38650000	38675000	chr8	39000000	39025000	chr8:38650000-38675000_chr8:39000000-39025000	TRUE	0.366895361704927	5.2858155392785	32.6970549113848	8.910579728041e-05	0.0198980828799264	TRUE	TRUE	weak_differential	up_in_mutant	#d73027
loop_4888	chr8	71275000	71300000	chr8	71725000	71750000	chr8:71275000-71300000_chr8:71725000-71750000	TRUE	0.484837454264023	4.31275689480442	49.2357633924345	1.25705469848159e-05	0.00810504986530183	TRUE	TRUE	weak_differential	up_in_mutant	#d73027
loop_4905	chr8	48550000	48575000	chr8	49800000	49825000	chr8:48550000-48575000_chr8:49800000-49825000	FALSE	-0.659836959076838	4.48989406105401	93.4641379043432	4.36629762086148e-07	0.00141654620476664	TRUE	TRUE	moderate_differential	down_in_mutant	#4575b4
loop_4908	chr8	37150000	37175000	chr8	38200000	38225000	chr8:37150000-37175000_chr8:38200000-38225000	TRUE	0.372525141490928	5.18658977108403	22.4236690585947	0.000458099614921346	0.0409190170928254	TRUE	TRUE	weak_differential	up_in_mutant	#d73027
loop_4910	chr8	49675000	49700000	chr8	50275000	50300000	chr8:49675000-49700000_chr8:50275000-50300000	TRUE	0.351796325680644	4.08027906657702	20.9705888114937	0.000601272108298379	0.0455680071746872	TRUE	TRUE	weak_differential	up_in_mutant	#d73027
loop_4911	chr8	48675000	48700000	chr8	49825000	49850000	chr8:48675000-48700000_chr8:49825000-49850000	FALSE	-0.489783378570363	4.64772722334235	34.9840873885077	6.52668683446635e-05	0.0163097242074147	TRUE	TRUE	weak_differential	down_in_mutant	#4575b4
loop_4914	chr8	70900000	70925000	chr8	71775000	71800000	chr8:70900000-70925000_chr8:71775000-71800000	TRUE	0.553248237312558	3.56438042070752	62.439203306787	3.75150829567604e-06	0.00414462687550189	TRUE	TRUE	moderate_differential	up_in_mutant	#d73027
loop_4918	chr8	49800000	49825000	chr8	57300000	57325000	chr8:49800000-49825000_chr8:57300000-57325000	TRUE	1.75692245774895	1.66394932200179	128.55869766748	7.44815454412946e-08	0.000759372960282045	TRUE	TRUE	strong_differential	up_in_mutant	#d73027
loop_4921	chr8	36325000	36350000	chr8	112000000	112025000	chr8:36325000-36350000_chr8:112000000-112025000	TRUE	2.08939701644879	-0.850191346535324	48.1270974884265	1.44026625808873e-05	0.00889194971280602	TRUE	TRUE	strong_differential	up_in_mutant	#d73027
loop_5015	chr14	39525000	39550000	chr14	40275000	40300000	chr14:39525000-39550000_chr14:40275000-40300000	TRUE	0.259814985557651	4.5986495931055	20.4677763025981	0.000662543855885826	0.0483722620915744	TRUE	TRUE	weak_differential	up_in_mutant	#d73027
loop_5148	chr9	40850000	40875000	chr9	98950000	98975000	chr9:40850000-40875000_chr9:98950000-98975000	FALSE	-0.708620449718323	0.698271693673072	22.4746142629757	0.000453917412749939	0.0407187197052734	TRUE	TRUE	moderate_differential	down_in_mutant	#4575b4
loop_5243	chr11	79450000	79475000	chr11	80225000	80250000	chr11:79450000-79475000_chr11:80225000-80250000	TRUE	0.297355956025662	4.48548589630895	24.5304335334024	0.000315243571212899	0.0353865123172726	TRUE	TRUE	weak_differential	up_in_mutant	#d73027
loop_5278	chr11	84275000	84300000	chr11	86225000	86250000	chr11:84275000-84300000_chr11:86225000-86250000	FALSE	0.433060164641467	4.04739429825929	30.9513386797242	0.000114284407628885	0.0218085818230721	TRUE	TRUE	weak_differential	up_in_mutant	#d73027
loop_5289	chr11	84250000	84275000	chr11	86500000	86525000	chr11:84250000-84275000_chr11:86500000-86525000	FALSE	0.480356576808429	3.60046884664715	36.2203082440382	5.55122593273844e-05	0.014939203019758	TRUE	TRUE	weak_differential	up_in_mutant	#d73027
loop_5346	chr13	94450000	94475000	chr13	94925000	94950000	chr13:94450000-94475000_chr13:94925000-94950000	FALSE	0.373433763038163	5.19381207562145	44.3895468204287	2.09691587442101e-05	0.0105621375536239	TRUE	TRUE	weak_differential	up_in_mutant	#d73027
loop_5386	chr13	13875000	13900000	chr13	14600000	14625000	chr13:13875000-13900000_chr13:14600000-14625000	FALSE	-0.284108433906636	4.27939818393836	20.6773920848101	0.000636154976744476	0.0470194687212792	TRUE	TRUE	weak_differential	down_in_mutant	#4575b4
loop_5394	chr13	25725000	25750000	chr13	29825000	29850000	chr13:25725000-25750000_chr13:29825000-29850000	FALSE	0.430036531752292	3.17767648227701	38.2186444498355	4.31079279776964e-05	0.0141387214545522	TRUE	TRUE	weak_differential	up_in_mutant	#d73027
loop_5404	chr13	49650000	49675000	chr13	59800000	59825000	chr13:49650000-49675000_chr13:59800000-59825000	TRUE	0.495071578132954	1.70623437900597	23.0681613397676	0.000407613983903724	0.0388828366597266	TRUE	TRUE	weak_differential	up_in_mutant	#d73027
loop_5406	chr13	59775000	59800000	chr13	100050000	100075000	chr13:59775000-59800000_chr13:100050000-100075000	TRUE	0.755230892503434	1.29073704436998	40.899247489546	3.11951890889894e-05	0.0130435399402478	TRUE	TRUE	moderate_differential	up_in_mutant	#d73027
loop_5654	chr16	72975000	73000000	chr16	74675000	74700000	chr16:72975000-73000000_chr16:74675000-74700000	FALSE	0.327293869987445	4.01049621954913	23.9748386903897	0.000347125757363049	0.0373532799028656	TRUE	TRUE	weak_differential	up_in_mutant	#d73027
loop_5774	chr17	15050000	15075000	chr17	15725000	15750000	chr17:15050000-15075000_chr17:15725000-15750000	TRUE	-0.425636025829636	4.22201553635438	37.8351249868319	4.52148180558494e-05	0.0141657350120946	TRUE	TRUE	weak_differential	down_in_mutant	#4575b4
loop_6044	chr18	30325000	30350000	chr18	32075000	32100000	chr18:30325000-30350000_chr18:32075000-32100000	FALSE	0.442915050609512	3.39125698310845	36.8815518477483	5.09961768894879e-05	0.0146260318761259	TRUE	TRUE	weak_differential	up_in_mutant	#d73027
loop_6143	chr2	146625000	146650000	chr2	146875000	146900000	chr2:146625000-146650000_chr2:146875000-146900000	TRUE	0.229349325711134	5.64099688067896	22.0402787848126	0.000491597207906467	0.0419476300453847	TRUE	TRUE	weak_differential	up_in_mutant	#d73027
loop_6271	chr2	121975000	122000000	chr2	126825000	126850000	chr2:121975000-122000000_chr2:126825000-126850000	TRUE	0.399539608789113	3.4945156261653	25.9666151977005	0.000247446859254659	0.0322254610379367	TRUE	TRUE	weak_differential	up_in_mutant	#d73027
loop_6291	chr2	91550000	91575000	chr2	128625000	128650000	chr2:91550000-91575000_chr2:128625000-128650000	TRUE	0.651416054857661	1.17372788960982	22.3612198737389	0.000463408460478081	0.0410439113666472	TRUE	TRUE	moderate_differential	up_in_mutant	#d73027
loop_6306	chr3	151825000	151850000	chr3	152050000	152075000	chr3:151825000-151850000_chr3:152050000-152075000	FALSE	0.224167815487629	6.09255885881903	22.1196373624418	0.000484435201579893	0.0419476300453847	TRUE	TRUE	weak_differential	up_in_mutant	#d73027
loop_6398	chr3	100750000	100775000	chr3	101450000	101475000	chr3:100750000-100775000_chr3:101450000-101475000	TRUE	0.521955395219656	2.91157023574492	37.2637368256119	4.85821194748286e-05	0.0143777093235225	TRUE	TRUE	moderate_differential	up_in_mutant	#d73027
loop_6571	chr4	32700000	32725000	chr4	34625000	34650000	chr4:32700000-32725000_chr4:34625000-34650000	TRUE	0.51187748945053	4.09474933492305	58.7188577301264	5.15187441229887e-06	0.00470186938211155	TRUE	TRUE	moderate_differential	up_in_mutant	#d73027
loop_6585	chr4	32700000	32725000	chr4	41000000	41025000	chr4:32700000-32725000_chr4:41000000-41025000	FALSE	0.447916852652472	3.07944859449395	36.7951995426923	5.15614481841415e-05	0.0146260318761259	TRUE	TRUE	weak_differential	up_in_mutant	#d73027
loop_6723	chr5	108850000	108875000	chr5	110000000	110025000	chr5:108850000-108875000_chr5:110000000-110025000	FALSE	0.263349921683601	4.82896904625531	26.0579290429233	0.000243744253391318	0.0322254610379367	TRUE	TRUE	weak_differential	up_in_mutant	#d73027
loop_6730	chr5	29600000	29625000	chr5	32900000	32925000	chr5:29600000-29625000_chr5:32900000-32925000	TRUE	0.44794949136839	2.82285185434334	28.6579038738563	0.000161089486498146	0.026010995469866	TRUE	TRUE	weak_differential	up_in_mutant	#d73027
loop_6807	chr6	18900000	18925000	chr6	19200000	19225000	chr6:18900000-18925000_chr6:19200000-19225000	FALSE	-0.317092296350967	4.81695414691846	39.619425613581	3.63237944302658e-05	0.0138631412524675	TRUE	TRUE	weak_differential	down_in_mutant	#4575b4
loop_7111	chr10	45675000	45700000	chr10	46225000	46250000	chr10:45675000-45700000_chr10:46225000-46250000	TRUE	0.445828335103364	3.83180618254359	40.484210145549	3.27572328565214e-05	0.0132232129786777	TRUE	TRUE	weak_differential	up_in_mutant	#d73027
loop_7201	chr8	80475000	80500000	chr8	81025000	81050000	chr8:80475000-80500000_chr8:81025000-81050000	TRUE	-0.390934987826984	3.74810097708935	20.9094089281957	0.00060836334299072	0.0457889156585574	TRUE	TRUE	weak_differential	down_in_mutant	#4575b4
loop_7202	chr8	49650000	49675000	chr8	57300000	57325000	chr8:49650000-49675000_chr8:57300000-57325000	TRUE	2.34333028913408	2.06408319942258	284.787638172735	7.55287304085948e-10	1.58542358000681e-05	TRUE	TRUE	strong_differential	up_in_mutant	#d73027
loop_7417	chr11	84300000	84325000	chr11	87025000	87050000	chr11:84300000-84325000_chr11:87025000-87050000	FALSE	0.469651237875856	3.10781045395617	36.3748124017226	5.44172438854407e-05	0.014939203019758	TRUE	TRUE	weak_differential	up_in_mutant	#d73027
loop_7481	chr13	12425000	12450000	chr13	49700000	49725000	chr13:12425000-12450000_chr13:49700000-49725000	TRUE	0.531641522613918	2.2293595703963	23.6761373502368	0.000365823236354639	0.0374585148991231	TRUE	TRUE	moderate_differential	up_in_mutant	#d73027
loop_7483	chr13	12400000	12425000	chr13	100625000	100650000	chr13:12400000-12425000_chr13:100625000-100650000	FALSE	0.65226215155329	1.4486613684746	31.0890490517345	0.000112028270536061	0.021574178227729	TRUE	TRUE	moderate_differential	up_in_mutant	#d73027
loop_7688	chr17	74650000	74675000	chr17	80250000	80275000	chr17:74650000-74675000_chr17:80250000-80275000	TRUE	0.315032389993513	3.57134123491821	23.3034116238491	0.000390802148296933	0.0388082081825754	TRUE	TRUE	weak_differential	up_in_mutant	#d73027
loop_7840	chr18	31675000	31700000	chr18	32200000	32225000	chr18:31675000-31700000_chr18:32200000-32225000	TRUE	0.32772900784185	4.29866885443605	20.1862571000647	0.00070002038547142	0.0499800269096278	TRUE	TRUE	weak_differential	up_in_mutant	#d73027
loop_7853	chr18	31675000	31700000	chr18	36600000	36625000	chr18:31675000-31700000_chr18:36600000-36625000	TRUE	0.620633129979945	2.73284795499864	42.2050048650688	2.68043479892891e-05	0.0119712780562376	TRUE	TRUE	moderate_differential	up_in_mutant	#d73027
loop_7946	chr2	100300000	100325000	chr2	101150000	101175000	chr2:100300000-100325000_chr2:101150000-101175000	FALSE	0.344558378089426	4.98790170465588	23.983289361599	0.000346613102363436	0.0373532799028656	TRUE	TRUE	weak_differential	up_in_mutant	#d73027
loop_7976	chr2	128650000	128675000	chr2	130775000	130800000	chr2:128650000-128675000_chr2:130775000-130800000	TRUE	0.318866500696645	3.44548272293506	20.9073926595445	0.000608599279154757	0.0457889156585574	TRUE	TRUE	weak_differential	up_in_mutant	#d73027
loop_7982	chr2	23175000	23200000	chr2	37375000	37400000	chr2:23175000-23200000_chr2:37375000-37400000	TRUE	0.493026978476286	2.76142956365474	21.0605382239585	0.000591028193210055	0.0455680071746872	TRUE	TRUE	weak_differential	up_in_mutant	#d73027
loop_7994	chr3	151800000	151825000	chr3	152075000	152100000	chr3:151800000-151825000_chr3:152075000-152100000	FALSE	0.245001429447069	5.96025528364593	23.1320591255334	0.000402953174903206	0.0388828366597266	TRUE	TRUE	weak_differential	up_in_mutant	#d73027
loop_8041	chr3	100750000	100775000	chr3	101425000	101450000	chr3:100750000-100775000_chr3:101425000-101450000	TRUE	0.54194912428281	3.00276640186335	39.697471805797	3.59846540677544e-05	0.0138631412524675	TRUE	TRUE	moderate_differential	up_in_mutant	#d73027
loop_8062	chr3	96325000	96350000	chr3	99225000	99250000	chr3:96325000-96350000_chr3:99225000-99250000	FALSE	-0.653201381295218	3.03021097505389	24.7829417669486	0.000301893545834071	0.0347827822534805	TRUE	TRUE	moderate_differential	down_in_mutant	#4575b4
loop_8063	chr3	66950000	66975000	chr3	129200000	129225000	chr3:66950000-66975000_chr3:129200000-129225000	FALSE	-0.531668368761095	2.0632054020486	32.1675958121025	9.59927009057598e-05	0.0203861789965565	TRUE	TRUE	moderate_differential	down_in_mutant	#4575b4
loop_8150	chr4	32725000	32750000	chr4	34625000	34650000	chr4:32725000-32750000_chr4:34625000-34650000	TRUE	0.45895623897176	3.98915209927405	37.2556105116361	4.86311925096516e-05	0.0143777093235225	TRUE	TRUE	weak_differential	up_in_mutant	#d73027
loop_8159	chr4	13225000	13250000	chr4	14425000	14450000	chr4:13225000-13250000_chr4:14425000-14450000	FALSE	-0.387265143917776	3.47506308564002	22.3976432058396	0.000460288648742238	0.0409403348548658	TRUE	TRUE	weak_differential	down_in_mutant	#4575b4
loop_8448	chr8	36200000	36225000	chr8	36325000	36350000	chr8:36200000-36225000_chr8:36325000-36350000	FALSE	0.270737464405984	6.8006422635122	23.030181131189	0.000410386809703766	0.0388828366597266	TRUE	TRUE	weak_differential	up_in_mutant	#d73027
loop_8483	chr8	35575000	35600000	chr8	35700000	35725000	chr8:35575000-35600000_chr8:35700000-35725000	FALSE	0.261139893418387	6.7281321472719	21.5217753289115	0.000541550671217122	0.0437218851519947	TRUE	TRUE	weak_differential	up_in_mutant	#d73027
loop_8498	chr8	71125000	71150000	chr8	71825000	71850000	chr8:71125000-71150000_chr8:71825000-71850000	FALSE	0.612032596922294	5.89069387379917	114.172931820384	1.44704484832937e-07	0.000759372960282045	TRUE	TRUE	moderate_differential	up_in_mutant	#d73027
loop_8505	chr8	36825000	36850000	chr8	37050000	37075000	chr8:36825000-36850000_chr8:37050000-37075000	FALSE	0.300406204486293	6.67428553007923	21.8432429655535	0.00050991956838351	0.0428203447531492	TRUE	TRUE	weak_differential	up_in_mutant	#d73027
loop_8507	chr8	35725000	35750000	chr8	35825000	35850000	chr8:35725000-35750000_chr8:35825000-35850000	FALSE	0.300027196438002	6.93642003026124	22.0730337031139	0.000488626220938208	0.0419476300453847	TRUE	TRUE	weak_differential	up_in_mutant	#d73027
loop_8522	chr8	26675000	26700000	chr8	26975000	27000000	chr8:26675000-26700000_chr8:26975000-27000000	FALSE	-0.212317815626156	5.87038827761778	21.5806771433086	0.000535587533035062	0.0437218851519947	TRUE	TRUE	weak_differential	down_in_mutant	#4575b4
loop_8561	chr8	34875000	34900000	chr8	35450000	35475000	chr8:34875000-34900000_chr8:35450000-35475000	FALSE	0.341771745888228	5.80607026315756	54.0479190180308	7.86526644256131e-06	0.0063499926113771	TRUE	TRUE	weak_differential	up_in_mutant	#d73027
loop_8562	chr8	34875000	34900000	chr8	35150000	35175000	chr8:34875000-34900000_chr8:35150000-35175000	FALSE	0.237294982863676	6.04424832162317	27.5199881079892	0.000192431771373168	0.0290599662798142	TRUE	TRUE	weak_differential	up_in_mutant	#d73027
loop_8570	chr8	34200000	34225000	chr8	34475000	34500000	chr8:34200000-34225000_chr8:34475000-34500000	FALSE	0.239429747599346	6.11676297609583	25.5473559635378	0.000265307016676051	0.0329018856729484	TRUE	TRUE	weak_differential	up_in_mutant	#d73027
loop_8573	chr8	35175000	35200000	chr8	35450000	35475000	chr8:35175000-35200000_chr8:35450000-35475000	TRUE	0.233079790079192	5.91892181098406	21.2613209783695	0.000568864448634716	0.0442260505233012	TRUE	TRUE	weak_differential	up_in_mutant	#d73027
loop_8574	chr8	35475000	35500000	chr8	35700000	35725000	chr8:35475000-35500000_chr8:35700000-35725000	FALSE	0.230701355866935	5.9855660143866	23.0152746561456	0.00041148785558449	0.0388828366597266	TRUE	TRUE	weak_differential	up_in_mutant	#d73027
loop_8599	chr8	68825000	68850000	chr8	69000000	69025000	chr8:68825000-68850000_chr8:69000000-69025000	TRUE	0.280677228616446	6.66439436130689	24.563701281213	0.000313445226332207	0.0353865123172726	TRUE	TRUE	weak_differential	up_in_mutant	#d73027
loop_8600	chr8	34375000	34400000	chr8	34800000	34825000	chr8:34375000-34400000_chr8:34800000-34825000	FALSE	0.2393796558377	5.55422655758579	26.4244897757172	0.000229518581933589	0.0319061228699866	TRUE	TRUE	weak_differential	up_in_mutant	#d73027
loop_8601	chr8	36200000	36225000	chr8	36500000	36525000	chr8:36200000-36225000_chr8:36500000-36525000	FALSE	0.261904106434477	5.49839032449507	26.3408056071204	0.000232679069331943	0.0319226558454041	TRUE	TRUE	weak_differential	up_in_mutant	#d73027
loop_8603	chr8	40150000	40175000	chr8	40400000	40425000	chr8:40150000-40175000_chr8:40400000-40425000	FALSE	0.263051400633818	6.33044347537615	23.4377035700797	0.000381575413373836	0.0385079302987028	TRUE	TRUE	weak_differential	up_in_mutant	#d73027
loop_8640	chr8	127325000	127350000	chr8	128350000	128375000	chr8:127325000-127350000_chr8:128350000-128375000	FALSE	-0.268555838752673	5.22291233892148	24.554353304076	0.000313949343436393	0.0353865123172726	TRUE	TRUE	weak_differential	down_in_mutant	#4575b4
loop_8652	chr8	35725000	35750000	chr8	36175000	36200000	chr8:35725000-35750000_chr8:36175000-36200000	FALSE	0.246117292686532	5.13837405224642	20.263803472892	0.000689455625305634	0.0493937304805139	TRUE	TRUE	weak_differential	up_in_mutant	#d73027
loop_8658	chr8	69400000	69425000	chr8	69500000	69525000	chr8:69400000-69425000_chr8:69500000-69525000	FALSE	0.382745734358905	8.04867216936105	21.5217763789245	0.000541550551475455	0.0437218851519947	TRUE	TRUE	weak_differential	up_in_mutant	#d73027
loop_8663	chr8	79025000	79050000	chr8	79275000	79300000	chr8:79025000-79050000_chr8:79275000-79300000	FALSE	-0.295281965473378	5.43454934166131	36.988684442793	5.0305211266517e-05	0.0146260318761259	TRUE	TRUE	weak_differential	down_in_mutant	#4575b4
loop_8667	chr8	36525000	36550000	chr8	37050000	37075000	chr8:36525000-36550000_chr8:37050000-37075000	FALSE	0.424038596320175	4.95080205696194	65.7757921386844	2.86059666079519e-06	0.00375292403167199	TRUE	TRUE	weak_differential	up_in_mutant	#d73027
loop_8686	chr8	33200000	33225000	chr8	33700000	33725000	chr8:33200000-33225000_chr8:33700000-33725000	FALSE	0.286146315637354	5.42833492588045	34.7275484742438	6.75335354551658e-05	0.0166776052086987	TRUE	TRUE	weak_differential	up_in_mutant	#d73027
loop_8689	chr8	35475000	35500000	chr8	35825000	35850000	chr8:35475000-35500000_chr8:35825000-35850000	TRUE	0.290141371119224	5.35639507872335	37.2852845983206	4.8449025965932e-05	0.0143777093235225	TRUE	TRUE	weak_differential	up_in_mutant	#d73027
loop_8691	chr8	100925000	100950000	chr8	102775000	102800000	chr8:100925000-100950000_chr8:102775000-102800000	FALSE	-0.358050666391672	4.78137498267865	23.0478563639401	0.000409085897857507	0.0388828366597266	TRUE	TRUE	weak_differential	down_in_mutant	#4575b4
loop_8756	chr8	57525000	57550000	chr8	57950000	57975000	chr8:57525000-57550000_chr8:57950000-57975000	TRUE	-0.286612991838381	4.42699693080926	22.1647025682488	0.000480422611005593	0.0419476300453847	TRUE	TRUE	weak_differential	down_in_mutant	#4575b4
loop_8759	chr8	37125000	37150000	chr8	38800000	38825000	chr8:37125000-37150000_chr8:38800000-38825000	FALSE	0.323931410513451	5.36183940194196	21.7998922256311	0.000514056988122746	0.0428788216893782	TRUE	TRUE	weak_differential	up_in_mutant	#d73027
loop_8766	chr8	34175000	34200000	chr8	35450000	35475000	chr8:34175000-34200000_chr8:35450000-35475000	FALSE	0.278096123475218	4.37058707671022	21.4743541819116	0.000546408237855968	0.0439450395434277	TRUE	TRUE	weak_differential	up_in_mutant	#d73027
loop_8779	chr8	48200000	48225000	chr8	49825000	49850000	chr8:48200000-48225000_chr8:49825000-49850000	FALSE	-0.694673289419943	4.1864471867325	117.881866670826	1.21067693344344e-07	0.000759372960282045	TRUE	TRUE	moderate_differential	down_in_mutant	#4575b4
loop_8804	chr8	40600000	40625000	chr8	41225000	41250000	chr8:40600000-40625000_chr8:41225000-41250000	TRUE	0.247957879359564	5.14468537559392	20.7295040098856	0.000629785650049316	0.0467131822621385	TRUE	TRUE	weak_differential	up_in_mutant	#d73027
loop_8812	chr8	37125000	37150000	chr8	39050000	39075000	chr8:37125000-37150000_chr8:39050000-39075000	FALSE	0.310247061428104	4.89708219328019	28.4935269855062	0.000165224906957423	0.0264750841369715	TRUE	TRUE	weak_differential	up_in_mutant	#d73027
loop_8828	chr8	80475000	80500000	chr8	81000000	81025000	chr8:80475000-80500000_chr8:81000000-81025000	TRUE	-0.397021525918184	3.6889130848426	32.3652898900317	9.33489537347818e-05	0.0203861789965565	TRUE	TRUE	weak_differential	down_in_mutant	#4575b4
loop_8829	chr8	17375000	17400000	chr8	18325000	18350000	chr8:17375000-17400000_chr8:18325000-18350000	FALSE	-0.342442821218906	4.12073007549171	21.7184722266318	0.000521934303251625	0.0433040433183987	TRUE	TRUE	weak_differential	down_in_mutant	#4575b4
loop_8834	chr8	89025000	89050000	chr8	92350000	92375000	chr8:89025000-89050000_chr8:92350000-92375000	FALSE	-0.754770939390441	1.99342806466595	44.3256796248451	2.11184763986e-05	0.0105621375536239	TRUE	TRUE	moderate_differential	down_in_mutant	#4575b4
loop_8841	chr8	36200000	36225000	chr8	37050000	37075000	chr8:36200000-36225000_chr8:37050000-37075000	FALSE	0.526177264790519	3.50349532048126	43.7565321202199	2.24924690914204e-05	0.0105621375536239	TRUE	TRUE	moderate_differential	up_in_mutant	#d73027
loop_8845	chr8	12375000	12400000	chr8	89025000	89050000	chr8:12375000-12400000_chr8:89025000-89050000	FALSE	-1.23338733335528	0.770993949407206	80.5061177280741	9.80496955326782e-07	0.00205816115892645	TRUE	TRUE	strong_differential	down_in_mutant	#4575b4
loop_8846	chr8	57325000	57350000	chr8	108225000	108250000	chr8:57325000-57350000_chr8:108225000-108250000	TRUE	-0.699352595907757	1.17079790698638	30.6898175401781	0.000118744611906398	0.0223169101301851	TRUE	TRUE	moderate_differential	down_in_mutant	#4575b4
loop_8847	chr8	12375000	12400000	chr8	57325000	57350000	chr8:12375000-12400000_chr8:57325000-57350000	TRUE	-0.960055279119097	0.55197375372104	28.3855514740338	0.000168052982853241	0.0265233094967848	TRUE	TRUE	moderate_differential	down_in_mutant	#4575b4
loop_9085	chr14	115825000	115850000	chr14	117925000	117950000	chr14:115825000-115850000_chr14:117925000-117950000	FALSE	-0.291075849126517	4.20866429436242	22.8534640533052	0.000423664152669855	0.039346450025301	TRUE	TRUE	weak_differential	down_in_mutant	#4575b4
loop_9183	chr14	104450000	104475000	chr14	118225000	118250000	chr14:104450000-104475000_chr14:118225000-118250000	FALSE	-0.626072551818061	1.84015455859624	21.9462314516954	0.000500262738537671	0.0423428030025978	TRUE	TRUE	moderate_differential	down_in_mutant	#4575b4
loop_9198	chr14	63225000	63250000	chr14	104450000	104475000	chr14:63225000-63250000_chr14:104450000-104475000	FALSE	-0.696338879024308	1.01046517831211	23.2875592155551	0.00039194607854347	0.0388082081825754	TRUE	TRUE	moderate_differential	down_in_mutant	#4575b4
loop_9475	chr9	71200000	71225000	chr9	71450000	71475000	chr9:71200000-71225000_chr9:71450000-71475000	FALSE	0.250723990981131	6.1170123194807	25.4405428662661	0.000270094691981176	0.0329018856729484	TRUE	TRUE	weak_differential	up_in_mutant	#d73027
loop_9583	chr9	40875000	40900000	chr9	41575000	41600000	chr9:40875000-40900000_chr9:41575000-41600000	TRUE	-0.452292326043221	4.5557855651343	43.696717940522	2.26428559817576e-05	0.0105621375536239	TRUE	TRUE	weak_differential	down_in_mutant	#4575b4
loop_9644	chr9	69750000	69775000	chr9	74850000	74875000	chr9:69750000-69775000_chr9:74850000-74875000	FALSE	-0.595063304934702	2.39066769052853	27.0587336221709	0.000207131528472411	0.0295775368310501	TRUE	TRUE	moderate_differential	down_in_mutant	#4575b4
loop_9651	chr9	87725000	87750000	chr9	99850000	99875000	chr9:87725000-87750000_chr9:99850000-99875000	FALSE	-0.586563640110496	1.48644119334961	22.0499197740938	0.000490740907489655	0.0419476300453847	TRUE	TRUE	moderate_differential	down_in_mutant	#4575b4
loop_9653	chr9	40875000	40900000	chr9	69750000	69775000	chr9:40875000-40900000_chr9:69750000-69775000	FALSE	-0.711957280151836	1.28363225159075	21.0151233674587	0.000596204180327907	0.0455680071746872	TRUE	TRUE	moderate_differential	down_in_mutant	#4575b4
loop_9656	chr9	40875000	40900000	chr9	74850000	74875000	chr9:40875000-40900000_chr9:74850000-74875000	FALSE	-0.690527358393859	1.34543286699072	30.2623893111718	0.000126450502022779	0.0228820904134496	TRUE	TRUE	moderate_differential	down_in_mutant	#4575b4
loop_9657	chr9	55525000	55550000	chr9	74850000	74875000	chr9:55525000-55550000_chr9:74850000-74875000	FALSE	-0.705936081443634	1.10975370350315	31.6946233087606	0.000102678152213653	0.0203861789965565	TRUE	TRUE	moderate_differential	down_in_mutant	#4575b4
loop_9660	chr9	40875000	40900000	chr9	87725000	87750000	chr9:40875000-40900000_chr9:87725000-87750000	FALSE	-0.662301418427724	0.833434476136738	20.9707203229989	0.000601321422866389	0.0455680071746872	TRUE	TRUE	moderate_differential	down_in_mutant	#4575b4
loop_9925	chr11	3525000	3550000	chr11	3900000	3925000	chr11:3525000-3550000_chr11:3900000-3925000	FALSE	-0.260863410504919	5.96912272375096	25.9796834122423	0.000246912307657919	0.0322254610379367	TRUE	TRUE	weak_differential	down_in_mutant	#4575b4
loop_10081	chr11	46850000	46875000	chr11	48750000	48775000	chr11:46850000-46875000_chr11:48750000-48775000	FALSE	0.364224320281175	5.25030847098534	23.8323427678016	0.000355898050620414	0.0373532799028656	TRUE	TRUE	weak_differential	up_in_mutant	#d73027
loop_10149	chr11	85825000	85850000	chr11	96175000	96200000	chr11:85825000-85850000_chr11:96175000-96200000	TRUE	-0.540374045603432	2.58961695713114	31.7589553569154	0.000101729398766467	0.0203861789965565	TRUE	TRUE	moderate_differential	down_in_mutant	#4575b4
loop_10155	chr11	85825000	85850000	chr11	96000000	96025000	chr11:85825000-85850000_chr11:96000000-96025000	TRUE	-0.726864890897287	1.96223052011494	52.7413775917977	8.90233483992965e-06	0.00667388966517726	TRUE	TRUE	moderate_differential	down_in_mutant	#4575b4
loop_10329	chr13	9175000	9200000	chr13	9825000	9850000	chr13:9175000-9200000_chr13:9825000-9850000	FALSE	-0.24581933739691	5.27145243240851	25.6223232510852	0.000262005829542799	0.0327366926662672	TRUE	TRUE	weak_differential	down_in_mutant	#4575b4
loop_10524	chr13	94700000	94725000	chr13	98350000	98375000	chr13:94700000-94725000_chr13:98350000-98375000	FALSE	-0.450751533510876	3.59715812371632	40.3072017217959	3.34528499596812e-05	0.0132492221415787	TRUE	TRUE	weak_differential	down_in_mutant	#4575b4
loop_10591	chr13	98350000	98375000	chr13	116300000	116325000	chr13:98350000-98375000_chr13:116300000-116325000	FALSE	-0.70451688849716	1.40901582890641	29.3123931355668	0.000145773784175559	0.0244189885990721	TRUE	TRUE	moderate_differential	down_in_mutant	#4575b4
loop_10599	chr13	22000000	22025000	chr13	94875000	94900000	chr13:22000000-22025000_chr13:94875000-94900000	FALSE	-0.770961779964512	0.917750134990774	23.2993413351515	0.00039112940874957	0.0388082081825754	TRUE	TRUE	moderate_differential	down_in_mutant	#4575b4
loop_10607	chr13	22000000	22025000	chr13	98350000	98375000	chr13:22000000-22025000_chr13:98350000-98375000	TRUE	-0.903974370864329	0.156877412223772	25.8398455102678	0.000252796010704304	0.0325548531330922	TRUE	TRUE	moderate_differential	down_in_mutant	#4575b4
loop_10777	chr12	118450000	118475000	chr12	118825000	118850000	chr12:118450000-118475000_chr12:118825000-118850000	FALSE	0.22889913883955	5.60829978104071	22.5552596155805	0.000447220969956055	0.0402901947654402	TRUE	TRUE	weak_differential	up_in_mutant	#d73027
loop_10826	chr12	57275000	57300000	chr12	57775000	57800000	chr12:57275000-57300000_chr12:57775000-57800000	FALSE	0.259956379878192	5.36678409474565	28.7048166475029	0.000159928057212853	0.026010995469866	TRUE	TRUE	weak_differential	up_in_mutant	#d73027
loop_10875	chr12	49375000	49400000	chr12	56675000	56700000	chr12:49375000-49400000_chr12:56675000-56700000	FALSE	-0.392411946958903	3.20669846884235	30.5259043032231	0.000121622144286931	0.0223169101301851	TRUE	TRUE	weak_differential	down_in_mutant	#4575b4
loop_10950	chr12	11350000	11375000	chr12	11900000	11925000	chr12:11350000-11375000_chr12:11900000-11925000	TRUE	0.29056640984897	4.71896019666085	28.4304535796562	0.000166845529740282	0.0265233094967848	TRUE	TRUE	weak_differential	up_in_mutant	#d73027
loop_10974	chr12	56675000	56700000	chr12	73025000	73050000	chr12:56675000-56700000_chr12:73025000-73050000	FALSE	-0.783604647339721	1.43392946640145	34.1912180828962	7.25805863328121e-05	0.0175119435369202	TRUE	TRUE	moderate_differential	down_in_mutant	#4575b4
loop_11579	chr16	78625000	78650000	chr16	78950000	78975000	chr16:78625000-78650000_chr16:78950000-78975000	TRUE	0.303845504295263	5.68707038348197	22.9141137356412	0.000419051464886078	0.0392590133394075	TRUE	TRUE	weak_differential	up_in_mutant	#d73027
loop_11648	chr16	91225000	91250000	chr16	94075000	94100000	chr16:91225000-91250000_chr16:94075000-94100000	FALSE	-0.746737347898773	3.29401388355571	53.6258055886169	8.18406230249719e-06	0.00636265377006365	TRUE	TRUE	moderate_differential	down_in_mutant	#4575b4
loop_12466	chr1	124700000	124725000	chr1	125350000	125375000	chr1:124700000-124725000_chr1:125350000-125375000	FALSE	0.322412267368637	5.28612260923903	38.7466613265772	4.0390166132867e-05	0.0139417069502811	TRUE	TRUE	weak_differential	up_in_mutant	#d73027
loop_12572	chr1	138125000	138150000	chr1	139150000	139175000	chr1:138125000-138150000_chr1:139150000-139175000	FALSE	0.275953748887858	4.65064920900394	25.2735968680112	0.000277780994331584	0.0335109244368636	TRUE	TRUE	weak_differential	up_in_mutant	#d73027
loop_12586	chr1	99775000	99800000	chr1	100200000	100225000	chr1:99775000-99800000_chr1:100200000-100225000	FALSE	0.297059753790254	5.62580055657644	22.6787639049782	0.000437283918383219	0.0400028187736519	TRUE	TRUE	weak_differential	up_in_mutant	#d73027
loop_12984	chr18	53450000	53475000	chr18	80975000	81000000	chr18:53450000-53475000_chr18:80975000-81000000	FALSE	-0.758416610180067	0.632534922087026	24.9925158287117	0.000291358531214297	0.0341670778140744	TRUE	TRUE	moderate_differential	down_in_mutant	#4575b4
loop_12985	chr18	11050000	11075000	chr18	53450000	53475000	chr18:11050000-11075000_chr18:53450000-53475000	FALSE	-0.645509250854806	1.13397690790953	26.8764967436061	0.000213309076212826	0.0300508108643183	TRUE	TRUE	moderate_differential	down_in_mutant	#4575b4
loop_13109	chr19	43600000	43625000	chr19	45225000	45250000	chr19:43600000-43625000_chr19:45225000-45250000	FALSE	-0.433887422733374	4.05549020846173	51.1674302481554	1.03686487621156e-05	0.00725494353885231	TRUE	TRUE	weak_differential	down_in_mutant	#4575b4
loop_13141	chr19	43600000	43625000	chr19	44725000	44750000	chr19:43600000-43625000_chr19:44725000-44750000	FALSE	-0.313251823856758	4.45049627863357	28.0936872092296	0.000175818289515372	0.0269386986512202	TRUE	TRUE	weak_differential	down_in_mutant	#4575b4
loop_13154	chr19	59150000	59175000	chr19	59450000	59475000	chr19:59150000-59175000_chr19:59450000-59475000	TRUE	-0.431653425377823	4.3223455842348	41.5490084675961	2.89111846193285e-05	0.0123851974764148	TRUE	TRUE	weak_differential	down_in_mutant	#4575b4
loop_13156	chr19	43600000	43625000	chr19	45150000	45175000	chr19:43600000-43625000_chr19:45150000-45175000	FALSE	-0.417871141604092	4.22234605744751	47.3278003519706	1.52980021359354e-05	0.00892548224446901	TRUE	TRUE	weak_differential	down_in_mutant	#4575b4
loop_13163	chr19	11350000	11375000	chr19	11750000	11775000	chr19:11350000-11375000_chr19:11750000-11775000	FALSE	0.337559587381238	5.5892472247369	25.093882475051	0.00028634135753948	0.033958143706843	TRUE	TRUE	weak_differential	up_in_mutant	#d73027
loop_13214	chr19	43600000	43625000	chr19	59175000	59200000	chr19:43600000-43625000_chr19:59175000-59200000	TRUE	-0.565140239231705	1.69601443442863	27.3549469078529	0.000197554742685814	0.0293576746073575	TRUE	TRUE	moderate_differential	down_in_mutant	#4575b4
loop_13562	chr2	147375000	147400000	chr2	147650000	147675000	chr2:147375000-147400000_chr2:147650000-147675000	FALSE	0.246794785364744	6.18488671974926	21.0454881468749	0.000592721289877003	0.0455680071746872	TRUE	TRUE	weak_differential	up_in_mutant	#d73027
loop_13576	chr2	72225000	72250000	chr2	73275000	73300000	chr2:72225000-72250000_chr2:73275000-73300000	FALSE	0.252014508962823	4.99606079508751	21.6502231828353	0.000528645155089139	0.0435168252959848	TRUE	TRUE	weak_differential	up_in_mutant	#d73027
loop_13659	chr2	146825000	146850000	chr2	148025000	148050000	chr2:146825000-146850000_chr2:148025000-148050000	FALSE	-0.323979208919178	4.10501471501598	30.4900888522198	0.000122264049591315	0.0223169101301851	TRUE	TRUE	weak_differential	down_in_mutant	#4575b4
loop_13697	chr2	147075000	147100000	chr2	148025000	148050000	chr2:147075000-147100000_chr2:148025000-148050000	FALSE	-0.343872276604818	4.23238999717833	25.976442004178	0.000247044822073197	0.0322254610379367	TRUE	TRUE	weak_differential	down_in_mutant	#4575b4
loop_13852	chr2	146700000	146725000	chr2	148025000	148050000	chr2:146700000-146725000_chr2:148025000-148050000	FALSE	-0.320293236725632	3.79327486605984	27.536217922268	0.000191937679208285	0.0290599662798142	TRUE	TRUE	weak_differential	down_in_mutant	#4575b4
loop_13860	chr2	70550000	70575000	chr2	71525000	71550000	chr2:70550000-70575000_chr2:71525000-71550000	FALSE	-0.443004966512693	3.06359598592654	26.273407031986	0.000235263799932887	0.0319660989633029	TRUE	TRUE	weak_differential	down_in_mutant	#4575b4
loop_13925	chr2	70550000	70575000	chr2	74650000	74675000	chr2:70550000-70575000_chr2:74650000-74675000	TRUE	-0.824127917492736	1.87215195240173	45.1571807393526	1.92816239972813e-05	0.0103779633160752	TRUE	TRUE	moderate_differential	down_in_mutant	#4575b4
loop_13932	chr2	74675000	74700000	chr2	148025000	148050000	chr2:74675000-74700000_chr2:148025000-148050000	TRUE	-0.865475363360994	0.797828490308712	35.4049837069922	6.17491628399225e-05	0.0158070326484489	TRUE	TRUE	moderate_differential	down_in_mutant	#4575b4
loop_13933	chr2	116050000	116075000	chr2	147075000	147100000	chr2:116050000-116075000_chr2:147075000-147100000	FALSE	-0.621474917831485	1.090257715802	20.1675347265862	0.00070265217558878	0.0499978705687596	TRUE	TRUE	moderate_differential	down_in_mutant	#4575b4
loop_14252	chr3	18050000	18075000	chr3	18900000	18925000	chr3:18050000-18075000_chr3:18900000-18925000	FALSE	-0.228854405805215	4.96352104674008	21.1218408397994	0.000584150903876904	0.0452469063589671	TRUE	TRUE	weak_differential	down_in_mutant	#4575b4
loop_14489	chr3	96325000	96350000	chr3	129200000	129225000	chr3:96325000-96350000_chr3:129200000-129225000	FALSE	-0.727688901185226	2.3113080189573	60.4256169723251	4.44531419763878e-06	0.00433721735413281	TRUE	TRUE	moderate_differential	down_in_mutant	#4575b4
loop_14492	chr3	66975000	67000000	chr3	129200000	129225000	chr3:66975000-67000000_chr3:129200000-129225000	FALSE	-0.465336299088284	1.9982566429721	23.1200374401537	0.000403834232628572	0.0388828366597266	TRUE	TRUE	weak_differential	down_in_mutant	#4575b4
loop_14493	chr3	66950000	66975000	chr3	99250000	99275000	chr3:66950000-66975000_chr3:99250000-99275000	TRUE	-0.653019052631437	1.87598096386079	22.1111528793704	0.000485211683987057	0.0419476300453847	TRUE	TRUE	moderate_differential	down_in_mutant	#4575b4
loop_14494	chr3	129200000	129225000	chr3	154325000	154350000	chr3:129200000-129225000_chr3:154325000-154350000	FALSE	-0.700795371355458	1.2107272379609	28.1874023502746	0.000173281256960148	0.0269386986512202	TRUE	TRUE	moderate_differential	down_in_mutant	#4575b4
loop_14495	chr3	127625000	127650000	chr3	154325000	154350000	chr3:127625000-127650000_chr3:154325000-154350000	FALSE	-0.864117141800103	0.599089915592652	38.1816275257092	4.33180385793451e-05	0.0141387214545522	TRUE	TRUE	moderate_differential	down_in_mutant	#4575b4
loop_14497	chr3	30500000	30525000	chr3	66975000	67000000	chr3:30500000-30525000_chr3:66975000-67000000	TRUE	-0.743152693840237	0.76685992189542	23.2136057795951	0.000397169234501413	0.0388828366597266	TRUE	TRUE	moderate_differential	down_in_mutant	#4575b4
loop_14501	chr3	99250000	99275000	chr3	154325000	154350000	chr3:99250000-99275000_chr3:154325000-154350000	FALSE	-0.828478897975355	0.317708018970016	25.7337839178091	0.000257263334258191	0.0327366926662672	TRUE	TRUE	moderate_differential	down_in_mutant	#4575b4
loop_14891	chr4	21425000	21450000	chr4	21800000	21825000	chr4:21425000-21450000_chr4:21800000-21825000	FALSE	0.288498410804671	4.53239688438252	23.5832233592313	0.000371863707763067	0.0378921897556045	TRUE	TRUE	weak_differential	up_in_mutant	#d73027
loop_14893	chr4	44300000	44325000	chr4	44900000	44925000	chr4:44300000-44325000_chr4:44900000-44925000	TRUE	0.289340063834149	5.35117844622857	35.6349207216768	5.99026446688875e-05	0.0155236594351187	TRUE	TRUE	weak_differential	up_in_mutant	#d73027
loop_14905	chr4	12525000	12550000	chr4	14425000	14450000	chr4:12525000-12550000_chr4:14425000-14450000	FALSE	-0.411381701206632	4.54028081384484	28.1267751690937	0.000174912207182486	0.0269386986512202	TRUE	TRUE	weak_differential	down_in_mutant	#4575b4
loop_14984	chr4	89275000	89300000	chr4	114900000	114925000	chr4:89275000-89300000_chr4:114900000-114925000	FALSE	-0.531289746671208	2.12952925549751	22.9940317619955	0.000413075726507504	0.0388828366597266	TRUE	TRUE	moderate_differential	down_in_mutant	#4575b4
loop_14987	chr4	89300000	89325000	chr4	109975000	110000000	chr4:89300000-89325000_chr4:109975000-110000000	FALSE	-0.778781102749481	1.94316244986862	36.3014430719034	5.49364284174218e-05	0.014939203019758	TRUE	TRUE	moderate_differential	down_in_mutant	#4575b4
loop_15438	chr5	35375000	35400000	chr5	37825000	37850000	chr5:35375000-35400000_chr5:37825000-37850000	FALSE	-0.480087621550953	1.86667197751762	25.2347526224495	0.000279616113402816	0.0335395533510772	TRUE	TRUE	weak_differential	down_in_mutant	#4575b4
loop_15657	chr6	111050000	111075000	chr6	111850000	111875000	chr6:111050000-111075000_chr6:111850000-111875000	FALSE	-0.280996907728644	5.38120898181622	31.6105282209392	0.000103908938714719	0.0203861789965565	TRUE	TRUE	weak_differential	down_in_mutant	#4575b4
loop_15744	chr6	111050000	111075000	chr6	111725000	111750000	chr6:111050000-111075000_chr6:111725000-111750000	FALSE	-0.251191316950455	5.1261713199867	28.1909137221037	0.000173171232471513	0.0269386986512202	TRUE	TRUE	weak_differential	down_in_mutant	#4575b4
loop_16414	chr7	131550000	131575000	chr7	137300000	137325000	chr7:131550000-131575000_chr7:137300000-137325000	FALSE	-1.3440356291333	1.43943516844356	92.1303260062131	4.7238451876359e-07	0.00141654620476664	TRUE	TRUE	strong_differential	down_in_mutant	#4575b4
loop_16568	chr10	45675000	45700000	chr10	45900000	45925000	chr10:45675000-45700000_chr10:45900000-45925000	FALSE	-0.231880763270201	6.15095714178851	21.2790153921056	0.000566958747729666	0.0442260505233012	TRUE	TRUE	weak_differential	down_in_mutant	#4575b4
loop_16810	chr10	45375000	45400000	chr10	45900000	45925000	chr10:45375000-45400000_chr10:45900000-45925000	FALSE	-0.283046431975949	4.40092222531687	25.4169685021717	0.000271165081292939	0.0329018856729484	TRUE	TRUE	weak_differential	down_in_mutant	#4575b4
loop_16829	chr10	108450000	108475000	chr10	109475000	109500000	chr10:108450000-108475000_chr10:109475000-109500000	FALSE	-0.342741506092882	4.35377835767094	28.9920214157033	0.000153042128664249	0.0250977134593066	TRUE	TRUE	weak_differential	down_in_mutant	#4575b4
loop_16876	chr10	42575000	42600000	chr10	45475000	45500000	chr10:42575000-42600000_chr10:45475000-45500000	TRUE	-0.483608648119434	2.61146726792413	25.701559216163	0.000258574200238487	0.0327366926662672	TRUE	TRUE	weak_differential	down_in_mutant	#4575b4
loop_16908	chr8	25775000	25800000	chr8	26150000	26175000	chr8:25775000-25800000_chr8:26150000-26175000	TRUE	-0.235702149392866	5.49725468911516	21.5366898550169	0.000540033516100464	0.0437218851519947	TRUE	TRUE	weak_differential	down_in_mutant	#4575b4
loop_16921	chr8	40575000	40600000	chr8	40875000	40900000	chr8:40575000-40600000_chr8:40875000-40900000	TRUE	0.221850957649282	6.13646457974479	21.4253472638157	0.0005514809153604	0.0441837247875197	TRUE	TRUE	weak_differential	up_in_mutant	#d73027
loop_16922	chr8	40600000	40625000	chr8	41025000	41050000	chr8:40600000-40625000_chr8:41025000-41050000	TRUE	0.278118142863503	5.35638685068591	31.7184234753658	0.000102317224772873	0.0203861789965565	TRUE	TRUE	weak_differential	up_in_mutant	#d73027
loop_16948	chr8	71125000	71150000	chr8	72000000	72025000	chr8:71125000-71150000_chr8:72000000-72025000	TRUE	0.293599237728387	4.55755056010415	25.5100344938914	0.000266968709540433	0.0329018856729484	TRUE	TRUE	weak_differential	up_in_mutant	#d73027
loop_16953	chr8	41825000	41850000	chr8	42200000	42225000	chr8:41825000-41850000_chr8:42200000-42225000	FALSE	0.352425746308202	5.82370223167135	23.6791893283573	0.000365616361826498	0.0374585148991231	TRUE	TRUE	weak_differential	up_in_mutant	#d73027
loop_16957	chr8	37125000	37150000	chr8	39025000	39050000	chr8:37125000-37150000_chr8:39025000-39050000	FALSE	0.326162073114353	4.95490489784771	30.603217856369	0.000120248292664024	0.0223169101301851	TRUE	TRUE	weak_differential	up_in_mutant	#d73027
loop_16964	chr8	57325000	57350000	chr8	108700000	108725000	chr8:57325000-57350000_chr8:108700000-108725000	TRUE	-1.2421109892696	1.2184767545077	88.2994407187758	5.95220451058947e-07	0.00156178406102229	TRUE	TRUE	strong_differential	down_in_mutant	#4575b4
loop_16965	chr8	57325000	57350000	chr8	109225000	109250000	chr8:57325000-57350000_chr8:109225000-109250000	TRUE	-0.764486538408847	1.12027480006459	23.9201966845439	0.000350492592524918	0.0373532799028656	TRUE	TRUE	moderate_differential	down_in_mutant	#4575b4
loop_17009	chr14	73750000	73775000	chr14	74600000	74625000	chr14:73750000-73775000_chr14:74600000-74625000	FALSE	0.210740016885548	5.60356742106618	20.321182325705	0.000681758244609572	0.0490095455910943	TRUE	TRUE	weak_differential	up_in_mutant	#d73027
loop_17042	chr14	31025000	31050000	chr14	32175000	32200000	chr14:31025000-31050000_chr14:32175000-32200000	FALSE	0.321145248701702	3.70918452694885	21.3115069875805	0.000563479784301841	0.0442260505233012	TRUE	TRUE	weak_differential	up_in_mutant	#d73027
loop_17043	chr14	24450000	24475000	chr14	26600000	26625000	chr14:24450000-24475000_chr14:26600000-26625000	FALSE	0.461761142315261	2.56873698659122	23.1347811938435	0.000402766077821946	0.0388828366597266	TRUE	TRUE	weak_differential	up_in_mutant	#d73027
loop_17074	chr9	41575000	41600000	chr9	41925000	41950000	chr9:41575000-41600000_chr9:41925000-41950000	FALSE	0.216869990956452	5.96979309882287	20.5886147402172	0.00064717845208369	0.0476663960971535	TRUE	TRUE	weak_differential	up_in_mutant	#d73027
loop_17125	chr9	40850000	40875000	chr9	41575000	41600000	chr9:40850000-40875000_chr9:41575000-41600000	TRUE	-0.393898176418541	4.38893100521047	29.16660369939	0.000149025163630522	0.0246313953525062	TRUE	TRUE	weak_differential	down_in_mutant	#4575b4
loop_17329	chr13	96725000	96750000	chr13	97100000	97125000	chr13:96725000-96750000_chr13:97100000-97125000	FALSE	0.244756230139371	5.65946178280924	22.6419385707405	0.000440219672083922	0.0400028187736519	TRUE	TRUE	weak_differential	up_in_mutant	#d73027
loop_17449	chr12	56675000	56700000	chr12	57175000	57200000	chr12:56675000-56700000_chr12:57175000-57200000	FALSE	0.322179748582265	4.89509954879283	23.4724873617169	0.000379227468380557	0.0384558637138951	TRUE	TRUE	weak_differential	up_in_mutant	#d73027
loop_17473	chr12	56675000	56700000	chr12	72925000	72950000	chr12:56675000-56700000_chr12:72925000-72950000	TRUE	-0.516745096217743	1.51659970959696	22.570339298434	0.000446013243342809	0.0402901947654402	TRUE	TRUE	moderate_differential	down_in_mutant	#4575b4
loop_18042	chr19	59175000	59200000	chr19	59450000	59475000	chr19:59175000-59200000_chr19:59450000-59475000	TRUE	-0.396711155978786	4.47809069780905	40.7642623619214	3.16907501763918e-05	0.0130435399402478	TRUE	TRUE	weak_differential	down_in_mutant	#4575b4
loop_18175	chr2	146625000	146650000	chr2	146950000	146975000	chr2:146625000-146650000_chr2:146950000-146975000	FALSE	0.21802390106845	5.48668853403582	21.792498948361	0.000514766474475886	0.0428788216893782	TRUE	TRUE	weak_differential	up_in_mutant	#d73027
loop_18419	chr3	66975000	67000000	chr3	96325000	96350000	chr3:66975000-67000000_chr3:96325000-96350000	TRUE	-0.78424084231532	2.34491309540652	61.1774844598505	4.17016858658552e-06	0.00433721735413281	TRUE	TRUE	moderate_differential	down_in_mutant	#4575b4
loop_18507	chr4	82500000	82525000	chr4	82700000	82725000	chr4:82500000-82525000_chr4:82700000-82725000	TRUE	-0.32964544342128	4.43329961057692	25.6302979214717	0.000261657627777443	0.0327366926662672	TRUE	TRUE	weak_differential	down_in_mutant	#4575b4
loop_18547	chr4	89275000	89300000	chr4	109975000	110000000	chr4:89275000-89300000_chr4:109975000-110000000	FALSE	-0.792380989585652	1.91096316757412	37.8408092409273	4.51851879021155e-05	0.0141657350120946	TRUE	TRUE	moderate_differential	down_in_mutant	#4575b4
loop_18550	chr4	44700000	44725000	chr4	46325000	46350000	chr4:44700000-44725000_chr4:46325000-46350000	FALSE	-0.496167443089997	2.41550695501947	33.7262693130892	7.73061990213319e-05	0.0182329710523233	TRUE	TRUE	weak_differential	down_in_mutant	#4575b4
loop_18556	chr4	44700000	44725000	chr4	89275000	89300000	chr4:44700000-44725000_chr4:89275000-89300000	TRUE	-1.08336338366207	0.409281716376214	39.4122604075019	3.72605717327721e-05	0.0139417069502811	TRUE	TRUE	strong_differential	down_in_mutant	#4575b4
loop_19018	chr10	87650000	87675000	chr10	88100000	88125000	chr10:87650000-87675000_chr10:88100000-88125000	TRUE	0.254342748333118	5.83784540210409	26.3824581788786	0.000231099673452728	0.0319145608253041	TRUE	TRUE	weak_differential	up_in_mutant	#d73027
loop_19055	chr10	42575000	42600000	chr10	50875000	50900000	chr10:42575000-42600000_chr10:50875000-50900000	TRUE	-0.743509348991424	1.85024478766216	60.1649320215624	4.54569967085521e-06	0.00433721735413281	TRUE	TRUE	moderate_differential	down_in_mutant	#4575b4
loop_19056	chr10	22800000	22825000	chr10	103025000	103050000	chr10:22800000-22825000_chr10:103025000-103050000	FALSE	-0.586547699769725	1.82462833944161	24.412413648599	0.000321732624970753	0.0359228166529845	TRUE	TRUE	moderate_differential	down_in_mutant	#4575b4
loop_19064	chr8	68800000	68825000	chr8	69000000	69025000	chr8:68800000-68825000_chr8:69000000-69025000	TRUE	0.264427826237585	6.55727808662489	22.6634026099711	0.000438505711070578	0.0400028187736519	TRUE	TRUE	weak_differential	up_in_mutant	#d73027
loop_19065	chr8	40175000	40200000	chr8	40400000	40425000	chr8:40175000-40200000_chr8:40400000-40425000	FALSE	0.279265461621739	6.526420067712	22.2202278796772	0.000475531144870064	0.0417651642760147	TRUE	TRUE	weak_differential	up_in_mutant	#d73027
loop_19071	chr8	33375000	33400000	chr8	33575000	33600000	chr8:33375000-33400000_chr8:33575000-33600000	TRUE	0.238572605774813	6.31749837860189	23.7673445668448	0.000359985210087671	0.0374081660641104	TRUE	TRUE	weak_differential	up_in_mutant	#d73027
loop_19086	chr8	40575000	40600000	chr8	41225000	41250000	chr8:40575000-40600000_chr8:41225000-41250000	TRUE	0.270701564071613	5.28920595646545	31.8803657027606	9.99811663250366e-05	0.0203861789965565	TRUE	TRUE	weak_differential	up_in_mutant	#d73027
loop_19094	chr8	4850000	4875000	chr8	9150000	9175000	chr8:4850000-4875000_chr8:9150000-9175000	FALSE	-0.386583701765412	3.23178446144697	24.8255225453994	0.00029970462074234	0.0347827822534805	TRUE	TRUE	weak_differential	down_in_mutant	#4575b4
loop_19095	chr8	57300000	57325000	chr8	108225000	108250000	chr8:57300000-57325000_chr8:108225000-108250000	TRUE	-0.699310689341671	1.206988030377	26.7164424829567	0.00021889584777929	0.0306322849382339	TRUE	TRUE	moderate_differential	down_in_mutant	#4575b4
loop_19113	chr14	73775000	73800000	chr14	74600000	74625000	chr14:73775000-73800000_chr14:74600000-74625000	FALSE	0.219568023467559	5.59375041237636	21.6799494607907	0.000525709651653085	0.0434455562907477	TRUE	TRUE	weak_differential	up_in_mutant	#d73027
loop_19406	chr17	15050000	15075000	chr17	15700000	15725000	chr17:15050000-15075000_chr17:15700000-15725000	TRUE	-0.36298208883314	4.28646285905358	29.2757266694175	0.000146576750201662	0.0244189885990721	TRUE	TRUE	weak_differential	down_in_mutant	#4575b4
loop_19460	chr1	19200000	19225000	chr1	20300000	20325000	chr1:19200000-19225000_chr1:20300000-20325000	FALSE	0.336348861610065	4.79676342411729	29.9482583825075	0.000132480646308422	0.0232482187122889	TRUE	TRUE	weak_differential	up_in_mutant	#d73027
loop_19513	chr19	43600000	43625000	chr19	44750000	44775000	chr19:43600000-43625000_chr19:44750000-44775000	FALSE	-0.347891210837679	4.39547529352291	38.7215735650303	4.05147026805367e-05	0.0139417069502811	TRUE	TRUE	weak_differential	down_in_mutant	#4575b4
loop_19761	chr5	65000000	65025000	chr5	65375000	65400000	chr5:65000000-65025000_chr5:65375000-65400000	TRUE	0.289907650629149	5.1378832844076	32.9353568619695	8.61965122865381e-05	0.019455386982868	TRUE	TRUE	weak_differential	up_in_mutant	#d73027
loop_19886	chr7	56925000	56950000	chr7	57375000	57400000	chr7:56925000-56950000_chr7:57375000-57400000	FALSE	0.344438072903789	5.21279169552927	23.9028398761554	0.000351526041226968	0.0373532799028656	TRUE	TRUE	weak_differential	up_in_mutant	#d73027
loop_19960	chr8	79025000	79050000	chr8	79375000	79400000	chr8:79025000-79050000_chr8:79375000-79400000	FALSE	-0.307621402787011	4.84225846820378	34.5500077332071	6.91559760161893e-05	0.0168796871227422	TRUE	TRUE	weak_differential	down_in_mutant	#4575b4
loop_19961	chr8	40575000	40600000	chr8	40925000	40950000	chr8:40575000-40600000_chr8:40925000-40950000	TRUE	0.238451093307856	6.08305567231993	25.428646250778	0.000270634139061347	0.0329018856729484	TRUE	TRUE	weak_differential	up_in_mutant	#d73027
loop_19964	chr8	35500000	35525000	chr8	35825000	35850000	chr8:35500000-35525000_chr8:35825000-35850000	TRUE	0.301777018801198	5.54851534994461	38.7922803712091	4.01649084857151e-05	0.0139417069502811	TRUE	TRUE	weak_differential	up_in_mutant	#d73027
loop_19966	chr8	40575000	40600000	chr8	41025000	41050000	chr8:40575000-40600000_chr8:41025000-41050000	TRUE	0.301266783171522	5.4286559628308	35.6473834287749	5.980504921252e-05	0.0155236594351187	TRUE	TRUE	weak_differential	up_in_mutant	#d73027
loop_19978	chr8	71125000	71150000	chr8	72050000	72075000	chr8:71125000-71150000_chr8:72050000-72075000	TRUE	0.322696976619866	4.69298993790398	31.5451062558469	0.000104888158335863	0.0203861789965565	TRUE	TRUE	weak_differential	up_in_mutant	#d73027
loop_20005	chr14	95950000	95975000	chr14	96475000	96500000	chr14:95950000-95975000_chr14:96475000-96500000	TRUE	0.424925101425325	4.84737447936928	54.7453907339846	7.36977659029163e-06	0.00618795921627247	TRUE	TRUE	weak_differential	up_in_mutant	#d73027
loop_20079	chr11	85450000	85475000	chr11	86150000	86175000	chr11:85450000-85475000_chr11:86150000-86175000	FALSE	0.260055568746886	5.72803004639116	20.4830632901657	0.000660576461110863	0.0483722620915744	TRUE	TRUE	weak_differential	up_in_mutant	#d73027
loop_20118	chr13	17100000	17125000	chr13	17425000	17450000	chr13:17100000-17125000_chr13:17425000-17450000	TRUE	0.310428267748199	5.92654072632854	24.129745002828	0.000337873034247424	0.0369390253223316	TRUE	TRUE	weak_differential	up_in_mutant	#d73027
loop_20283	chr1	138125000	138150000	chr1	138825000	138850000	chr1:138125000-138150000_chr1:138825000-138850000	TRUE	0.303057036407398	4.73289823910612	31.9256093385281	9.93396901232928e-05	0.0203861789965565	TRUE	TRUE	weak_differential	up_in_mutant	#d73027
loop_20287	chr1	107125000	107150000	chr1	107550000	107575000	chr1:107125000-107150000_chr1:107550000-107575000	TRUE	0.349254024961772	4.94540434603995	27.1842998182747	0.000202999702943341	0.0295775368310501	TRUE	TRUE	weak_differential	up_in_mutant	#d73027
loop_20323	chr18	40250000	40275000	chr18	40625000	40650000	chr18:40250000-40275000_chr18:40625000-40650000	TRUE	0.267424996750539	5.07917129148876	22.767310613298	0.000430317860394277	0.0396175535418258	TRUE	TRUE	weak_differential	up_in_mutant	#d73027
loop_20331	chr18	30300000	30325000	chr18	32075000	32100000	chr18:30300000-30325000_chr18:32075000-32100000	FALSE	0.454293877151007	3.46929845494697	45.3923864851386	1.87950049798034e-05	0.0103779633160752	TRUE	TRUE	weak_differential	up_in_mutant	#d73027
loop_20543	chr5	32900000	32925000	chr5	34825000	34850000	chr5:32900000-32925000_chr5:34825000-34850000	TRUE	0.392626232735604	3.83036195037893	30.0316050774254	0.000130846375506693	0.0232482187122889	TRUE	TRUE	weak_differential	up_in_mutant	#d73027
loop_20716	chr9	44800000	44825000	chr9	45875000	45900000	chr9:44800000-44825000_chr9:45875000-45900000	FALSE	0.28036802188527	4.53538984479805	24.2666715854438	0.000329933419271476	0.0362598555179453	TRUE	TRUE	weak_differential	up_in_mutant	#d73027
loop_20740	chr13	96725000	96750000	chr13	97075000	97100000	chr13:96725000-96750000_chr13:97075000-97100000	FALSE	0.227455543646575	5.74861510171114	23.0593710378165	0.000408240750169997	0.0388828366597266	TRUE	TRUE	weak_differential	up_in_mutant	#d73027
loop_20894	chr3	75200000	75225000	chr3	75500000	75525000	chr3:75200000-75225000_chr3:75500000-75525000	FALSE	0.258935719590477	5.24208132174195	27.1228245792915	0.000205007454958564	0.0295775368310501	TRUE	TRUE	weak_differential	up_in_mutant	#d73027
loop_20941	chr5	110700000	110725000	chr5	144775000	144800000	chr5:110700000-110725000_chr5:144775000-144800000	TRUE	0.531699981651529	2.31200722764888	31.6337309250341	0.00010356811942048	0.0203861789965565	TRUE	TRUE	moderate_differential	up_in_mutant	#d73027
loop_20972	chr7	129775000	129800000	chr7	130250000	130275000	chr7:129775000-129800000_chr7:130250000-130275000	FALSE	0.252863847637559	5.18471651606263	20.8667319161455	0.000613366555327149	0.0459008838985966	TRUE	TRUE	weak_differential	up_in_mutant	#d73027
